,mae,mae_main_etf,r2_score,r2_score_main_etf,chisquare_normal,chisquare_normal_main_etf,n_days_error_bt_mae,n_days_error_bt_main_etf_mae,mean_abs_diff_when_bt_mae,mean_abs_diff_when_bt_main_etf_mae,stock_std,mean,lower_sigma,upper_sigma,lower_two_sigma,upper_two_sigma,r2_score_full,r2_score_main_etf_full
AR,0.6323231359230341,0.7336984766982781,0.7370889526877205,0.655418542668686,True,True,80,86,1.1832255803931817,1.3584899746134753,2.3558243203958336,0.28826631182044665,-2.067558008575387,2.64409063221628,-4.42338232897122,4.999914952612114,0.6420541851507777,0.6192260119965718
SWN,0.6235837881127589,0.670479264371218,0.6386191070102998,0.5927721972277034,True,True,86,86,1.125793498006084,1.2251997531527046,2.0436637627755876,0.1289845720570328,-1.9146791907185547,2.1726483348326204,-3.9583429534941423,4.216312097608208,0.6828105465015666,0.5851220343744103
DVN,0.43655246804217773,0.4237719304552186,0.8402045130239002,0.8444802702244305,True,True,77,80,0.8402757350710975,0.811892851548393,2.602625917460356,0.1149759792471445,-2.4876499382132113,2.7176018967075004,-5.090275855673568,5.320227814167856,0.8584129557241174,0.8561267860612884
EQT,0.5771409753686115,0.697169749403398,0.5743797205696795,0.46288214988906073,True,True,76,77,1.1526050447642566,1.3561804485941578,1.749271727869117,0.05846558670437307,-1.690806141164744,1.80773731457349,-3.440077869033861,3.557009042442607,0.6671353596393388,0.5604741314616566
EOG,0.4327155931738743,0.4142103238985743,0.8122855947237424,0.8214935992314346,True,True,81,82,0.8147525842224524,0.7951270726826953,2.2162591044565967,0.07238141505759457,-2.143877689399002,2.2886405195141912,-4.360136793855599,4.504899623970788,0.8048327603228134,0.8016672240381768
CNX,0.5414256545029459,0.6354374719969079,0.6570919268995201,0.578645905036743,True,True,85,77,0.992295538575207,1.2135273734189098,1.8096334031238466,0.046176588462162736,-1.7634568146616838,1.8558099915860093,-3.5730902177855306,3.6654433947098557,0.7530148585528781,0.6866950213817022
