,mae,mae_main_etf,r2_score,r2_score_main_etf,chisquare_normal,chisquare_normal_main_etf,n_days_error_bt_mae,n_days_error_bt_main_etf_mae,mean_abs_diff_when_bt_mae,mean_abs_diff_when_bt_main_etf_mae,stock_std,mean,lower_sigma,upper_sigma,lower_two_sigma,upper_two_sigma,r2_score_full,r2_score_main_etf_full
DVN,0.43655246804223585,0.4237719304552173,0.8402045130239056,0.8444802702244456,True,True,77,80,0.8402757350711041,0.8118928515483285,2.602625917460356,0.11497597924714449,-2.4876499382132113,2.7176018967075004,-5.090275855673568,5.320227814167856,0.858412955724118,0.8561267860612886
SWN,0.6235837881165536,0.6704792643712175,0.6386191070193954,0.5927721972277036,True,True,86,86,1.1257934979936608,1.225199753152704,2.0436637627755876,0.12898457205703276,-1.9146791907185547,2.1726483348326204,-3.9583429534941423,4.216312097608208,0.682810546501567,0.5851220343744099
CNX,0.5414256545030585,0.6354374719969361,0.6570919268994866,0.578645905036725,True,True,85,77,0.9922955385753512,1.2135273734189502,1.8096334031238468,0.04617658846216273,-1.763456814661684,1.8558099915860096,-3.573090217785531,3.665443394709856,0.7530148585528786,0.6866950213817029
AR,0.6323231359287139,0.7336984767049459,0.7370889526838056,0.6554185426630597,True,True,80,86,1.1832255804033314,1.3584899746263872,2.3558243203958336,0.28826631182044665,-2.067558008575387,2.64409063221628,-4.42338232897122,4.999914952612114,0.6420541851507794,0.6192260119965718
EQT,0.5771409753687183,0.6971697494034165,0.5743797205692909,0.46288214988904686,True,True,76,77,1.1526050447641742,1.356180448594184,1.7492717278691172,0.05846558670437307,-1.6908061411647441,1.8077373145734903,-3.4400778690338614,3.5570090424426075,0.6671353596393379,0.5604741314616561
EOG,0.4327155931738219,0.414210323898568,0.8122855947237743,0.8214935992314485,True,True,81,82,0.8147525842223243,0.795127072682685,2.2162591044565967,0.07238141505759457,-2.143877689399002,2.2886405195141912,-4.360136793855599,4.504899623970788,0.8048327603228141,0.8016672240381766
