,mae,mae_main_etf,r2_score,r2_score_main_etf,chisquare_normal,chisquare_normal_main_etf,n_days_error_bt_mae,n_days_error_bt_main_etf_mae,mean_abs_diff_when_bt_mae,mean_abs_diff_when_bt_main_etf_mae,stock_std,mean,lower_sigma,upper_sigma,lower_two_sigma,upper_two_sigma,r2_score_full,r2_score_main_etf_full
CNX,0.5272452209948979,0.6180809214115575,0.7471586081061856,0.6514884276287735,True,True,88,79,0.9224767747553418,1.1409419509606586,1.8072812305941723,0.04629533839217273,-1.7609858922019996,1.853576568986345,-3.568267122796172,3.6608577995805174,0.7514063740838405,0.6857543981812124
AR,0.6208328668971929,0.7265336066346472,0.7288938853846336,0.638443828859038,True,True,75,86,1.196358455282661,1.3405309166579047,2.345847447463843,0.2948616133384158,-2.0509858341254272,2.6407090608022585,-4.39683328158927,4.986556508266101,0.6369507993779817,0.6165612694774251
DVN,0.4367754393437658,0.4266751855553678,0.826008603901432,0.8302285399040599,True,True,76,79,0.839166662674173,0.8117808894652325,2.598870719707758,0.12860395793462603,-2.470266761773132,2.727474677642384,-5.06913748148089,5.326345397350142,0.8555204038327263,0.853065345939492
EOG,0.43416489577070116,0.4147108337148997,0.7907628990093688,0.8020144454575233,True,True,81,83,0.8132275624760148,0.7837188069468378,2.2120293422120096,0.06743304163311438,-2.144596300578895,2.2794623838451242,-4.356625642790905,4.491491726057133,0.8016882855035322,0.798482332910735
EQT,0.5788924003013272,0.7067331505922249,0.5807064833204002,0.44823387846614193,True,True,78,76,1.1252216827382104,1.3824442122436462,1.7461242750978925,0.06599100857345065,-1.6801332665244417,1.8121152836713432,-3.426257541622334,3.5582395587692357,0.6648532443782824,0.5585028717476346
