,mae,mae_main_etf,r2_score,r2_score_main_etf,chisquare_normal,chisquare_normal_main_etf,n_days_error_bt_mae,n_days_error_bt_main_etf_mae,mean_abs_diff_when_bt_mae,mean_abs_diff_when_bt_main_etf_mae,stock_std,mean,lower_sigma,upper_sigma,lower_two_sigma,upper_two_sigma,r2_score_full,r2_score_main_etf_full
AR,0.6256299367851297,0.7363581916049919,0.747792301455116,0.6613553919128885,True,True,78,86,1.19307893832004,1.3728318944432638,2.362606475277866,0.27857386110742244,-2.0840326141704435,2.6411803363852884,-4.446639089448309,5.003786811663154,0.6432483122298644,0.6210443742766011
CNX,0.5456058361221714,0.6454049149298645,0.6670692184178426,0.5796430703638427,True,True,83,76,1.0116139263328352,1.2490914170064307,1.808009366696102,0.048390170569305044,-1.7596191961267968,1.856399537265407,-3.567628562822899,3.6644089039615086,0.7556153984126137,0.6873783868376071
EOG,0.43640866605053036,0.4170463177366767,0.8109188812254712,0.8204641891150656,True,True,80,84,0.8282124252818915,0.7925371174743319,2.219778177625232,0.0720195883421946,-2.1477585892830375,2.2917977659674267,-4.36753676690827,4.511575943592659,0.8048394153422054,0.8016067412655578
DVN,0.4422887906069668,0.4301615863766531,0.8413405935305497,0.8453975701024293,True,True,79,79,0.8338105994521363,0.8210655029699829,2.6045541854862893,0.12254821525177317,-2.482005970234516,2.7271024007380626,-5.0865601557208056,5.3316565862243515,0.8574699458291848,0.8551247209896737
EQT,0.577976854698681,0.7086658864318125,0.5919823183410704,0.46823788011425493,True,True,78,78,1.1380769426631738,1.3809826396710265,1.7501107585340556,0.055820813861771415,-1.694289944672284,1.8059315723958271,-3.4444007032063397,3.5560423309298828,0.666773952179234,0.5608235044789959
SWN,0.6233555010690149,0.6866130168512752,0.6660004992307071,0.5900590261293005,True,True,85,86,1.124665977463324,1.2605854915487194,2.0465923722398074,0.12899627752889833,-1.917596094710909,2.175588649768706,-3.9641884669507164,4.222181022008513,0.6834937063075655,0.5856249081904568
