,mae,mae_main_etf,r2_score,r2_score_main_etf,chisquare_normal,chisquare_normal_main_etf,n_days_error_bt_mae,n_days_error_bt_main_etf_mae,mean_abs_diff_when_bt_mae,mean_abs_diff_when_bt_main_etf_mae,stock_std,mean,lower_sigma,upper_sigma,lower_two_sigma,upper_two_sigma,r2_score_full,r2_score_main_etf_full
EQT,0.5822023276197953,0.6990918497276295,0.5918508862785781,0.4785644493686081,True,True,78,76,1.1351358151117754,1.3691155093821998,1.7548694562780947,0.05774012203011687,-1.6971293342479778,1.8126095783082115,-3.4519987905260723,3.5674790345863063,0.6670336899478151,0.5633226517950556
CNX,0.5186924179857035,0.6145134698525211,0.7563841416253253,0.6609237651557893,True,True,88,78,0.9126289253747161,1.1404680819453592,1.8113685904580865,0.03906577654973906,-1.7723028139083474,1.8504343670078256,-3.583671404366434,3.661802957465912,0.753221547967984,0.6884193192929194
AR,0.6288278654696153,0.7323790391509888,0.7439176484336559,0.668380151553237,True,True,75,86,1.218611216545162,1.3523842019558872,2.362978887074984,0.2798200752279691,-2.083158811847015,2.6427989623029533,-4.446137698922,5.005777849377937,0.6410435634381872,0.6213742476268134
EOG,0.4302118592564421,0.41028278863147577,0.8035242013695991,0.8145563350495032,True,True,81,81,0.808121769230067,0.7873515697480188,2.2195560206978078,0.05793205699484614,-2.1616239637029615,2.277488077692654,-4.381179984400769,4.497044098390462,0.8035527520038983,0.8004109176687269
DVN,0.43753347062946146,0.4247218827780014,0.8358227197643253,0.8403848696896312,True,True,77,81,0.8341137559353868,0.8020590532536003,2.6086061533529783,0.11755744470352779,-2.4910487086494504,2.726163598056506,-5.099654862002429,5.3347697514094845,0.856931349400979,0.8545629636252461
