,mae,mae_main_etf,r2_score,r2_score_main_etf,chisquare_normal,chisquare_normal_main_etf,n_days_error_bt_mae,n_days_error_bt_main_etf_mae,mean_abs_diff_when_bt_mae,mean_abs_diff_when_bt_main_etf_mae,stock_std,mean,lower_sigma,upper_sigma,lower_two_sigma,upper_two_sigma,r2_score_full,r2_score_main_etf_full
DVN,0.43655246804227665,0.4237719304552176,0.8402045130239243,0.8444802702244432,True,True,77,80,0.8402757350710646,0.811892851548339,2.602625917460356,0.1149759792471445,-2.4876499382132113,2.7176018967075004,-5.090275855673568,5.320227814167856,0.8584129557241177,0.8561267860612891
CNX,0.5414256545030671,0.6354374719968658,0.6570919268994866,0.5786459050367698,True,True,85,77,0.9922955385753586,1.2135273734188492,1.8096334031238466,0.046176588462162715,-1.7634568146616838,1.8558099915860093,-3.5730902177855306,3.6654433947098557,0.753014858552877,0.686695021381702
EQT,0.5771409753742899,0.6971697494034508,0.5743797205658245,0.4628821498890211,True,True,76,77,1.152605044771292,1.356180448594232,1.7492717278691172,0.05846558670437308,-1.6908061411647441,1.8077373145734903,-3.4400778690338614,3.5570090424426075,0.6671353596393386,0.560474131461657
SWN,0.6235837881167309,0.6704792643712172,0.6386191070189025,0.592772197227704,True,True,86,86,1.1257934979943607,1.2251997531527028,2.0436637627755876,0.1289845720570328,-1.9146791907185547,2.1726483348326204,-3.9583429534941423,4.216312097608208,0.6828105465015667,0.5851220343744097
AR,0.6323231359285065,0.7336984766972807,0.7370889526839329,0.6554185426695276,True,True,80,86,1.1832255804031526,1.358489974611544,2.3558243203958336,0.28826631182044665,-2.067558008575387,2.64409063221628,-4.42338232897122,4.999914952612114,0.6420541851507802,0.6192260119965726
EOG,0.4327155931738647,0.41421032389857565,0.8122855947237455,0.8214935992314316,True,True,81,82,0.814752584222431,0.7951270726826976,2.2162591044565967,0.07238141505759457,-2.143877689399002,2.2886405195141912,-4.360136793855599,4.504899623970788,0.804832760322813,0.8016672240381766
