,mae,mae_main_etf,r2_score,r2_score_main_etf,chisquare_normal,chisquare_normal_main_etf,n_days_error_bt_mae,n_days_error_bt_main_etf_mae,mean_abs_diff_when_bt_mae,mean_abs_diff_when_bt_main_etf_mae,stock_std,mean,lower_sigma,upper_sigma,lower_two_sigma,upper_two_sigma,r2_score_full,r2_score_main_etf_full
SWN,0.6100719960605505,0.6839250213510903,0.646875504233956,0.5517747984767125,True,True,82,85,1.1095772243609876,1.2537771474725132,2.0454074471363874,0.1363879664749029,-1.9090194806614846,2.1817954136112903,-3.954426927797872,4.227202860747678,0.680369278488564,0.580539564874641
CNX,0.5237309251102287,0.6113499642487624,0.7407183548440065,0.6470909028734513,True,True,86,78,0.92202233159331,1.1270760532475965,1.8077151622466878,0.04521491344821133,-1.7625002487984764,1.8529300756948992,-3.5702154110451643,3.660645237941587,0.7504492249631218,0.6857576976421517
AR,0.6179160288651738,0.709015112656321,0.7183688766432766,0.637183425581686,True,True,73,83,1.2074948505774197,1.3282698057560134,2.351499419770658,0.30324934171522466,-2.048250078055433,2.6547487614858825,-4.399749497826091,5.00624818125654,0.6343425348195628,0.6170055423874641
EQT,0.5840248987534602,0.7075914609845015,0.5642431739064856,0.4256425164802574,True,True,77,75,1.139476998729282,1.3975286458553198,1.74581266361239,0.067307073405316,-1.678505590207074,1.8131197370177061,-3.424318253819464,3.558932400630096,0.6625894126965743,0.5576975420012386
EOG,0.42653662719131447,0.411532394503253,0.7946013932343728,0.8025294981475289,True,True,81,81,0.8035439254488468,0.7918096446204925,2.21831896738489,0.0692845952173177,-2.149034372167572,2.2876035626022078,-4.367353339552462,4.505922529987098,0.8017301932364473,0.7982604586177495
DVN,0.4333862778469911,0.42511466411973,0.8245079512182876,0.828025572406133,True,True,76,79,0.8315820831449209,0.8083026827616294,2.6045630284524104,0.132105078501523,-2.472457949950887,2.7366681069539336,-5.077020978403298,5.3412311354063435,0.8551437039852874,0.8526008186826649
