,mae,mae_main_etf,r2_score,r2_score_main_etf,chisquare_normal,chisquare_normal_main_etf,n_days_error_bt_mae,n_days_error_bt_main_etf_mae,mean_abs_diff_when_bt_mae,mean_abs_diff_when_bt_main_etf_mae,stock_std,mean,lower_sigma,upper_sigma,lower_two_sigma,upper_two_sigma,r2_score_full,r2_score_main_etf_full
CNX,0.5211081955958256,0.6132379655968587,0.743686810489187,0.6483382802299538,True,True,86,79,0.9226485640831833,1.125263718689227,1.8056235334971937,0.045227763162125456,-1.7603957703350683,1.8508512966593191,-3.566019303832262,3.656474830156513,0.7507533504081255,0.6852956021709747
EOG,0.4269372004362609,0.4109200935964087,0.7912022105122211,0.8001483065388674,True,True,81,81,0.8033147232713306,0.7880153771648142,2.214194530639103,0.06750234232287096,-2.1466921883162318,2.281696872961974,-4.360886718955335,4.495891403601076,0.8016676683904964,0.7982450672469755
DVN,0.43155012679909305,0.4230147368202263,0.822495112960751,0.8262113237658159,True,True,77,80,0.8262142151514447,0.8034211165419542,2.5993211420931384,0.1306209634642287,-2.4687001786289096,2.729942105557367,-5.068021320722048,5.3292632476505055,0.8551796965898701,0.8526370100339409
AR,0.6151659425512104,0.7192409144096323,0.7211406199752403,0.6318261021948319,True,True,73,85,1.208807589156949,1.3308587443838755,2.3440053177871616,0.2975913309411705,-2.046413986845991,2.641596648728332,-4.390419304633153,4.985601966515493,0.6351001235356943,0.6163599797500623
SWN,0.6102389768883302,0.6807670518489471,0.6493154780400274,0.5566505321137121,True,True,83,84,1.1044974978772328,1.2580598117372663,2.042344326905802,0.1349928904898481,-1.9073514364159538,2.17733721739565,-3.9496957633217558,4.219681544301452,0.6804234697918281,0.5805309279319243
EQT,0.5773922410079405,0.6994460637309732,0.5705703428040498,0.44016327597324323,True,True,77,75,1.1295589602104128,1.375465605276986,1.7441380075060728,0.06699001276801525,-1.6771479947380576,1.811128020274088,-3.4212860022441305,3.555266027780161,0.6631326736958052,0.5572851645761728
