,mae,mae_main_etf,r2_score,r2_score_main_etf,chisquare_normal,chisquare_normal_main_etf,n_days_error_bt_mae,n_days_error_bt_main_etf_mae,mean_abs_diff_when_bt_mae,mean_abs_diff_when_bt_main_etf_mae,stock_std,mean,lower_sigma,upper_sigma,lower_two_sigma,upper_two_sigma,r2_score_full,r2_score_main_etf_full
EQT,0.5788924003012759,0.7067331505922612,0.5807064833204316,0.44823387846611196,True,True,78,76,1.125221682738139,1.3824442122437055,1.7461242750978923,0.0659910085734507,-1.6801332665244415,1.812115283671343,-3.4262575416223338,3.5582395587692353,0.6648532443782817,0.5585028717476351
AR,0.6208328668942807,0.7265336066323291,0.7288938853859288,0.6384438288609837,True,True,75,86,1.1963584552805542,1.340530916653522,2.345847447463843,0.2948616133384158,-2.0509858341254272,2.6407090608022585,-4.39683328158927,4.986556508266101,0.6369507993779815,0.6165612694774244
CNX,0.5272452209948914,0.6180809214115378,0.7471586081061888,0.6514884276287906,True,True,88,79,0.9224767747553312,1.140941950960629,1.8072812305941721,0.046295338392172744,-1.7609858922019994,1.8535765689863448,-3.5682671227961715,3.660857799580517,0.7514063740838401,0.6857543981812131
DVN,0.43677543934375485,0.426675185555362,0.82600860390145,0.8302285399040669,True,True,76,79,0.8391666626741128,0.8117808894652053,2.5988707197077576,0.12860395793462603,-2.4702667617731318,2.7274746776423835,-5.069137481480889,5.326345397350141,0.8555204038327243,0.8530653459394917
EOG,0.4341648957706857,0.41471083371490464,0.7907628990094002,0.8020144454575198,True,True,81,83,0.8132275624759421,0.7837188069468404,2.2120293422120096,0.06743304163311437,-2.144596300578895,2.2794623838451242,-4.356625642790905,4.491491726057133,0.8016882855035309,0.7984823329107353
