,mae,mae_main_etf,r2_score,r2_score_main_etf,chisquare_normal,chisquare_normal_main_etf,n_days_error_bt_mae,n_days_error_bt_main_etf_mae,mean_abs_diff_when_bt_mae,mean_abs_diff_when_bt_main_etf_mae,stock_std,mean,lower_sigma,upper_sigma,lower_two_sigma,upper_two_sigma,r2_score_full,r2_score_main_etf_full
DVN,0.4405071666024699,0.4291944083214277,0.8415993690967283,0.8454744727946355,True,True,78,78,0.8370614988613173,0.8244102559744345,2.6070538463882365,0.11837549278378763,-2.488678353604449,2.725429339172024,-5.0957321999926855,5.33248318556026,0.8574489445277989,0.8550782158047663
EQT,0.577845683183581,0.7007013208778412,0.5942039326472359,0.4761316911180834,True,True,78,76,1.1304123105033106,1.3770532345627369,1.7521513101347272,0.05734548732406993,-1.6948058228106573,1.8094967974587972,-3.4469571329453847,3.5616481075935242,0.6678182224576403,0.5630278502423858
AR,0.6215020489663157,0.7242887731271398,0.7476495552097637,0.6726391962147744,True,True,76,88,1.1973022158357751,1.3285265493990173,2.3593983266646674,0.2836585406015656,-2.0757397860631017,2.643056867266233,-4.43513811272777,5.0024551939309,0.6418136060481089,0.621798756091274
CNX,0.5176704522214662,0.621368096962508,0.7605166302418318,0.6570485094624421,True,True,89,79,0.9118976617543602,1.1555228443931893,1.8127674813244674,0.04239132600102176,-1.7703761553234456,1.8551588073254892,-3.5831436366479132,3.6679262886499564,0.7535801677597731,0.6873489197588621
EOG,0.43329248251403857,0.4141118701939177,0.8108431518353205,0.8205154089671656,True,True,81,83,0.8172240572520134,0.7905533497507473,2.2205017815429446,0.06659972410264481,-2.1539020574403,2.2871015056455892,-4.374403838983245,4.507603287188534,0.8046667211293097,0.8014661797845453
