,mae,mae_main_etf,r2_score,r2_score_main_etf,shapiro_normal,pearson_normal,ks_normal,chisquare_normal,shapiro_normal_main_etf,pearson_normal_main_etf,ks_normal_main_etf,chisquare_normal_main_etf,n_days_error_bt_mae,n_days_error_bt_main_etf_mae,mean_abs_diff_when_bt_mae,mean_abs_diff_when_bt_main_etf_mae,stock_std,mean,lower_sigma,upper_sigma,lower_two_sigma,upper_two_sigma,r2_score_full,r2_score_main_etf_full
DVN,0.5013451224650595,0.4966930985750234,0.7384911330687621,0.727373071241807,False,False,False,True,False,False,False,True,60,64,1.120738981173512,1.0744460695523315,2.6288855307105368,0.12017036480441462,-2.508715165906122,2.7490558955149513,-5.1376006966166585,5.3779414262254885,0.8446702476970736,0.8402494131525835
SWN,0.6135819484413509,0.7190383070537109,0.6212694648176548,0.4579172011302848,False,False,False,True,False,False,False,True,77,75,1.1384580216359441,1.382401972152566,2.0563958888541056,0.1332322638590234,-1.9231636249950823,2.189628152713129,-3.9795595138491877,4.246024041567234,0.6786486347324606,0.5733548462950997
EOG,0.46489750070719454,0.452424744061245,0.7375034699254182,0.7265591271998821,False,False,False,True,False,False,False,True,78,75,0.8655072527425489,0.8824747151013393,2.2381798252374407,0.058135316960942734,-2.180044508276498,2.2963151421983836,-4.418224333513939,4.534494967435824,0.791762674523097,0.7864873978281692
CNX,0.5520704442424647,0.6489317280401545,0.6809399342691633,0.5451287413190853,False,False,False,True,False,False,False,True,81,75,1.0072206417888532,1.2198120117047595,1.8112481466547106,0.02812680208487993,-1.7831213445698306,1.8393749487395905,-3.5943694912245414,3.650623095394301,0.7406695414231901,0.6689217824538596
AR,0.643109927293056,0.7346101341053473,0.6701483920044073,0.555393337248737,False,False,False,True,False,False,False,True,72,75,1.2934499294893624,1.4637256314644325,2.367886844630894,0.2843454251697049,-2.083541419461189,2.652232269800599,-4.451428264092083,5.020119114431493,0.6272169640993479,0.6065813901714747
EQT,0.5601273878082093,0.7013940465598448,0.5670944929183931,0.3841710261482272,False,False,False,True,False,False,False,True,75,72,1.0710337688082858,1.3945535742546207,1.7439844029018217,0.048969642608443074,-1.6950147602933785,1.7929540455102648,-3.4389991631952004,3.5369384484120863,0.6580677312732316,0.5498229113152626
