,mae,mae_main_etf,r2_score,r2_score_main_etf,chisquare_normal,chisquare_normal_main_etf,n_days_error_bt_mae,n_days_error_bt_main_etf_mae,mean_abs_diff_when_bt_mae,mean_abs_diff_when_bt_main_etf_mae,stock_std,mean,lower_sigma,upper_sigma,lower_two_sigma,upper_two_sigma,r2_score_full,r2_score_main_etf_full
AR,0.6165869673445828,0.7124491640291927,0.7180781769330861,0.6351577194983001,True,True,73,84,1.206788088991752,1.3212413711402942,2.349882967703346,0.304068515630497,-2.045814452072849,2.653951483333843,-4.395697419776194,5.003834451037189,0.6343594650040625,0.6168935795864965
EQT,0.5779680211554378,0.7036176923878574,0.5684384808489895,0.4314561834564069,True,True,78,75,1.1223204216530664,1.3858339588902762,1.7450354617940154,0.06884909954963477,-1.6761863622443807,1.81388456134365,-3.421221824038396,3.5589200231376656,0.6627721016720831,0.5574179558409487
SWN,0.6120841340083524,0.6815798601757285,0.6458225705908406,0.5534920025885788,True,True,83,84,1.105461784498635,1.2573445610757992,2.044007069355028,0.13699568757453381,-1.9070113817804943,2.181002756929562,-3.951018451135522,4.22500982628459,0.6802465558640747,0.5804966265706075
CNX,0.5216354566974059,0.6112549806200792,0.7420001553563477,0.6478106318800676,True,True,85,78,0.9258933643940658,1.1267587747825782,1.8067807171122887,0.04658083983364806,-1.7601998772786407,1.8533615569459367,-3.5669805943909294,3.6601422740582255,0.7505386793369769,0.6855337612625685
EOG,0.42475701023590773,0.40903391607488554,0.7927870415142785,0.8013616441243643,True,True,81,81,0.8006973345253491,0.7868430368850907,2.216762517107051,0.06981864926858493,-2.1469438678384662,2.286581166375636,-4.363706384945517,4.503343683482687,0.8017135256715088,0.7982433283075475
DVN,0.4332750558175329,0.42417468880974246,0.8231394689950667,0.8268591554270555,True,True,76,79,0.8315185002400116,0.8082326647230255,2.602682478477209,0.13198128877712814,-2.470701189700081,2.7346637672543372,-5.07338366817729,5.337346245731546,0.8551428736881354,0.8525972394328786
