,mae,mae_main_etf,r2_score,r2_score_main_etf,chisquare_normal,chisquare_normal_main_etf,n_days_error_bt_mae,n_days_error_bt_main_etf_mae,mean_abs_diff_when_bt_mae,mean_abs_diff_when_bt_main_etf_mae,stock_std,mean,lower_sigma,upper_sigma,lower_two_sigma,upper_two_sigma,r2_score_full,r2_score_main_etf_full
EOG,0.43681411880337073,0.4175193278151626,0.8102953234025095,0.819833155080913,True,True,80,84,0.828212425281931,0.792537117474341,2.220571626440691,0.06981172399047858,-2.150759902450212,2.2903833504311697,-4.371331528890903,4.510954976871861,0.8047344783027524,0.8014981000322106
AR,0.6249201862288302,0.7342701820923263,0.7460717656247257,0.6599535850442323,True,True,77,85,1.198466634844419,1.3750383845265202,2.362244736313079,0.27485766734552486,-2.087387068967554,2.637102403658604,-4.449631805280633,4.9993471399716825,0.6427816882944666,0.6206437888597491
EQT,0.5732462332289133,0.7062987036978224,0.5971910684099748,0.47126696839037296,True,True,77,77,1.1321420916496807,1.383104360001286,1.7513415425253849,0.05589932414849684,-1.695442218376888,1.8072408666738817,-3.446783760902273,3.5585824091992664,0.667971880069623,0.5615849634491321
DVN,0.4416580331592032,0.4295459680669818,0.8412680583991046,0.8453130134562311,True,True,78,78,0.8370914835234615,0.8243801950215192,2.6056407558016144,0.12017716104366175,-2.4854635947579524,2.7258179168452763,-5.091104350559567,5.331458672646891,0.8574555633143502,0.8551093716157605
CNX,0.5146212248643766,0.6161826174672754,0.7647160665673552,0.6613058254860017,True,True,90,79,0.9000166615071082,1.1457947930008958,1.808009366696102,0.04839017056930504,-1.7596191961267968,1.856399537265407,-3.567628562822899,3.6644089039615086,0.7556153984126127,0.686845341672552
