,mae,mae_main_etf,r2_score,r2_score_main_etf,chisquare_normal,chisquare_normal_main_etf,n_days_error_bt_mae,n_days_error_bt_main_etf_mae,mean_abs_diff_when_bt_mae,mean_abs_diff_when_bt_main_etf_mae,stock_std,mean,lower_sigma,upper_sigma,lower_two_sigma,upper_two_sigma,r2_score_full,r2_score_main_etf_full
CNX,0.5409400672324762,0.6372606837583457,0.658504333108807,0.5787402203664211,True,True,83,76,1.0059189650147742,1.2259446547294872,1.8071497501230558,0.04983676445459343,-1.7573129856684624,1.8569865145776492,-3.564462735791518,3.664136264700705,0.7557247759845295,0.6873110802190305
EOG,0.4310464267264566,0.41190555911885895,0.8164150391201361,0.8249597070013703,True,True,81,83,0.8096554988757476,0.7848534451608711,2.218214240157731,0.07218278674492476,-2.146031453412806,2.290397026902656,-4.364245693570537,4.508611267060387,0.8048196069370742,0.8015784008818103
SWN,0.6243637787360149,0.6692150030176374,0.6429811319553151,0.5980699790643275,True,True,86,87,1.1210460833868163,1.2164796483957647,2.0451603299872727,0.12909336978581,-1.9160669602014626,2.174253699773083,-3.9612272901887353,4.2194140297603555,0.6830689061034432,0.5856129977201152
DVN,0.44029262519311657,0.4283749608298904,0.8408052341791135,0.8449762964974948,True,True,77,78,0.8435457840739865,0.8250238080916663,2.602740892698484,0.12303319934391808,-2.4797076933545656,2.725774092042402,-5.08244858605305,5.3285149847408855,0.8574726367914063,0.8551237700862212
EQT,0.5775531884794868,0.7029607128578724,0.5809991680218369,0.464815413975619,True,True,77,78,1.1442771738211475,1.3651836974662315,1.7501704024345135,0.05833600722912406,-1.6918343952053894,1.8085064096636376,-3.442004797639903,3.558676812098151,0.6670897724195962,0.560404147434935
AR,0.627993878123909,0.7331353718159738,0.7423270846542542,0.6592369337113829,True,True,79,86,1.1866659555157388,1.3647373703192864,2.3618714418633875,0.2811029318826022,-2.080768509980785,2.64297437374599,-4.442639951844173,5.004845815609377,0.6433833383333611,0.6206813971372473
