,mae,mae_main_etf,r2_score,r2_score_main_etf,chisquare_normal,chisquare_normal_main_etf,n_days_error_bt_mae,n_days_error_bt_main_etf_mae,mean_abs_diff_when_bt_mae,mean_abs_diff_when_bt_main_etf_mae,stock_std,mean,lower_sigma,upper_sigma,lower_two_sigma,upper_two_sigma,r2_score_full,r2_score_main_etf_full
SWN,0.6102020704322767,0.6835145696816097,0.6487960713015859,0.5544444114987692,True,True,83,85,1.1054617844986547,1.2555737649576055,2.0437346129206557,0.13436404923600412,-1.9093705636846516,2.17809866215666,-3.953105176605307,4.221833275077316,0.680592803583332,0.5805616216286424
DVN,0.42806431129401906,0.4184990888452572,0.8247986059315672,0.8284737137382242,True,True,77,81,0.8181045389148495,0.7918030416216539,2.600414011619286,0.1285161562125289,-2.471897855406757,2.728930167831815,-5.072311867026044,5.329344179451101,0.8553264682034684,0.8527731636949939
AR,0.6136703806772928,0.7118497676735137,0.7205281650643267,0.636994979258273,True,True,74,85,1.1963565884266931,1.312584144849517,2.344544942961978,0.2947713345558345,-2.0497736084061433,2.6393162775178123,-4.394318551368121,4.98386122047979,0.6351712794712374,0.6171859530341408
CNX,0.5229774369319983,0.6147010734960724,0.7428606946418591,0.6469865555147865,True,True,86,79,0.9227520204846842,1.1279369029248987,1.806671624229516,0.04410929343352061,-1.7625623307959954,1.8507809176630365,-3.569233955025511,3.6574525418925528,0.7506282352027398,0.6852705417769294
EQT,0.5788469194899653,0.7074794039723694,0.5710735075663473,0.43199547204663746,True,True,78,76,1.12314740193136,1.3850177477942334,1.745245063968154,0.06614948698342854,-1.6790955769847256,1.8113945509515825,-3.4243406409528796,3.5566396149197366,0.6631202790766493,0.5572406383018358
EOG,0.42664547687741017,0.41098275878373103,0.7929402835771044,0.801450289659832,True,True,81,81,0.802108595050621,0.7880244053161729,2.2157691768111647,0.06785325537651964,-2.1479159214346453,2.283622432187684,-4.36368509824581,4.499391608998849,0.801697658978914,0.7982334020101094
