,mae,mae_main_etf,r2_score,r2_score_main_etf,chisquare_normal,chisquare_normal_main_etf,n_days_error_bt_mae,n_days_error_bt_main_etf_mae,mean_abs_diff_when_bt_mae,mean_abs_diff_when_bt_main_etf_mae,stock_std,mean,lower_sigma,upper_sigma,lower_two_sigma,upper_two_sigma,r2_score_full,r2_score_main_etf_full
KLAC,0.4839842091447536,0.6498020207942372,0.5921496262940303,0.5021262950750675,False,True,73,75,1.0337074700449869,1.2767007875850571,1.4721596378793593,0.1164021763023012,-1.3557574615770582,1.5885618141816604,-2.8279170994564176,3.0607214520610198,0.8318435270573468,0.6633403088600345
LRCX,0.4016244168718762,0.6088510583883822,0.7753038207645027,0.5735413022544531,True,True,80,83,0.781639803551616,1.148636688463147,1.6767927526792885,0.1612901708410944,-1.5155025818381942,1.8380829235203828,-3.1922953345174827,3.5148756761996713,0.8721625112569039,0.6970324854351769
AMAT,0.49336807330579374,0.6189560306786341,0.7181003479988053,0.6217193495264268,True,True,70,71,1.0388513302115427,1.3236748620675314,1.6750026152644015,0.14254484403901585,-1.5324577712253857,1.8175474593034173,-3.207460386489787,3.492550074567819,0.8682797172371457,0.6962872226337539
TER,0.512927694934597,0.7266586746115851,0.5558387726920588,0.34739968248051434,False,False,59,70,1.3018492814292766,1.5928669750535736,1.5251692465392657,0.13610360895302506,-1.3890656375862407,1.6612728554922906,-2.914234884125506,3.1864421020315565,0.8504219047394588,0.6845333536488913
