,mae,mae_main_etf,r2_score,r2_score_main_etf,chisquare_normal,chisquare_normal_main_etf,n_days_error_bt_mae,n_days_error_bt_main_etf_mae,mean_abs_diff_when_bt_mae,mean_abs_diff_when_bt_main_etf_mae,stock_std,mean,lower_sigma,upper_sigma,lower_two_sigma,upper_two_sigma,r2_score_full,r2_score_main_etf_full
LRCX,0.39821220171420313,0.6074711368177845,0.7691145513833223,0.5645027129448564,True,True,78,85,0.8039178954056462,1.1515963070303565,1.671342311051317,0.16630098557621933,-1.5050413254750976,1.8376432966275364,-3.1763836365264146,3.5089856076788535,0.8717623608891897,0.6917286981491015
TER,0.47842710439187414,0.6881431562411935,0.6302165744434768,0.430483348576262,True,True,63,72,1.1409222590315782,1.473328888929382,1.5227027299309284,0.14251525989659586,-1.3801874700343326,1.6652179898275241,-2.902890199965261,3.1879207197584525,0.8495267526401935,0.6786300743202949
AMAT,0.4887214236945454,0.6249551700147853,0.7204123678427927,0.6173832173978906,True,True,70,74,1.03453736511886,1.3039290706526758,1.6763320681220415,0.1515781556516453,-1.5247539124703962,1.8279102237736868,-3.201085980592438,3.504242291895728,0.8684202968391898,0.6937767092131804
KLAC,0.47422051138867327,0.6508530380969686,0.5888252055872951,0.4862109015248547,False,True,70,77,1.0510334159573738,1.2772991017369935,1.4670639400152414,0.12285086471238049,-1.344213075302861,1.589914804727622,-2.8112770153181024,3.0569787447428634,0.8319368190781748,0.6582813613317415
