,mae,mae_main_etf,r2_score,r2_score_main_etf,shapiro_normal,pearson_normal,ks_normal,chisquare_normal,shapiro_normal_main_etf,pearson_normal_main_etf,ks_normal_main_etf,chisquare_normal_main_etf,n_days_error_bt_mae,n_days_error_bt_main_etf_mae,mean_abs_diff_when_bt_mae,mean_abs_diff_when_bt_main_etf_mae,stock_std,mean,lower_sigma,upper_sigma,lower_two_sigma,upper_two_sigma,r2_score_full,r2_score_main_etf_full
TER,0.5507453114795186,0.724480199145236,0.49538048043829086,0.3321240076337617,False,False,False,False,False,False,False,True,62,67,1.2988442752220641,1.5684510701057597,1.5469946975179267,0.15055816480334613,-1.3964365327145807,1.6975528623212728,-2.943431230232507,3.2445475598391997,0.8293351133358748,0.6832468372248897
KLAC,0.5172429366959449,0.6469046372926744,0.5181416118379844,0.5135712561683348,False,False,False,True,False,False,False,True,63,75,1.1627512721886641,1.2274937974162425,1.4855184058296609,0.1353713837560144,-1.3501470220736465,1.6208897895856753,-2.8356654279033076,3.106408195415336,0.8119544348965846,0.6576459798748017
AMAT,0.5116379475678797,0.6331912401070945,0.6340038386958955,0.604955789420587,False,False,False,True,False,False,False,True,64,72,1.1330689074017304,1.2960984029213583,1.6868321379298556,0.1611254640741874,-1.5257066738556682,1.8479576020040431,-3.212538811785524,3.5347897399338986,0.8518233187241113,0.6961603695714946
LRCX,0.46559706772210296,0.6636068114915589,0.6474071958835057,0.5246853854771312,False,False,False,True,False,False,False,True,70,77,0.9847493197763153,1.2494544037361912,1.697222352332504,0.18200067643512877,-1.5152216758973753,1.8792230287676328,-3.2124440282298794,3.576445381100137,0.8579431466190944,0.6983613748926873
