,mae,mae_main_etf,r2_score,r2_score_main_etf,chisquare_normal,chisquare_normal_main_etf,n_days_error_bt_mae,n_days_error_bt_main_etf_mae,mean_abs_diff_when_bt_mae,mean_abs_diff_when_bt_main_etf_mae,stock_std,mean,lower_sigma,upper_sigma,lower_two_sigma,upper_two_sigma,r2_score_full,r2_score_main_etf_full
KLAC,0.48548415898353114,0.660284596156641,0.5932407260104314,0.4927784002502268,False,True,69,75,1.0643404165674255,1.2967383548534528,1.4786799074806942,0.12025644518179585,-1.3584234622988984,1.59893635266249,-2.8371033697795927,3.0776162601431842,0.8324740078337061,0.6658982387433868
TER,0.5134348573449011,0.7453580807048472,0.5591001304579823,0.33196554775610987,False,False,59,71,1.2987273282962446,1.612903982181391,1.530840835127289,0.14084607418047196,-1.389994760946817,1.671686909307761,-2.9208355960741064,3.20252774443505,0.8512728612020151,0.6856153214685627
AMAT,0.47003485349995316,0.6088450802022404,0.7548523836898657,0.6307964275585086,True,True,74,73,0.9366762402248907,1.2614558957377922,1.679448176437849,0.1439401069713068,-1.5355080694665422,1.823388283409156,-3.2149562459043914,3.5028364598470048,0.8695981182415689,0.7006572055472143
LRCX,0.40309352467427123,0.6232823539917659,0.7776272606213427,0.5610924744736916,True,True,79,82,0.7853578962563144,1.1746811422800245,1.684015861003318,0.16371040538306927,-1.5203054556202487,1.8477262663863874,-3.2043213166235667,3.5317421273897054,0.8730043408568127,0.6999737539046047
