,mae,mae_main_etf,r2_score,r2_score_main_etf,chisquare_normal,chisquare_normal_main_etf,n_days_error_bt_mae,n_days_error_bt_main_etf_mae,mean_abs_diff_when_bt_mae,mean_abs_diff_when_bt_main_etf_mae,stock_std,mean,lower_sigma,upper_sigma,lower_two_sigma,upper_two_sigma,r2_score_full,r2_score_main_etf_full
AMAT,0.46951973659908475,0.6040849514541304,0.7550509725830954,0.6333363709350177,True,True,74,73,0.9362212417853355,1.2546041280790738,1.678451650923891,0.1429090855820634,-1.5355425653418275,1.8213607365059543,-3.2139942162657187,3.499812387429845,0.8696277682047321,0.7007516855986048
KLAC,0.48615784647549654,0.6556711462258599,0.592804148531213,0.4966501832281571,False,True,69,74,1.064715883338194,1.2961023379348628,1.4776165907322607,0.12006489920646772,-1.357551691525793,1.5976814899387284,-2.8351682822580537,3.075298080670989,0.8323767556567766,0.6657987503219117
LRCX,0.40290059786670623,0.6204224706235311,0.7771608896258329,0.5619854308806116,True,True,80,83,0.780449758578806,1.1645402561960945,1.6828522867013143,0.16322669968937215,-1.5196255870119422,1.8460789863906863,-3.2024778737132564,3.5289312730920006,0.8729588136831802,0.6999563182997358
TER,0.515334113049061,0.7414298149261969,0.5583986946407735,0.3347481974169547,False,False,59,70,1.2987664451226273,1.6183196083625728,1.5297235070310837,0.14074883825113424,-1.3889746687799496,1.6704723452822179,-2.9186981758110333,3.2001958523133016,0.8511211376488959,0.6854507305842821
