,mae,mae_main_etf,r2_score,r2_score_main_etf,chisquare_normal,chisquare_normal_main_etf,n_days_error_bt_mae,n_days_error_bt_main_etf_mae,mean_abs_diff_when_bt_mae,mean_abs_diff_when_bt_main_etf_mae,stock_std,mean,lower_sigma,upper_sigma,lower_two_sigma,upper_two_sigma,r2_score_full,r2_score_main_etf_full
TER,0.4938013851571381,0.706161579423307,0.6278900825503333,0.4175719668934891,True,True,63,73,1.1829397910749204,1.5090801455333793,1.5241256361648872,0.14161803368868767,-1.3825076024761995,1.6657436698535748,-2.9066332386410867,3.189869306018462,0.8490996220557174,0.679660580000094
LRCX,0.4036583940990128,0.6145209949124287,0.768707165408026,0.5564907357575378,True,True,80,85,0.7993343340672051,1.1653485697694175,1.6734199319462302,0.1658025835005982,-1.5076173484456319,1.8392225154468285,-3.181037280391862,3.5126424473930586,0.8714194172198859,0.6925624798211412
AMAT,0.49014424771697584,0.6288832569092366,0.7214891994353405,0.6172100804345931,True,True,70,75,1.0361760861624074,1.3010935718210839,1.6775070893126016,0.15034282239750413,-1.5271642669150975,1.8278499117101057,-3.204671356227699,3.5053570010227073,0.8681726592716222,0.6949874078862466
KLAC,0.47814124364281063,0.6560819483201645,0.5906311994006541,0.48571358570832235,False,True,73,76,1.0282648385667272,1.2946980294675923,1.4690021791249073,0.12257705546866389,-1.3464251236562434,1.591579234593571,-2.8154273027811505,3.0605814137184786,0.8314235157507867,0.6587864412976905
