,mae,mae_main_etf,r2_score,r2_score_main_etf,chisquare_normal,chisquare_normal_main_etf,n_days_error_bt_mae,n_days_error_bt_main_etf_mae,mean_abs_diff_when_bt_mae,mean_abs_diff_when_bt_main_etf_mae,stock_std,mean,lower_sigma,upper_sigma,lower_two_sigma,upper_two_sigma,r2_score_full,r2_score_main_etf_full
AMAT,0.4933680733134208,0.6189560306781776,0.7181003479933625,0.6217193495270849,True,True,70,71,1.0388513302267577,1.3236748620661862,1.6750026152644015,0.14254484403901582,-1.5324577712253857,1.8175474593034173,-3.207460386489787,3.492550074567819,0.8682797172371455,0.6962872226337538
TER,0.5129276949346243,0.726658674611587,0.5558387726920411,0.3473996824805129,False,False,59,70,1.3018492814293414,1.592866975053574,1.5251692465392657,0.13610360895302506,-1.3890656375862407,1.6612728554922906,-2.914234884125506,3.1864421020315565,0.8504219047394599,0.6845333536488915
KLAC,0.48398420914496454,0.6498020207942243,0.5921496262938706,0.5021262950750357,False,True,73,75,1.0337074700453952,1.276700787585155,1.4721596378793593,0.1164021763023012,-1.3557574615770582,1.5885618141816604,-2.8279170994564176,3.0607214520610198,0.8318435270573465,0.6633403088600336
LRCX,0.40162441687250783,0.6088510583870894,0.7753038207636114,0.57354130225586,True,True,80,83,0.7816398035541393,1.1486366884612698,1.6767927526792885,0.1612901708410944,-1.5155025818381942,1.8380829235203828,-3.1922953345174827,3.5148756761996713,0.8721625112569052,0.6970324854351769
