,mae,mae_main_etf,r2_score,r2_score_main_etf,chisquare_normal,chisquare_normal_main_etf,n_days_error_bt_mae,n_days_error_bt_main_etf_mae,mean_abs_diff_when_bt_mae,mean_abs_diff_when_bt_main_etf_mae,stock_std,mean,lower_sigma,upper_sigma,lower_two_sigma,upper_two_sigma,r2_score_full,r2_score_main_etf_full
AMAT,0.48872142368453636,0.6249551700147945,0.720412367850866,0.6173832173983989,True,True,70,74,1.0345373650953964,1.3039290706521685,1.6763320681220415,0.1515781556516453,-1.5247539124703962,1.8279102237736868,-3.201085980592438,3.504242291895728,0.8684202968391899,0.6937767092131804
KLAC,0.4742205113887948,0.6508530380966591,0.5888252055871999,0.4862109015249019,False,True,70,77,1.0510334159575967,1.2772991017370103,1.4670639400152414,0.12285086471238046,-1.344213075302861,1.589914804727622,-2.8112770153181024,3.0569787447428634,0.8319368190781748,0.6582813613317415
TER,0.47842710439182023,0.6881431562411938,0.6302165744435224,0.430483348576262,True,True,63,72,1.140922259031459,1.4733288889293823,1.5227027299309284,0.1425152598965959,-1.3801874700343324,1.6652179898275243,-2.902890199965261,3.1879207197584525,0.849526752640192,0.6786300743202947
LRCX,0.3982122017141267,0.6074711368210053,0.7691145513850561,0.5645027129410232,True,True,78,85,0.803917895400833,1.1515963070354513,1.671342311051317,0.1663009855762193,-1.5050413254750978,1.8376432966275362,-3.1763836365264146,3.5089856076788535,0.8717623608891896,0.6917286981491009
