,mae,mae_main_etf,r2_score,r2_score_main_etf,chisquare_normal,chisquare_normal_main_etf,n_days_error_bt_mae,n_days_error_bt_main_etf_mae,mean_abs_diff_when_bt_mae,mean_abs_diff_when_bt_main_etf_mae,stock_std,mean,lower_sigma,upper_sigma,lower_two_sigma,upper_two_sigma,r2_score_full,r2_score_main_etf_full
AMAT,0.4887214236904378,0.6249551700147904,0.7204123678461019,0.6173832173981688,True,True,70,74,1.0345373651092349,1.3039290706523983,1.6763320681220415,0.1515781556516453,-1.5247539124703962,1.8279102237736868,-3.201085980592438,3.504242291895728,0.8684202968391905,0.6937767092131802
TER,0.47842710439205655,0.6881431562411993,0.6302165744433217,0.4304833485762595,True,True,63,72,1.1409222590319847,1.4733288889293847,1.5227027299309284,0.14251525989659589,-1.3801874700343324,1.6652179898275243,-2.902890199965261,3.1879207197584525,0.849526752640194,0.6786300743202939
KLAC,0.4742205113888633,0.6508530380970441,0.5888252055871463,0.48621090152484314,False,True,70,77,1.051033415957722,1.27729910173699,1.4670639400152414,0.12285086471238046,-1.344213075302861,1.589914804727622,-2.8112770153181024,3.0569787447428634,0.831936819078176,0.6582813613317416
LRCX,0.3982122017141789,0.6074711368179434,0.7691145513844463,0.5645027129446674,True,True,78,85,0.8039178954025432,1.151596307030608,1.671342311051317,0.1663009855762193,-1.5050413254750978,1.8376432966275362,-3.1763836365264146,3.5089856076788535,0.8717623608891883,0.6917286981491018
