,mae,mae_main_etf,r2_score,r2_score_main_etf,chisquare_normal,chisquare_normal_main_etf,n_days_error_bt_mae,n_days_error_bt_main_etf_mae,mean_abs_diff_when_bt_mae,mean_abs_diff_when_bt_main_etf_mae,stock_std,mean,lower_sigma,upper_sigma,lower_two_sigma,upper_two_sigma,r2_score_full,r2_score_main_etf_full
AMAT,0.4683808440583593,0.6018735140959768,0.7551097752332401,0.6337671382470417,True,True,74,72,0.9355533903160849,1.2628123074334594,1.6772398392765706,0.14248441097585013,-1.5347554283007205,1.8197242502524207,-3.211995267577291,3.4969640895289915,0.8696111702131986,0.7008533918976498
LRCX,0.40120437329159453,0.6159683544105284,0.7775960345119,0.5643430066242494,True,True,80,84,0.7804364045780019,1.1551587832788544,1.681983209657879,0.16264574426066242,-1.5193374653972167,1.8446289539185414,-3.2013206750550958,3.5266121635764205,0.8729603065430095,0.7003669731294269
TER,0.5165048174532665,0.7415096139939724,0.5573961199229506,0.334009941605241,False,False,60,70,1.290186054367049,1.6195775679351385,1.5287877814157067,0.14151436764342815,-1.3872734137722786,1.6703021490591348,-2.9160611951879853,3.1990899304748415,0.8507717497745424,0.6851171334145503
KLAC,0.48798914107779134,0.6549872615395038,0.5925424332520983,0.49681040658937425,False,True,68,74,1.0732072598457445,1.2961024240157124,1.476784678163617,0.11857342189942001,-1.3582112562641968,1.595358100063037,-2.834995934427814,3.0721427782266537,0.832150506877905,0.665747529277677
