,mae,mae_main_etf,r2_score,r2_score_main_etf,chisquare_normal,chisquare_normal_main_etf,n_days_error_bt_mae,n_days_error_bt_main_etf_mae,mean_abs_diff_when_bt_mae,mean_abs_diff_when_bt_main_etf_mae,stock_std,mean,lower_sigma,upper_sigma,lower_two_sigma,upper_two_sigma,r2_score_full,r2_score_main_etf_full
TER,0.5206986192430846,0.7427387942547095,0.5540826652970289,0.3310908406162203,False,False,61,72,1.2846960123795919,1.5970833168366858,1.5277430880852876,0.14221391606424327,-1.3855291720210443,1.6699570041495309,-2.913272260106332,3.197700092234818,0.850142490060574,0.6844972681472548
KLAC,0.4885197305528398,0.654242985766805,0.5909881750450509,0.495614288293853,False,True,67,75,1.084916173606065,1.2875213013640174,1.4757541179383558,0.12025845876893296,-1.3554956591694227,1.5960125767072888,-2.8312497771077787,3.0717666946456443,0.832013933870974,0.6655978873410426
AMAT,0.4652041395904728,0.5968015165249981,0.7552870939522467,0.6354457172957125,True,True,74,74,0.9357823693964249,1.23869008076951,1.6769654386494237,0.1448708318683417,-1.5320946067810821,1.8218362705177653,-3.2090600454305056,3.4988017091671892,0.8697588323846925,0.7010892291126887
LRCX,0.4020869414956427,0.6145920258500622,0.7742637919599075,0.5617930595457041,True,True,80,84,0.7822729158685278,1.1489710556231907,1.6807522054866766,0.1642038623888222,-1.5165483430978544,1.8449560678754988,-3.197300548584531,3.5257082733621754,0.8726297219972539,0.6998902427463183
