,mae,mae_main_etf,r2_score,r2_score_main_etf,chisquare_normal,chisquare_normal_main_etf,n_days_error_bt_mae,n_days_error_bt_main_etf_mae,mean_abs_diff_when_bt_mae,mean_abs_diff_when_bt_main_etf_mae,stock_std,mean,lower_sigma,upper_sigma,lower_two_sigma,upper_two_sigma,r2_score_full,r2_score_main_etf_full
KLAC,0.4774824623089193,0.6548039848197855,0.5891403180211732,0.48475861434710565,False,True,72,75,1.0339382497907097,1.2995494151798421,1.4687476923746081,0.12025178538886915,-1.348495906985739,1.5889994777634773,-2.817243599360347,3.0577471701380854,0.8314746719856991,0.6587235739687601
LRCX,0.39986110784927326,0.6100937132058507,0.7714466976295238,0.560615969572728,True,True,80,84,0.7891126476709662,1.1605743079570108,1.6736828770475065,0.16372289203878024,-1.5099599850087262,1.8374057690862868,-3.183642862056233,3.511088646133793,0.8720596810702895,0.6934159074444888
TER,0.48981867728572465,0.701872272203243,0.6314372907030152,0.4226631789042754,True,True,63,72,1.1693131318933074,1.50742344433612,1.5247910521200245,0.14025317207911456,-1.38453788004091,1.665044224199139,-2.9093289321609346,3.1898352763191635,0.85029259193208,0.6813796793876357
AMAT,0.49106477902078094,0.6286055140578009,0.7189027346467995,0.6143790017651027,True,True,70,74,1.0361760861869735,1.309370539413709,1.6764422745069933,0.14706741136818752,-1.5293748631388058,1.823509685875181,-3.2058171376457993,3.499951960382174,0.8679249064437515,0.6943509997438628
