,mae,mae_main_etf,r2_score,r2_score_main_etf,chisquare_normal,chisquare_normal_main_etf,n_days_error_bt_mae,n_days_error_bt_main_etf_mae,mean_abs_diff_when_bt_mae,mean_abs_diff_when_bt_main_etf_mae,stock_std,mean,lower_sigma,upper_sigma,lower_two_sigma,upper_two_sigma,r2_score_full,r2_score_main_etf_full
TER,0.5181315140113051,0.7363948801287193,0.5520306546210187,0.3300059726371054,False,False,60,71,1.2971030317768768,1.6034163253146185,1.5253676491623742,0.14018475053040275,-1.3851828986319714,1.665552399692777,-2.9105505477943456,3.1909200488551512,0.850004147562533,0.6844511600433139
KLAC,0.48644659475079316,0.6552522148340152,0.5900450406080078,0.4931609955189359,False,True,70,74,1.0591232039282052,1.2950255596889453,1.4727205409155835,0.11958210030462772,-1.3531384406109557,1.5923026412202113,-2.8258589815265394,3.0650231821357945,0.8319403342852834,0.6629242573025503
AMAT,0.49012184966296335,0.6191298479213889,0.7166048069912078,0.6180034113217086,True,True,69,72,1.0427800195914947,1.314260349359977,1.6748347851075738,0.1465130346819724,-1.5283217504256013,1.8213478197895463,-3.203156535533175,3.49618260489712,0.8687350513693426,0.6983091592626214
LRCX,0.4035131873874516,0.6204678280735577,0.7727136319851046,0.5547895393336004,True,True,81,84,0.7803655874950394,1.1607091013377995,1.6774437193519907,0.1653435207625536,-1.5121001985894371,1.8427872401145442,-3.1895439179414278,3.520230959466535,0.8721109053436792,0.6971244712531725
