,mae,mae_main_etf,r2_score,r2_score_main_etf,chisquare_normal,chisquare_normal_main_etf,n_days_error_bt_mae,n_days_error_bt_main_etf_mae,mean_abs_diff_when_bt_mae,mean_abs_diff_when_bt_main_etf_mae,stock_std,mean,lower_sigma,upper_sigma,lower_two_sigma,upper_two_sigma,r2_score_full,r2_score_main_etf_full
LRCX,0.40240589527227894,0.6128024516743378,0.7682332895275157,0.5551659539040745,True,True,79,85,0.8026596708525445,1.1650582137687262,1.6722864766371708,0.1653403318089971,-1.5069461448281736,1.837626808446168,-3.1792326214653444,3.5099132850833388,0.8713911704026224,0.6948189407219933
TER,0.490586148879876,0.7026800725243717,0.6249975410113366,0.4119657041006686,True,True,63,72,1.1748255986703966,1.5156536076141378,1.5230444331867756,0.1414157222119896,-1.381628710974786,1.6644601553987652,-2.9046731441615616,3.187504588585541,0.8490341245300911,0.6808500892196507
AMAT,0.48740504776226196,0.6263215769481839,0.7197627171851607,0.6139669667674152,True,True,69,74,1.0388035975581178,1.3078698482218336,1.6763290785872853,0.150102788796913,-1.5262262897903722,1.8264318673841984,-3.2025553683776575,3.5027609459714837,0.8681110350344585,0.6962818229356915
KLAC,0.47636643583354743,0.6541147936721862,0.5878191238470709,0.4818656972878107,False,True,72,76,1.0353516060069567,1.294690748715782,1.4679922188863648,0.12221081140717434,-1.3457814074791905,1.590203030293539,-2.8137736263655553,3.058195249179904,0.8314167085162307,0.6590317254791266
