,mae,mae_main_etf,r2_score,r2_score_main_etf,shapiro_normal,pearson_normal,ks_normal,chisquare_normal,shapiro_normal_main_etf,pearson_normal_main_etf,ks_normal_main_etf,chisquare_normal_main_etf,n_days_error_bt_mae,n_days_error_bt_main_etf_mae,mean_abs_diff_when_bt_mae,mean_abs_diff_when_bt_main_etf_mae,stock_std,mean,lower_sigma,upper_sigma,lower_two_sigma,upper_two_sigma,r2_score_full,r2_score_main_etf_full
AMAT,0.5116255632459774,0.6332511668788581,0.6350368063844134,0.60629330616824,False,False,False,True,False,False,False,True,64,72,1.133481513661476,1.2961668606553736,1.6881051484365852,0.1610132356389618,-1.5270919127976235,1.849118384075547,-3.2151970612342087,3.537223532512132,0.8518281851961755,0.6962352528573673
KLIC,0.8757832430228857,0.9734931221322761,0.15613566337395146,0.1671069777174412,False,False,False,False,False,False,False,False,54,67,2.335144804795799,2.1029020668443166,1.476520495962692,0.10763257644094794,-1.368887919521744,1.5841530724036401,-2.845408415484436,3.060673568366332,0.7404523773935463,0.5835959708074103
KLAC,0.5136164539537382,0.6406847428960243,0.5208386078142362,0.5198514440520217,False,False,False,True,False,False,False,True,62,75,1.1657533442175854,1.2164677892898352,1.4858718487489664,0.13351498096865588,-1.3523568677803106,1.6193868297176222,-2.8382287165292768,3.1052586784665888,0.8125435218742949,0.6589259272808594
TER,0.5513995777084812,0.7293354680459415,0.49544386849426947,0.3294566420820009,False,False,False,False,False,False,False,True,63,68,1.2865570128789192,1.5604607708019,1.548161646706872,0.1507738959806762,-1.3973877507261958,1.698935542687548,-2.9455493974330675,3.2470971893944203,0.8294007036073896,0.6832476391464652
LRCX,0.4653173250955582,0.6638080162226527,0.6495135776628941,0.5273289675786104,False,False,False,True,False,False,False,True,70,78,0.9848044408988248,1.2422881867093536,1.6984967206411001,0.1819206505595962,-1.5165760700815039,1.8804173712006964,-3.215072790722604,3.5789140918417965,0.8579479174279812,0.6984378440846934
