,mae,mae_main_etf,r2_score,r2_score_main_etf,chisquare_normal,chisquare_normal_main_etf,n_days_error_bt_mae,n_days_error_bt_main_etf_mae,mean_abs_diff_when_bt_mae,mean_abs_diff_when_bt_main_etf_mae,stock_std,mean,lower_sigma,upper_sigma,lower_two_sigma,upper_two_sigma,r2_score_full,r2_score_main_etf_full
AMAT,0.49214758878236003,0.6232591636468,0.7191599905903416,0.6182492041922834,True,True,71,73,1.0307461039596926,1.310894345219537,1.6776219132089971,0.1473253857659066,-1.5302965274430904,1.8249472989749038,-3.2079184406520875,3.502569212183901,0.8680718314275238,0.6964904912091214
LRCX,0.39616930192287025,0.6038306738747388,0.7748964860938203,0.5692240660277491,True,True,79,83,0.7849102210680978,1.1532217179090598,1.6748115034947026,0.1632153244665177,-1.5115961790281849,1.8380268279612204,-3.1864076825228875,3.512838331455923,0.8727135265120713,0.6970751745147569
KLAC,0.47846719984028013,0.6503041805930149,0.5903811110882351,0.4927787889125639,False,True,72,76,1.0372390304991816,1.278404344672501,1.469699993644481,0.11962759901665376,-1.3500723946278272,1.5893275926611348,-2.819772388272308,3.059027586305616,0.832117598111503,0.6624972696839675
TER,0.4856270279847057,0.6972701014191741,0.6334236343087363,0.42767050866845846,True,True,63,72,1.16261444689753,1.4954035750612553,1.5258256652307713,0.1397397041992002,-1.3860859610315712,1.6655653694299715,-2.9119116262623423,3.191391034660743,0.8508203185900454,0.6844242814117538
