,mae,mae_main_etf,r2_score,r2_score_main_etf,shapiro_normal,pearson_normal,ks_normal,chisquare_normal,shapiro_normal_main_etf,pearson_normal_main_etf,ks_normal_main_etf,chisquare_normal_main_etf,n_days_error_bt_mae,n_days_error_bt_main_etf_mae,mean_abs_diff_when_bt_mae,mean_abs_diff_when_bt_main_etf_mae,stock_std,mean,lower_sigma,upper_sigma,lower_two_sigma,upper_two_sigma,r2_score_full,r2_score_main_etf_full
KLAC,0.5506739566902532,0.6828765180931264,0.4804522682328658,0.4732804845934552,False,False,False,False,False,False,False,True,58,72,1.3257739637032813,1.3403879815500197,1.4846404632511385,0.13710063581034432,-1.3475398274407941,1.621741099061483,-2.832180290691933,3.106381562312621,0.8116300111088275,0.6575837229072865
TER,0.5841918930845245,0.7575266931091235,0.46405874073282427,0.32415256882466825,False,False,False,False,False,False,False,False,59,67,1.4510968274050084,1.6603073828094852,1.5462781634610407,0.15202244474018134,-1.3942557187208595,1.698300608201222,-2.9405338821819003,3.2445787716622627,0.829365783508203,0.6832895017839953
AMAT,0.5160293614729798,0.6334045687346872,0.6329318453382777,0.6067613081030605,False,False,False,True,False,False,False,True,66,72,1.124403647215038,1.296040228413588,1.6849511123948155,0.1662748569343697,-1.5186762554604458,1.8512259693291853,-3.2036273678552614,3.536177081724001,0.8514366788317729,0.6965372441017752
LRCX,0.4580470462883845,0.6556443981796616,0.6558304391619594,0.5370033729862942,False,False,False,True,False,False,False,True,71,81,0.9619369091869012,1.2057026713639054,1.6948799556659504,0.18499160250885735,-1.509888353157093,1.8798715581748078,-3.2047683088230436,3.574751513840758,0.8581210943152092,0.6982973834128041
