,SOXL,QQQ,ASML
TER,0.9144622947326688,0.8945386751262197,0.825642414230162
LRCX,0.925271454736103,0.8914319382523079,0.8332444991381285
AMAT,0.9237255089877148,0.8962059382264637,0.83445326685964
KLAC,0.9008428734449546,0.8841404927228474,0.8124221695241353
