,AMAT,LRCX,TER,KLAC
AMAT,1,0.9353125341486405,0.788889467787341,0.8785680324220796
LRCX,0.9286403110366511,1,0.7962604770920253,0.8780716877939853
TER,0.8703490777548758,0.8623533784549893,1,0.8556215283339981
KLAC,0.8990632964359697,0.9039602426180819,0.7878865526695197,1
