,SOXL,QQQ,ASML
LRCX,0.9253324505621912,0.8915565637937553,0.8328501304796369
TER,0.914671809682293,0.8942640615341683,0.8251475323639973
AMAT,0.9238250587612525,0.8959437289799238,0.8338380205986399
KLAC,0.9009774760053819,0.8841144112663056,0.8121931041275324
