,AMAT,KLAC,LRCX,TER
AMAT,1,0.8785917129034816,0.9352792227797305,0.7890017425643644
KLAC,0.8990908570519222,1,0.9040593287581836,0.7881778933602775
LRCX,0.928616369046085,0.8781615077912857,1,0.79641073711298
TER,0.8705160955014302,0.8559675098959885,0.8625336243952988,1
