,SOXL,QQQ,ASML
KLAC,0.3239128364624006,1.2091665572437227,0.6397121455588763
TER,0.3448832596417342,1.2658271488125494,0.6443062990797794
AMAT,0.38031668629486676,1.4068768668110643,0.7503592676662839
LRCX,0.3822779742936696,1.3936046963650883,0.7392487232123746
