,SOXL,QQQ,ASML
AMAT,0.9103673350847602,0.8780333213471706,0.8348927441458633
KLIC,0.8415526670441908,0.8311942694158168,0.764173801617632
KLAC,0.8859851241466307,0.8622697673602413,0.8121063431579533
TER,0.9000644311327667,0.8746815085491979,0.827399798581887
LRCX,0.9125088172230856,0.8739958198132008,0.8365436288857119
