,KLAC,TER,AMAT,LRCX
KLAC,1,0.6785237766852945,0.7593538548717207,0.7678931066775364
TER,0.8161296802803626,1,0.7351579899979847,0.7420886307796276
AMAT,0.9338479268276743,0.7555015085163181,1,0.9018629906999749
LRCX,0.9383925895270059,0.7706326760893439,0.8955107671518151,1
