,TER,KLAC,AMAT,LRCX
TER,1,0.8511486236296693,0.8707718767643332,0.8617087778535499
KLAC,0.7863990385483774,1,0.899275793623541,0.9045609869445013
AMAT,0.7924082609313589,0.8873728786512096,1,0.9354917451037572
LRCX,0.8005831041922515,0.8867421597184972,0.9284199700103574,1
