,SOXL,QQQ,ASML
TER,0.9153036596040259,0.8957208001338325,0.8281368422680544
KLAC,0.9010895809292782,0.8842990975475754,0.8162305734293426
AMAT,0.9241265146809454,0.8973432500670075,0.8377020409414321
LRCX,0.925977068022087,0.8915927928937827,0.8373278731606599
