,SOXL,QQQ,ASML
TER,0.3347012632295903,1.211621792962401,0.6473364932545466
KLAC,0.31454414511384476,1.153256482191928,0.639989470149989
AMAT,0.3695111650840296,1.3443181652819862,0.7500388746419153
LRCX,0.37246494135889135,1.3381075206352198,0.7438906083809106
