,AMAT,KLIC,KLAC,TER,LRCX
AMAT,1,0.6532447037955121,0.9560763566966481,0.7634397032248651,0.8976157280606093
KLIC,0.6761865868478741,1,0.7031022167842387,0.6537454720577173,0.6581154730271532
KLAC,0.7615894503911688,0.5443192804766476,1,0.6709768719921497,0.7670291731949734
TER,0.7378004974889558,0.597345149970303,0.8158095942192635,1,0.7403276601360744
LRCX,0.8978311112220488,0.6431067590040292,0.9634588711113662,0.7814606345107618,1
