,SOXL,QQQ,ASML
AMAT,0.38076855016664396,1.4115085099890927,0.747605156258957
LRCX,0.3812390039324213,1.3951405775051653,0.7353483067985266
KLAC,0.32221874019261626,1.209380353824238,0.6342986102684753
TER,0.3442540637216925,1.2691568581027728,0.6423789813059656
