,SOXL,QQQ,ASML
KLAC,0.31416605016565324,1.1538867959596388,0.6388138474393195
TER,0.33475997676996205,1.2118292581464953,0.6474903437019361
AMAT,0.36938062420275997,1.3451463892797184,0.7506137367981041
LRCX,0.37249968080351276,1.33866116785214,0.7440288296981405
