,TER,AMAT,KLAC,LRCX
TER,1,0.8655618478536985,0.8561420625685596,0.8618273566702253
AMAT,0.7888576946126027,1,0.8787828350119801,0.9351304049131486
KLAC,0.7888120481676603,0.8945231151219003,1,0.903935268581134
LRCX,0.7967768044891392,0.9231245451439178,0.8785814722434372,1
