,SOXL,QQQ,ASML
KLAC,0.885132835201319,0.8619195190188982,0.8114128190443994
TER,0.9000066521225742,0.8746188011520979,0.8274489501987883
AMAT,0.9097765310213161,0.8777632666682325,0.8351205335285744
LRCX,0.9125656187503335,0.8737957939145712,0.836464396137303
