,AMAT,TER,KLAC,LRCX
AMAT,1,0.7597867471664104,0.93885658278252,0.9043362680658663
TER,0.7268382299124985,1,0.8188669542977577,0.7429082646692992
KLAC,0.7478482420562941,0.6786770493794896,1,0.7671095245863921
LRCX,0.8810812463716557,0.7713999375896172,0.9397677073250557,1
