,KLAC,TER,AMAT,LRCX
KLAC,1,0.6767385084857356,0.7604376010067366,0.7662724651384025
TER,0.8152485002975265,1,0.7379098178695094,0.7404640481671979
AMAT,0.9304439484911456,0.7535467642520062,1,0.897681932885061
LRCX,0.9379794521557095,0.76913757682112,0.8975594413248497,1
