,SOXL,QQQ,ASML
KLAC,0.3231637016539647,1.209087546912437,0.6357400498003013
LRCX,0.381367165508552,1.394139238943967,0.7346022005245862
AMAT,0.3798702981107839,1.4076503384288144,0.7460476843691874
TER,0.34417136763180034,1.2665555451435457,0.64168666617301
