,KLAC,TER,AMAT,LRCX
KLAC,1,0.7859874336269655,0.8986615246491053,0.9042870535114091
TER,0.854517635548667,1,0.8708245579648285,0.8617301101545486
AMAT,0.8785424008279017,0.7896279271293173,1,0.9352677151765851
LRCX,0.8782090122717198,0.795646693435491,0.92822734169326,1
