,SOXL,QQQ,ASML
AMAT,0.38030966612732936,1.406749861956909,0.7505071129026326
LRCX,0.3822799985319084,1.393550474568886,0.7395839887917078
TER,0.3447549862145391,1.265498346649727,0.6441259179693458
KLAC,0.3238644827012138,1.2088010721652975,0.6397037111014696
