,SOXL,QQQ,ASML
AMAT,0.9240776451427032,0.8974277842398215,0.8374967183318042
KLAC,0.9014359442092067,0.8843371353955107,0.8163810463240381
LRCX,0.9262239837864852,0.8915712622065387,0.8373832563135635
TER,0.9160684215683808,0.895821725585546,0.8287072593338451
