,SOXL,QQQ,ASML
AMAT,0.3798702981107841,1.4076503384288144,0.746047684369187
TER,0.3441713676318004,1.2665555451435457,0.6416866661730097
KLAC,0.32316370165396463,1.2090875469124371,0.6357400498003014
LRCX,0.38136716550855243,1.3941392389439666,0.7346022005245862
