,TER,KLAC,AMAT,LRCX
TER,1,0.8158347190496182,0.7344830933791285,0.7419105938813898
KLAC,0.6783620658079007,1,0.7588951975563958,0.7678754173620317
AMAT,0.7555933357285863,0.9341193932007231,1,0.9022101787392741
LRCX,0.7705877087107655,0.9384298435306444,0.8951015492901745,1
