,SOXL,QQQ,ASML
TER,0.8999952772145932,0.8745723176433777,0.827403599894348
KLAC,0.8857336391621145,0.8621178269490969,0.8113670969361921
AMAT,0.9103493616007434,0.8779963349768494,0.8348589852225817
LRCX,0.9124904179473153,0.8739536330354034,0.8365121535182743
