,KLAC,TER,AMAT,LRCX
KLAC,1,0.7881757468037524,0.899158016847668,0.9040640596893378
TER,0.855966970809819,1,0.8705933443383423,0.862542391317039
AMAT,0.8786598531510119,0.789070647109337,1,0.9353114547810473
LRCX,0.8781652257337266,0.7964149700186118,0.9286411620664597,1
