,TER,LRCX,AMAT,KLAC
TER,1,0.7423959473214337,0.7265663115514768,0.818255473389105
LRCX,0.7710813322993813,1,0.8813317865553935,0.9394304866534319
AMAT,0.7589537105164887,0.9037368400933493,1,0.9380672106544113
KLAC,0.6784620436651381,0.7669904651922314,0.7480789099706605,1
