,LRCX,TER,AMAT,KLAC
LRCX,1,0.771101648418622,0.8813490017506979,0.9412652141486768
TER,0.7440466146579147,1,0.7265690045452113,0.8197214422252356
AMAT,0.9052399341314428,0.7589578066387541,1,0.9397943142622471
KLAC,0.7681112224621724,0.6784757989783065,0.7480903087201344,1
