,SOXL,QQQ,ASML
AMAT,0.9238250587612524,0.8959437289799236,0.8338380205986394
KLAC,0.9009774760053821,0.8841144112663054,0.8121931041275324
TER,0.9146718096822926,0.8942640615341684,0.8251475323639972
LRCX,0.9253324505621912,0.8915565637937555,0.8328501304796371
