,TER,LRCX,AMAT,KLAC
TER,1,0.8620977543904604,0.8666277915446928,0.8556998937883684
LRCX,0.7973516810255615,1,0.9228181250091773,0.8785197925543016
AMAT,0.789345749143084,0.9342396750706031,1,0.8780395149936543
KLAC,0.7888238767253187,0.9038687809118527,0.8945349968709678,1
