,SOXL,QQQ,ASML
TER,0.34341739574755864,1.266550176350957,0.6342385776192864
LRCX,0.3805662847327227,1.393253616422069,0.7295820638922564
AMAT,0.38064330684306913,1.4113207642495347,0.7413583494802476
KLAC,0.32183916632184645,1.2085226659158035,0.628275829410662
