,AMAT,TER,KLAC,LRCX
AMAT,1,0.7882477873763123,0.8784371374166909,0.9348819373790488
TER,0.8657909969191091,1,0.8556982153454388,0.8621386046524179
KLAC,0.894737360348287,0.788251100891117,1,0.9039721425515358
LRCX,0.9229589687616937,0.7963363024722772,0.8781389501082989,1
