,SOXL,QQQ,ASML
LRCX,0.38049368472091427,1.3935061218321967,0.7289229886849596
TER,0.34352294024397095,1.266678436185061,0.6338978685665504
AMAT,0.3808064619988414,1.411796413243193,0.7409416670778823
KLAC,0.3217876038554554,1.208466478328283,0.6277955889409508
