,SOXL,QQQ,ASML
AMAT,0.923572234500445,0.8959181856261197,0.8352039434375019
LRCX,0.9257262842549818,0.891547485623303,0.8358481135008219
KLAC,0.9010946347430193,0.8840150726685102,0.8145538541523837
TER,0.9152375527257104,0.8950134422602439,0.82831035284249
