,SOXL,QQQ,ASML
KLAC,0.9015020731008355,0.8843499733281325,0.8164294593705467
TER,0.916159436173609,0.895845667855517,0.8287851336602196
AMAT,0.9240559290915712,0.8974327781530841,0.8374443922040846
LRCX,0.9262488472739393,0.8915642285966405,0.8373833776596791
