,KLAC,LRCX,TER,AMAT
KLAC,1,0.9037837477293402,0.7888431868940684,0.8943463558142594
LRCX,0.8783858773671185,1,0.7972997577648744,0.9228131053478417
TER,0.8556742065074114,0.8620262004304374,1,0.8667521530141213
AMAT,0.8778628952362101,0.934305192516743,0.7895551286751736,1
