,AMAT,KLAC,LRCX,TER
AMAT,1,0.9338980139444857,0.9019276383170002,0.755544317690986
KLAC,0.7591966578875601,1,0.7678735394569451,0.6785277394946678
LRCX,0.8953867002053505,0.9384124088004967,1,0.7706514728722578
TER,0.734992059628019,0.8161275597343984,0.7420636833527264,1
