,KLAC,LRCX,AMAT,TER
KLAC,1,0.7678132673470522,0.750465142422312,0.6783219187344777
LRCX,0.9385676418911898,1,0.8839586466859336,0.7703221937379238
AMAT,0.934778189022655,0.9024036962340275,1,0.7553405981064548
TER,0.8166905857561456,0.7423854794039072,0.7267810076816836,1
