,AMAT,KLIC,KLAC,TER,LRCX
AMAT,1,0.7233065218895335,0.8877419763657309,0.7924222943111985,0.9354915607684108
KLIC,0.8099241026000646,1,0.7678643164648907,0.7671444426556413,0.8045267086449022
KLAC,0.899709382958445,0.6924958694513226,1,0.7869678169868902,0.9049828535877394
TER,0.8707837636020604,0.7280796370916481,0.8516807072217597,1,0.8617226999354388
LRCX,0.9284200702295419,0.7150987104588122,0.8871140155622196,0.8005961624735766,1
