,SOXL,QQQ,ASML
AMAT,0.38032900442447287,1.4069915477803225,0.7504179853390095
KLAC,0.3238456934529042,1.209098718948803,0.6395852522850657
LRCX,0.38222498573440244,1.3935924426656887,0.7391631690235928
TER,0.34480386671724694,1.2657376005367533,0.6441481384284027
