,TER,AMAT,KLAC,LRCX
TER,1,0.7265737261233759,0.8175919041205464,0.7418034514346558
AMAT,0.7566703686800063,1,0.9357490600288353,0.9021180216576402
KLAC,0.6793793364987378,0.7505692623326496,1,0.7677232047584689
LRCX,0.771519913675992,0.8844637646355319,0.9402002196754194,1
