,AMAT,TER,KLAC,LRCX
AMAT,1,0.7553405981064547,0.9347781890226554,0.9024036962340282
TER,0.7267810076816837,1,0.8166905857561456,0.7423854794039066
KLAC,0.7504651424223117,0.6783219187344774,1,0.767813267347052
LRCX,0.883958646685933,0.7703221937379238,0.938567641891191,1
