,SOXL,QQQ,ASML
TER,0.9151486597589329,0.895287737758277,0.8281633183895902
AMAT,0.923769092122525,0.8969788653636248,0.8361339098448566
KLAC,0.9010884989335596,0.884047125769646,0.814696220983188
LRCX,0.925842303665462,0.8914069539196887,0.8358406404788861
