,SOXL,QQQ,ASML
AMAT,0.36952977536893605,1.3444622135601978,0.7500943952464237
KLIC,0.29860122103671244,1.1131450564114593,0.595429651992947
KLAC,0.31447520418018293,1.1529078283923977,0.6402436053352125
TER,0.3347348506251744,1.2118426977439203,0.6473476895823068
LRCX,0.3724818776556877,1.3382534524949354,0.7439474153231805
