,LRCX,TER,AMAT,KLAC
LRCX,1,0.797714534620216,0.9229309309431081,0.878695099572119
TER,0.8623267319548419,1,0.8669628299500917,0.8558940254543849
AMAT,0.9342922811840172,0.7897880563731474,1,0.8781537260957176
KLAC,0.90401991599758,0.7891802379390751,0.894681048977154,1
