,TER,KLAC,AMAT,LRCX
TER,1,0.8561420625685593,0.8655618478536986,0.861827356670226
KLAC,0.78881204816766,1,0.8945231151219002,0.9039352685811344
AMAT,0.7888576946126022,0.8787828350119797,1,0.9351304049131486
LRCX,0.7967768044891395,0.8785814722434376,0.9231245451439182,1
