,AMAT,LRCX,KLAC,TER
AMAT,1,0.9031551960590269,0.9374997893873709,0.7583211934122152
LRCX,0.8819418190594313,1,0.9394962700317422,0.7707382480109025
KLAC,0.7482135157860872,0.7666124283788165,1,0.6779910687771435
TER,0.7273728719893919,0.7425004278897892,0.818634975434887,1
