,AMAT,KLAC,TER,LRCX
AMAT,1,0.9388565827825206,0.7597867471664098,0.9043362680658668
KLAC,0.7478482420562939,1,0.6786770493794897,0.7671095245863928
TER,0.7268382299124981,0.8188669542977578,1,0.7429082646692996
LRCX,0.8810812463716561,0.939767707325056,0.7713999375896174,1
