,LRCX,TER,AMAT,KLAC
LRCX,1,0.7973558906541947,0.9228169917401178,0.8790615314544162
TER,0.8626547385759344,1,0.8666308594228169,0.85637699582762
AMAT,0.9343992149538288,0.7893502184263295,1,0.878586720155828
KLAC,0.9042578362716708,0.7888282955932466,0.8945360098583107,1
