,AMAT,TER,KLAC,LRCX
AMAT,1,0.7897880563731475,0.878153726095717,0.9342922811840167
TER,0.8669628299500913,1,0.8558940254543845,0.8623267319548418
KLAC,0.8946810489771542,0.7891802379390753,1,0.9040199159975799
LRCX,0.9229309309431077,0.7977145346202151,0.8786950995721189,1
