,SOXL,QQQ,ASML
KLAC,0.9007062292303226,0.8839755938564406,0.8124162266168651
LRCX,0.9254139109525105,0.8915307795928052,0.8338067051710385
TER,0.9149206192796249,0.8949940007828678,0.8267531023033847
AMAT,0.92350499911312,0.895900877761456,0.834094523421389
