,SOXL,QQQ,ASML
TER,0.3443263027174686,1.2655693464549078,0.6428514790173758
AMAT,0.3800330283896028,1.406949334773402,0.7484459837229809
KLAC,0.32344117736801015,1.2086380339277782,0.6367079878312732
LRCX,0.3817595808998909,1.3933596137415563,0.736334008450949
