,SOXL,QQQ,ASML
AMAT,0.9238260096340192,0.8966266134111359,0.834973797967248
TER,0.9153996708038268,0.8953514115449633,0.8282508942880022
KLAC,0.9012113839336389,0.8840085122409598,0.8149720548783208
LRCX,0.925855879951558,0.8915511502774962,0.8358461979706704
