,SOXL,QQQ,ASML
TER,0.3443263027174689,1.2655693464549085,0.6428514790173758
KLAC,0.3234411773680102,1.2086380339277782,0.6367079878312729
AMAT,0.3800330283896025,1.406949334773403,0.7484459837229815
LRCX,0.38175958089989115,1.393359613741555,0.7363340084509488
