,SOXL,QQQ,ASML
AMAT,0.9240475352957115,0.8974928511306641,0.8375610077196272
LRCX,0.9261784720176345,0.8915720390849229,0.8376269803646819
TER,0.9158496450761178,0.8957641940746228,0.8285486193067252
KLAC,0.9013396456371014,0.8841844366628128,0.8163270492006297
