,SOXL,QQQ,ASML
LRCX,0.9252315944702966,0.8914056014032811,0.8346346481724067
TER,0.9143786896376817,0.894531117616992,0.8261932041971628
AMAT,0.9236438706192873,0.8961983754111404,0.8351127488831294
KLAC,0.9008029782344374,0.8841191908248694,0.8125076258898899
