,SOXL,QQQ,ASML
AMAT,0.38080646199884133,1.4117964132431944,0.7409416670778823
TER,0.34352294024397084,1.2666784361850614,0.6338978685665502
KLAC,0.32178760385545574,1.2084664783282835,0.6277955889409504
LRCX,0.38049368472091405,1.3935061218321967,0.7289229886849599
