,SOXL,QQQ,ASML
AMAT,0.38080646199884133,1.4117964132431935,0.740941667077882
KLAC,0.3217876038554555,1.2084664783282835,0.6277955889409506
TER,0.34352294024397073,1.266678436185061,0.6338978685665504
LRCX,0.38049368472091427,1.393506121832197,0.7289229886849599
