,SOXL,QQQ,ASML
KLAC,0.9012113839336389,0.8840085122409598,0.8149720548783207
LRCX,0.9258558799515576,0.8915511502774961,0.8358461979706703
AMAT,0.9238260096340188,0.8966266134111361,0.8349737979672478
TER,0.9153996708038269,0.8953514115449636,0.8282508942880024
