,SOXL,QQQ,ASML
TER,0.9151486597589334,0.8952877377582773,0.8281633183895902
KLAC,0.9010884989335597,0.884047125769646,0.8146962209831875
AMAT,0.9237690921225244,0.8969788653636256,0.8361339098448571
LRCX,0.9258423036654628,0.8914069539196879,0.835840640478886
