,KLAC,LRCX,AMAT,TER
KLAC,1,0.9039721425515362,0.894737360348288,0.7882511008911172
LRCX,0.878138950108298,1,0.9229589687616938,0.7963363024722769
AMAT,0.8784371374166909,0.9348819373790483,1,0.7882477873763125
TER,0.8556982153454388,0.8621386046524186,0.8657909969191092,1
