,SOXL,QQQ,ASML
LRCX,0.38049545026564535,1.3932547076810016,0.729964228391757
TER,0.3433330325869266,1.2665489094451332,0.6381422489777603
AMAT,0.3805499461164604,1.411318332876364,0.7453213843222954
KLAC,0.32177873012946173,1.2085225151397574,0.6302545116870126
