,TER,KLAC,AMAT,LRCX
TER,1,0.8175919041205464,0.7265737261233763,0.7418034514346566
KLAC,0.6793793364987378,1,0.7505692623326492,0.7677232047584694
AMAT,0.7566703686800057,0.935749060028835,1,0.9021180216576405
LRCX,0.7715199136759925,0.94020021967542,0.8844637646355323,1
