,KLAC,LRCX,TER,AMAT
KLAC,1,0.7666400983159048,0.6780226844534328,0.7481501374073618
LRCX,0.9394849216262051,1,0.7707539673437129,0.8818787949341897
TER,0.8186309373001103,0.7425117637716874,1,0.7273207832228104
AMAT,0.9373528512439521,0.9030626636512957,0.7582602795475359,1
