,SOXL,QQQ,ASML
AMAT,0.9238250587612529,0.8959437289799242,0.8338380205986398
TER,0.9146718096822928,0.8942640615341687,0.825147532363997
KLAC,0.9009774760053827,0.8841144112663056,0.8121931041275324
LRCX,0.925332450562191,0.8915565637937553,0.8328501304796371
