,AMAT,LRCX,TER,KLAC
AMAT,1,0.9017928998964585,0.7553832072972152,0.9337382418985591
LRCX,0.8955856430316878,1,0.7706163030748248,0.9383597112856323
TER,0.7349236671268597,0.7418552067856831,1,0.8157713934316928
KLAC,0.7592973875704409,0.7677647979972894,0.6783427987084849,1
