,AMAT,KLAC,TER,LRCX
AMAT,1,0.8781537260957175,0.7897880563731473,0.9342922811840169
KLAC,0.8946810489771538,1,0.7891802379390757,0.9040199159975801
TER,0.8669628299500911,0.8558940254543846,1,0.8623267319548422
LRCX,0.922930930943108,0.8786950995721191,0.7977145346202156,1
