,TER,KLAC,AMAT,LRCX
TER,1,0.8556673183721263,0.8702006895681662,0.8623734804934832
KLAC,0.7879173586572755,1,0.8989945223673221,0.9040555245651893
AMAT,0.7886858888214335,0.8784634131177318,1,0.9352224928294871
LRCX,0.7962705539418653,0.8781621955609068,0.9285887900626355,1
