,AMAT,LRCX,KLAC,TER
AMAT,1,0.9343785904905353,0.8779635947206113,0.7896117471081012
LRCX,0.9228889411550184,1,0.8783794758570311,0.7972914776056371
KLAC,0.8944619734481943,0.9037804690903977,1,0.7888360875094167
TER,0.8668304047627052,0.8620172287259035,0.8556632528583651,1
