,SOXL,QQQ,ASML
TER,0.3442052681295791,1.2656345204506119,0.6432671729010734
KLAC,0.3234487068638169,1.2091253822432408,0.6390547719676387
AMAT,0.38016432579089615,1.4074867733468714,0.7504051407300911
LRCX,0.3818036865321215,1.3937162620423353,0.738642790559691
