,SOXL,QQQ,ASML
KLAC,0.3220486018601496,1.209403802816113,0.629938400935367
LRCX,0.381059920334182,1.3951570930906583,0.7322481008946262
TER,0.34409725485619425,1.2691762749244675,0.6371798477065215
AMAT,0.3806875945750183,1.4114892555165282,0.7426316040609157
