,TER,KLAC,AMAT,LRCX
TER,1,0.814928633327039,0.7377995657088381,0.7403218363380628
KLAC,0.6708409141398388,1,0.7615988817810665,0.7670647169611411
AMAT,0.7634196758780751,0.9552357495032868,1,0.8976160596553997
LRCX,0.7814388864611336,0.9626310804846846,0.8978310585362955,1
