,LRCX,TER,AMAT,KLAC
LRCX,1,0.7713999375896182,0.8810812463716562,0.9397677073250555
TER,0.7429082646692994,1,0.7268382299124986,0.8188669542977581
AMAT,0.904336268065867,0.7597867471664103,1,0.9388565827825207
KLAC,0.7671095245863925,0.6786770493794893,0.7478482420562942,1
