,mae,mae_main_etf,r2_score,r2_score_main_etf,chisquare_normal,chisquare_normal_main_etf,n_days_error_bt_mae,n_days_error_bt_main_etf_mae,mean_abs_diff_when_bt_mae,mean_abs_diff_when_bt_main_etf_mae,stock_std,mean,lower_sigma,upper_sigma,lower_two_sigma,upper_two_sigma,r2_score_full,r2_score_main_etf_full
AMAT,0.39223373675607937,0.6018735140960241,0.8307708256116588,0.6337671382468888,True,True,72,72,0.8088415465138095,1.2628123074337831,1.7046335929550538,0.1415125051262778,-1.563121087828776,1.8461460980813316,-3.26775468078383,3.5507796910363854,0.9131047046052991,0.7008533918976506
TER,0.5056165565291186,0.7415096139919345,0.5634925118092415,0.33400994160696296,False,False,59,70,1.2738891038151163,1.6195775679353686,1.541554160531282,0.14324710742109928,-1.3983070531101827,1.6848012679523812,-2.9398612136414646,3.226355428483663,0.8551436321551525,0.6851171334145504
KLAC,0.45835551747908604,0.6549872615395047,0.626793092698922,0.49681040658939823,False,True,66,74,1.023722567576839,1.2961024240156283,1.5028800039717696,0.10880292849563092,-1.3940770754761387,1.6116829324674005,-2.8969570794479083,3.11456293643917,0.8618598865701754,0.6657475292776762
