,mae,mae_main_etf,r2_score,r2_score_main_etf,chisquare_normal,chisquare_normal_main_etf,n_days_error_bt_mae,n_days_error_bt_main_etf_mae,mean_abs_diff_when_bt_mae,mean_abs_diff_when_bt_main_etf_mae,stock_std,mean,lower_sigma,upper_sigma,lower_two_sigma,upper_two_sigma,r2_score_full,r2_score_main_etf_full
TER,0.5061034038038639,0.7363948801292803,0.5587141571421892,0.3300059726366412,False,False,59,71,1.2790434728474929,1.6034163253146967,1.5380999784006637,0.14191131729523485,-1.3961886611054288,1.6800112956958986,-2.9342886395060925,3.2181112740965623,0.854427711479862,0.6844511600433137
KLAC,0.4559530842914446,0.6552522148340165,0.6252689039781406,0.49316099551893733,False,True,65,74,1.0314054067911969,1.2950255596889384,1.49876186697095,0.10986318907308407,-1.3888986778978658,1.608625056044034,-2.8876605448688157,3.107386923014984,0.8619009090006035,0.6629242573025502
AMAT,0.418521097725562,0.6191298479210424,0.7861248380086464,0.6180034113223993,True,True,73,72,0.873329344575016,1.3142603493588279,1.7021663119111652,0.1455222734362918,-1.5566440384748734,1.847688585347457,-3.2588103503860384,3.5498548972586224,0.9126808213557005,0.698309159262621
