,mae,mae_main_etf,r2_score,r2_score_main_etf,chisquare_normal,chisquare_normal_main_etf,n_days_error_bt_mae,n_days_error_bt_main_etf_mae,mean_abs_diff_when_bt_mae,mean_abs_diff_when_bt_main_etf_mae,stock_std,mean,lower_sigma,upper_sigma,lower_two_sigma,upper_two_sigma,r2_score_full,r2_score_main_etf_full
KLAC,0.4574177780471966,0.6602845961567475,0.6272478296124977,0.49277840025031383,False,True,65,75,1.0311335195004052,1.2967383548528906,1.504819808435204,0.11045046829077056,-1.3943693401444335,1.6152702767259746,-2.8991891485796373,3.120090085161179,0.8621342635954556,0.6658982387433868
TER,0.5028017087606648,0.7453580807051492,0.5650854155573899,0.3319655477558451,False,False,59,71,1.2693067325764265,1.6129039821814146,1.543622112892912,0.14258581405505452,-1.4010362988378575,1.6862079269479664,-2.9446584117307695,3.2298300398408784,0.8556148064839486,0.685615321468561
AMAT,0.3925446572213163,0.6088450802022355,0.8307693532698093,0.6307964275585478,True,True,72,73,0.8093184843309491,1.2614558957377293,1.7068730110759167,0.14295702616392011,-1.5639159849119966,1.8498300372398369,-3.2707889959879135,3.5567030483157533,0.9130972262725812,0.7006572055472136
