,mae,mae_main_etf,r2_score,r2_score_main_etf,chisquare_normal,chisquare_normal_main_etf,n_days_error_bt_mae,n_days_error_bt_main_etf_mae,mean_abs_diff_when_bt_mae,mean_abs_diff_when_bt_main_etf_mae,stock_std,mean,lower_sigma,upper_sigma,lower_two_sigma,upper_two_sigma,r2_score_full,r2_score_main_etf_full
TER,0.4779271605318429,0.7026800725243784,0.635450591172849,0.41196570410066546,True,True,64,72,1.126956002731847,1.5156536076141411,1.5356200933819202,0.14311418696683378,-1.3925059064150864,1.678734280348754,-2.9281259997970066,3.214354373730674,0.8539922238011308,0.6808500892196513
AMAT,0.4191165847828456,0.6263215769481802,0.7869098719803304,0.6139669667674781,True,True,71,74,0.8935237757799717,1.3078698482217563,1.7032483023514455,0.14910575796812967,-1.554142544383316,1.8523540603195752,-3.2573908467347614,3.5556023626710207,0.9117561779747735,0.6962818229356917
KLAC,0.44681819340219925,0.654114793672153,0.6238058567518823,0.4818656972878157,False,True,65,76,1.018179903456275,1.2946907487157853,1.4937871454853668,0.11261785642246816,-1.3811692890628986,1.606405001907835,-2.8749564345482654,3.100192147393202,0.8619893821196429,0.6590317254791269
