,mae,mae_main_etf,r2_score,r2_score_main_etf,shapiro_normal,pearson_normal,ks_normal,chisquare_normal,shapiro_normal_main_etf,pearson_normal_main_etf,ks_normal_main_etf,chisquare_normal_main_etf,n_days_error_bt_mae,n_days_error_bt_main_etf_mae,mean_abs_diff_when_bt_mae,mean_abs_diff_when_bt_main_etf_mae,stock_std,mean,lower_sigma,upper_sigma,lower_two_sigma,upper_two_sigma,r2_score_full,r2_score_main_etf_full
KLAC,0.4925715577072735,0.682876518092918,0.5847262939606959,0.4732804845934764,False,False,False,False,False,False,False,True,62,72,1.1310753076226299,1.3403879815499298,1.5170651533758004,0.12144217242046673,-1.3956229809553338,1.638507325796267,-2.912688134331134,3.1555724791720676,0.8563223420857953,0.6575837229072871
TER,0.5599014258746754,0.7575266931096333,0.49871089145800407,0.32415256882425025,False,False,False,False,False,False,False,False,59,67,1.3962351107495374,1.6603073828094013,1.5593315197519773,0.15379149128526326,-1.405540028466714,1.7131230110372404,-2.9648715482186914,3.2724545307892177,0.8415263974431414,0.6832895017839951
AMAT,0.425638167379173,0.6334045687346939,0.7854957726482891,0.6067613081028491,False,False,False,True,False,False,False,True,68,72,0.9115067835602491,1.2960402284129284,1.7160412751008773,0.16057998078388305,-1.5554612943169943,1.8766212558847604,-3.2715025694178714,3.592662530985638,0.9089974195256173,0.6965372441017754
