,mae,mae_main_etf,r2_score,r2_score_main_etf,chisquare_normal,chisquare_normal_main_etf,n_days_error_bt_mae,n_days_error_bt_main_etf_mae,mean_abs_diff_when_bt_mae,mean_abs_diff_when_bt_main_etf_mae,stock_std,mean,lower_sigma,upper_sigma,lower_two_sigma,upper_two_sigma,r2_score_full,r2_score_main_etf_full
AMAT,0.3938995606749307,0.6040849514542563,0.8305615930635951,0.6333363709346076,True,True,72,73,0.8093324944716532,1.2546041280798674,1.7058583965438592,0.14193334265738414,-1.563925053886475,1.8477917392012433,-3.2697834504303342,3.5536501357451025,0.9130865971487085,0.7007516855986046
KLAC,0.4567709473905079,0.655671146225844,0.6271758119317125,0.49665018322807486,False,True,65,74,1.0318073065305704,1.2961023379351586,1.5037408837369286,0.1102738799736802,-1.3934670037632484,1.6140147637106088,-2.897207887500177,3.117755647447537,0.8620926174875319,0.6657987503219112
TER,0.5040982136388746,0.7414298149262505,0.5645523007517417,0.3347481974169094,False,False,59,70,1.2693267923216962,1.6183196083625697,1.5424988176120475,0.1424863288272948,-1.4000124887847527,1.6849851464393424,-2.9425113063968005,3.2274839640513897,0.855493979957448,0.6854507305842817
