,mae,mae_main_etf,r2_score,r2_score_main_etf,chisquare_normal,chisquare_normal_main_etf,n_days_error_bt_mae,n_days_error_bt_main_etf_mae,mean_abs_diff_when_bt_mae,mean_abs_diff_when_bt_main_etf_mae,stock_std,mean,lower_sigma,upper_sigma,lower_two_sigma,upper_two_sigma,r2_score_full,r2_score_main_etf_full
AMAT,0.42214364989377723,0.6249551700147882,0.7874353023528591,0.6173832173980472,True,True,72,74,0.8897592217908536,1.3039290706525197,1.7031769647948936,0.15057563689342185,-1.5526013279014717,1.8537526016883155,-3.255778292696365,3.556929566483209,0.9118341796445476,0.6937767092131798
KLAC,0.4439989085242332,0.650853038097045,0.6250114748508415,0.48621090152484303,False,True,67,77,1.0011346538193802,1.2772991017369892,1.492810858969071,0.11328219348302423,-1.3795286654860468,1.606093052452095,-2.8723395244551178,3.098903911421166,0.8622568880791748,0.6582813613317415
TER,0.4665946782825103,0.6881431562412048,0.6394903983420341,0.4304833485762568,True,True,62,72,1.116120241738204,1.4733288889293867,1.535245306970582,0.14420577578087343,-1.3910395311897086,1.6794510827514555,-2.926284838160291,3.2146963897220373,0.8543934992880191,0.678630074320295
