,mae,mae_main_etf,r2_score,r2_score_main_etf,chisquare_normal,chisquare_normal_main_etf,n_days_error_bt_mae,n_days_error_bt_main_etf_mae,mean_abs_diff_when_bt_mae,mean_abs_diff_when_bt_main_etf_mae,stock_std,mean,lower_sigma,upper_sigma,lower_two_sigma,upper_two_sigma,r2_score_full,r2_score_main_etf_full
TER,0.5061034038037064,0.7363948801299413,0.5587141571422727,0.3300059726360942,False,False,59,71,1.2790434728471658,1.6034163253147897,1.538099978400664,0.14191131729523485,-1.396188661105429,1.6800112956958988,-2.934288639506093,3.2181112740965627,0.8544277114798621,0.6844511600433145
AMAT,0.418521097712524,0.6191298479214019,0.7861248380186263,0.6180034113216826,True,True,73,72,0.873329344541654,1.31426034936002,1.7021663119111652,0.14552227343629182,-1.5566440384748734,1.847688585347457,-3.2588103503860384,3.5498548972586224,0.9126808213557005,0.6983091592626212
KLAC,0.45595308427967873,0.6552522148339085,0.6252689039890773,0.49316099551882064,False,True,65,74,1.0314054067587157,1.2950255596894897,1.49876186697095,0.10986318907308407,-1.3888986778978658,1.608625056044034,-2.8876605448688157,3.107386923014984,0.8619009090006022,0.6629242573025503
