,mae,mae_main_etf,r2_score,r2_score_main_etf,chisquare_normal,chisquare_normal_main_etf,n_days_error_bt_mae,n_days_error_bt_main_etf_mae,mean_abs_diff_when_bt_mae,mean_abs_diff_when_bt_main_etf_mae,stock_std,mean,lower_sigma,upper_sigma,lower_two_sigma,upper_two_sigma,r2_score_full,r2_score_main_etf_full
AMAT,0.425959521805709,0.6232591636465429,0.7849566034650921,0.6182492041926706,True,True,73,73,0.8918404479484943,1.310894345218744,1.704625295825542,0.1463398379917734,-1.5582854578337684,1.8509651338173154,-3.2629107536593103,3.5555904296428573,0.911567593320919,0.6964904912091225
KLAC,0.4541342272590683,0.6503041805934753,0.623672218530532,0.4927787889128029,False,True,65,76,1.0310577332319497,1.278404344671566,1.4955503033995832,0.11000485759032928,-1.385545445809254,1.6055551609899124,-2.881095749208837,3.1011054643894957,0.8619561146766471,0.6624972696839684
TER,0.4753835515359067,0.69727010141918,0.6415999323201056,0.4276705086684568,True,True,63,72,1.1318629396991926,1.4954035750612549,1.5384262789698764,0.14145025397591868,-1.3969760249939578,1.679876532945795,-2.935402303963834,3.2183028119156716,0.8552336554903239,0.6844242814117527
