,mae,mae_main_etf,r2_score,r2_score_main_etf,chisquare_normal,chisquare_normal_main_etf,n_days_error_bt_mae,n_days_error_bt_main_etf_mae,mean_abs_diff_when_bt_mae,mean_abs_diff_when_bt_main_etf_mae,stock_std,mean,lower_sigma,upper_sigma,lower_two_sigma,upper_two_sigma,r2_score_full,r2_score_main_etf_full
TER,0.5091017069999755,0.7427387942528596,0.5607309596082732,0.3310908406177845,False,False,60,72,1.2666479209084216,1.5970833168365481,1.5405018632756162,0.1439421103606092,-1.3965597529150071,1.6844439736362253,-2.9370616161906233,3.2249458369118416,0.8546816741665679,0.6844972681472541
KLAC,0.45637232213903456,0.6542429857666925,0.6263495670730712,0.49561428829374454,False,True,65,75,1.03194789174889,1.2875213013644375,1.5018454408175572,0.11049474034042445,-1.3913507004771328,1.6123401811579816,-2.89319614129469,3.114185621975539,0.8619636017023984,0.6655978873410433
AMAT,0.3937635942711724,0.5968015165248959,0.829943425934087,0.6354457172959495,True,True,73,74,0.8038126534636657,1.2386900807691927,1.7043275221069831,0.14388664266959977,-1.5604408794373834,1.8482141647765828,-3.2647684015443663,3.552541686883566,0.9131422027375171,0.7010892291126889
