,mae,mae_main_etf,r2_score,r2_score_main_etf,chisquare_normal,chisquare_normal_main_etf,n_days_error_bt_mae,n_days_error_bt_main_etf_mae,mean_abs_diff_when_bt_mae,mean_abs_diff_when_bt_main_etf_mae,stock_std,mean,lower_sigma,upper_sigma,lower_two_sigma,upper_two_sigma,r2_score_full,r2_score_main_etf_full
KLAC,0.4516824821632628,0.6548039848197816,0.6234134231439281,0.4847586143471051,False,True,65,75,1.0227540663256458,1.2995494151798457,1.4945861750157083,0.11064000603087518,-1.3839461689848331,1.6052261810465835,-2.8785323440005417,3.0998123560622917,0.8617810740907185,0.6587235739687599
TER,0.478581628516932,0.7018722722032561,0.6402981547996318,0.4226631789042715,True,True,64,72,1.1255969781261115,1.5074234443361203,1.5373845496832532,0.14195981116220935,-1.3954247385210439,1.6793443608454626,-2.932809288204297,3.216728910528716,0.8548957358593439,0.6813796793876358
AMAT,0.4244437858177089,0.6286055140578205,0.7848092012492159,0.6143790017650684,True,True,72,74,0.8974504502682046,1.309370539413776,1.7034328615900842,0.14608471309315746,-1.5573481484969267,1.8495175746832417,-3.260781010087011,3.552950436273326,0.9115680537316139,0.694350999743863
