,mae,mae_main_etf,r2_score,r2_score_main_etf,chisquare_normal,chisquare_normal_main_etf,n_days_error_bt_mae,n_days_error_bt_main_etf_mae,mean_abs_diff_when_bt_mae,mean_abs_diff_when_bt_main_etf_mae,stock_std,mean,lower_sigma,upper_sigma,lower_two_sigma,upper_two_sigma,r2_score_full,r2_score_main_etf_full
TER,0.48172801413492045,0.7061615794233121,0.6378358216699864,0.41757196689348697,True,True,64,73,1.1361747381202765,1.5090801455333807,1.536707039661527,0.14331834415223582,-1.3933886955092911,1.6800253838137629,-2.930095735170818,3.21673242347529,0.8540427974682053,0.6796605800000944
AMAT,0.42401542036191453,0.6288832569094006,0.786699263047662,0.6172100804341931,True,True,72,75,0.897450450263348,1.3010935718216843,1.704438994519489,0.14934303111000272,-1.5550959634094863,1.853782025629492,-3.2595349579289756,3.558221020148981,0.9117807630305914,0.694987407886247
KLAC,0.4502013482024613,0.6560819483205925,0.6255756769504481,0.4857135857082876,False,True,66,76,1.014082208645243,1.294698029467544,1.4948139163703758,0.11296899923089394,-1.3818449171394818,1.6077829156012697,-2.8766588335098575,3.1025968319716455,0.8619855671574446,0.65878644129769
