,mae,mae_main_etf,r2_score,r2_score_main_etf,shapiro_normal,pearson_normal,ks_normal,chisquare_normal,shapiro_normal_main_etf,pearson_normal_main_etf,ks_normal_main_etf,chisquare_normal_main_etf,n_days_error_bt_mae,n_days_error_bt_main_etf_mae,mean_abs_diff_when_bt_mae,mean_abs_diff_when_bt_main_etf_mae,stock_std,mean,lower_sigma,upper_sigma,lower_two_sigma,upper_two_sigma,r2_score_full,r2_score_main_etf_full
MCD,0.26833110546111505,0.31105417672365243,0.3460668096941236,0.011857449449498847,False,False,False,True,False,False,False,True,69,67,0.5434168773781376,0.662325303014236,1.055197908647417,0.0735247207720786,-0.9816731878753384,1.1287226294194956,-2.0368710965227557,2.1839205380669124,0.8379248317872569,0.7809066935087671
CAKE,0.7370944289016184,0.7444491816417778,0.12299587364870568,0.09892674985922534,False,False,False,False,False,False,False,False,57,58,1.7341359679906367,1.761503473910961,1.957326134578764,0.17023755368559335,-1.7870885808931707,2.1275636882643574,-3.744414715471935,4.084889822843121,0.7555733148796611,0.7029498269319832
