,mae,mae_main_etf,r2_score,r2_score_main_etf,chisquare_normal,chisquare_normal_main_etf,n_days_error_bt_mae,n_days_error_bt_main_etf_mae,mean_abs_diff_when_bt_mae,mean_abs_diff_when_bt_main_etf_mae,stock_std,mean,lower_sigma,upper_sigma,lower_two_sigma,upper_two_sigma,r2_score_full,r2_score_main_etf_full
CAKE,0.7529694402840796,0.7441672546610115,0.12275983146234193,0.14576130258396758,False,False,64,62,1.6823203929251407,1.690169204648637,1.9261883800919575,0.16624378412702812,-1.7599445959649294,2.0924321642189856,-3.6861329760568866,4.018620544310943,0.7544978495733139,0.7047344829552865
MCD,0.24620255638983743,0.2845688822357239,0.44785520436358484,0.1771581929838404,True,True,86,76,0.4455425868265389,0.5677789723340684,1.031383020267914,0.06693250498114692,-0.9644505152867671,1.0983155252490608,-1.995833535554681,2.129698545516975,0.8482534768875065,0.8005004138431863
