,mae,mae_main_etf,r2_score,r2_score_main_etf,chisquare_normal,chisquare_normal_main_etf,n_days_error_bt_mae,n_days_error_bt_main_etf_mae,mean_abs_diff_when_bt_mae,mean_abs_diff_when_bt_main_etf_mae,stock_std,mean,lower_sigma,upper_sigma,lower_two_sigma,upper_two_sigma,r2_score_full,r2_score_main_etf_full
MCD,0.24276663769876908,0.2774691763740181,0.469496732023023,0.22040689470767705,True,True,92,76,0.4338351945545938,0.5636146773524804,1.0198674585195577,0.06543361783907772,-0.95443384068048,1.0853010763586355,-1.9743012992000377,2.105168534878193,0.8492518832747774,0.7977193726226879
CAKE,0.7099706668356655,0.7316280128824202,0.2921169026031608,0.2454341151103161,False,False,65,67,1.5540540142528732,1.584427268251231,1.9263725415001556,0.16674350270294525,-1.7596290387972102,2.093116044203101,-3.686001580297366,4.0194885857032565,0.7556825023510513,0.6987736612359488
