,mae,mae_main_etf,r2_score,r2_score_main_etf,chisquare_normal,chisquare_normal_main_etf,n_days_error_bt_mae,n_days_error_bt_main_etf_mae,mean_abs_diff_when_bt_mae,mean_abs_diff_when_bt_main_etf_mae,stock_std,mean,lower_sigma,upper_sigma,lower_two_sigma,upper_two_sigma,r2_score_full,r2_score_main_etf_full
MCD,0.24568901239429555,0.28227671461894904,0.4779080555611829,0.22947939293434771,True,True,86,77,0.4483733265755082,0.5637521256174708,1.0289878152106802,0.06434544297633678,-0.9646423722343433,1.093333258187017,-1.9936301874450235,2.122321073397697,0.8484882183267315,0.8005859313169821
CAKE,0.7456227815233886,0.7639902010190467,0.22422792772248368,0.1908396925947614,False,False,62,64,1.6979123744911537,1.717569089470436,1.935676548268072,0.15129643964224393,-1.784380108625828,2.086972987910316,-3.7200566568939,4.022649536178388,0.7568987311455218,0.7016165633412419
