,mae,mae_main_etf,r2_score,r2_score_main_etf,chisquare_normal,chisquare_normal_main_etf,n_days_error_bt_mae,n_days_error_bt_main_etf_mae,mean_abs_diff_when_bt_mae,mean_abs_diff_when_bt_main_etf_mae,stock_std,mean,lower_sigma,upper_sigma,lower_two_sigma,upper_two_sigma,r2_score_full,r2_score_main_etf_full
MCD,0.24487225523665057,0.2836915619179558,0.44606151991444665,0.17153761011476643,True,True,86,77,0.4464734127960334,0.5680283912594495,1.0276254025283034,0.0694565031292919,-0.9581688993990115,1.0970819056575953,-1.9857943019273148,2.1247073081858985,0.8482827046796777,0.8002844033210539
CAKE,0.7488015161383412,0.7486965060542871,0.1283033798191192,0.14525980497280422,False,False,64,64,1.6819807755053964,1.6703129891608959,1.9202206878410715,0.16361899155432916,-1.7566016962867423,2.0838396793954006,-3.6768223841278136,4.004060367236472,0.7544202360402694,0.7037442106694253
