,mae,mae_main_etf,r2_score,r2_score_main_etf,chisquare_normal,chisquare_normal_main_etf,n_days_error_bt_mae,n_days_error_bt_main_etf_mae,mean_abs_diff_when_bt_mae,mean_abs_diff_when_bt_main_etf_mae,stock_std,mean,lower_sigma,upper_sigma,lower_two_sigma,upper_two_sigma,r2_score_full,r2_score_main_etf_full
MCD,0.24276663769788875,0.2774691763735782,0.46949673202595066,0.22040689470970953,True,True,92,76,0.43383519455305614,0.5636146773516713,1.0198674585195575,0.06543361783907771,-0.9544338406804798,1.0853010763586353,-1.9743012992000373,2.1051685348781928,0.849251883274777,0.797719372622689
CAKE,0.7099706668361826,0.7316280128825065,0.29211690260197787,0.24543411511029434,False,False,65,67,1.554054014255018,1.584427268251324,1.9263725415001556,0.16674350270294527,-1.7596290387972102,2.093116044203101,-3.686001580297366,4.0194885857032565,0.7556825023510522,0.6987736612359488
