,mae,mae_main_etf,r2_score,r2_score_main_etf,chisquare_normal,chisquare_normal_main_etf,n_days_error_bt_mae,n_days_error_bt_main_etf_mae,mean_abs_diff_when_bt_mae,mean_abs_diff_when_bt_main_etf_mae,stock_std,mean,lower_sigma,upper_sigma,lower_two_sigma,upper_two_sigma,r2_score_full,r2_score_main_etf_full
CAKE,0.7099706668357493,0.7316280128824884,0.2921169026029171,0.2454341151102989,False,False,65,67,1.5540540142532864,1.5844272682513045,1.9263725415001556,0.16674350270294525,-1.7596290387972102,2.093116044203101,-3.686001580297366,4.0194885857032565,0.7556825023510516,0.6987736612359486
MCD,0.2427666376981671,0.27746917637366586,0.4694967320248514,0.22040689470930452,True,True,92,76,0.43383519455362224,0.5636146773518323,1.0198674585195577,0.06543361783907771,-0.95443384068048,1.0853010763586355,-1.9743012992000377,2.105168534878193,0.8492518832747777,0.797719372622688
