,mae,mae_main_etf,r2_score,r2_score_main_etf,chisquare_normal,chisquare_normal_main_etf,n_days_error_bt_mae,n_days_error_bt_main_etf_mae,mean_abs_diff_when_bt_mae,mean_abs_diff_when_bt_main_etf_mae,stock_std,mean,lower_sigma,upper_sigma,lower_two_sigma,upper_two_sigma,r2_score_full,r2_score_main_etf_full
MCD,0.24409453078160248,0.2818268955889533,0.4671278853313868,0.20513909862765722,True,True,89,76,0.4393729769260698,0.5688520919233118,1.0264795029659697,0.0664604699152318,-0.9600190330507379,1.0929399728812015,-1.9864985360167076,2.119419475847171,0.848472211267498,0.7999131028363925
CAKE,0.7296185059032644,0.7441861109239315,0.2667734803375853,0.23449096275570158,False,False,66,66,1.5877700523950784,1.6181791772854923,1.9329444630782235,0.15625488763949838,-1.776689575438725,2.089199350717722,-3.7096340385169486,4.022143813795945,0.7561448386720674,0.7005667129063662
