,mae,mae_main_etf,r2_score,r2_score_main_etf,chisquare_normal,chisquare_normal_main_etf,n_days_error_bt_mae,n_days_error_bt_main_etf_mae,mean_abs_diff_when_bt_mae,mean_abs_diff_when_bt_main_etf_mae,stock_std,mean,lower_sigma,upper_sigma,lower_two_sigma,upper_two_sigma,r2_score_full,r2_score_main_etf_full
CAKE,0.7171530555025186,0.7301220469623433,0.2886005657420708,0.25093692535575196,True,False,66,67,1.551058644557352,1.5775537744721524,1.9315398688988021,0.1627401373759057,-1.7687997315228965,2.094280006274708,-3.7003396004216986,4.02581987517351,0.7558522327265556,0.700272928593912
MCD,0.24635558741783167,0.2852247989779093,0.4657113038769364,0.19838501121583152,True,True,89,76,0.44417539580714344,0.578438612379211,1.0260614443901945,0.06866171838426884,-0.9573997260059257,1.0947231627744634,-1.9834611703961202,2.120784607164658,0.8482199700195554,0.7990607565901116
