,mae,mae_main_etf,r2_score,r2_score_main_etf,chisquare_normal,chisquare_normal_main_etf,n_days_error_bt_mae,n_days_error_bt_main_etf_mae,mean_abs_diff_when_bt_mae,mean_abs_diff_when_bt_main_etf_mae,stock_std,mean,lower_sigma,upper_sigma,lower_two_sigma,upper_two_sigma,r2_score_full,r2_score_main_etf_full
MCD,0.2448722552380573,0.28369156191791456,0.44606151990925025,0.1715376101149737,True,True,86,77,0.44647341279908825,0.5680283912593719,1.0276254025283034,0.0694565031292919,-0.9581688993990115,1.0970819056575953,-1.9857943019273148,2.1247073081858985,0.8482827046796775,0.800284403321053
CAKE,0.7488015161381733,0.7486965060543055,0.1283033798191091,0.14525980497276592,False,False,64,64,1.6819807755046812,1.6703129891609518,1.9202206878410715,0.16361899155432916,-1.7566016962867423,2.0838396793954006,-3.6768223841278136,4.004060367236472,0.7544202360402681,0.7037442106694247
