,mae,mae_main_etf,r2_score,r2_score_main_etf,chisquare_normal,chisquare_normal_main_etf,n_days_error_bt_mae,n_days_error_bt_main_etf_mae,mean_abs_diff_when_bt_mae,mean_abs_diff_when_bt_main_etf_mae,stock_std,mean,lower_sigma,upper_sigma,lower_two_sigma,upper_two_sigma,r2_score_full,r2_score_main_etf_full
MCD,0.2455344733583717,0.28219131979746076,0.4468363132429021,0.17783128431575468,True,True,86,76,0.44547002681365166,0.5677139678829627,1.0296602791557623,0.06869473816382653,-0.9609655409919358,1.0983550173195888,-1.990625820147698,2.128015296475351,0.8484557490416951,0.8007240684138076
CAKE,0.749283716096565,0.7436032275871531,0.12409607238421483,0.14564313274081842,False,False,64,62,1.6829333865177212,1.690113282959876,1.923602007792846,0.164417245597381,-1.759184762195465,2.088019253390227,-3.682786769988311,4.011621261183073,0.7545386237954144,0.7045052161011771
