,mae,mae_main_etf,r2_score,r2_score_main_etf,chisquare_normal,chisquare_normal_main_etf,n_days_error_bt_mae,n_days_error_bt_main_etf_mae,mean_abs_diff_when_bt_mae,mean_abs_diff_when_bt_main_etf_mae,stock_std,mean,lower_sigma,upper_sigma,lower_two_sigma,upper_two_sigma,r2_score_full,r2_score_main_etf_full
MCD,0.24735088801078844,0.28406217920247073,0.4475016579426445,0.17969744878916072,True,True,86,76,0.445723342565859,0.5678046398610751,1.032114413103112,0.06670864569671486,-0.965405767406397,1.0988230587998267,-1.9975201805095089,2.130937471902939,0.8482488098403383,0.8006023575004978
CAKE,0.7508577023178749,0.7429761939718091,0.12450903514937306,0.14548689307718865,False,False,63,62,1.6898196511072805,1.6901919216931518,1.9273605880785936,0.16749879368786832,-1.7598617943907253,2.094859381766462,-3.6872223824693187,4.022219969845056,0.7550349700424352,0.7042039507402411
