,mae,mae_main_etf,r2_score,r2_score_main_etf,chisquare_normal,chisquare_normal_main_etf,n_days_error_bt_mae,n_days_error_bt_main_etf_mae,mean_abs_diff_when_bt_mae,mean_abs_diff_when_bt_main_etf_mae,stock_std,mean,lower_sigma,upper_sigma,lower_two_sigma,upper_two_sigma,r2_score_full,r2_score_main_etf_full
MCD,0.24568901239274696,0.282276714618833,0.4779080555670666,0.2294793929349026,True,True,86,77,0.4483733265717596,0.5637521256172604,1.0289878152106802,0.06434544297633678,-0.9646423722343433,1.093333258187017,-1.9936301874450235,2.122321073397697,0.8484882183267313,0.8005859313169823
CAKE,0.7456227815237749,0.7639902010191781,0.22422792772150912,0.19083969259461475,False,False,62,64,1.6979123744940707,1.7175690894708233,1.935676548268072,0.15129643964224393,-1.784380108625828,2.086972987910316,-3.7200566568939,4.022649536178388,0.7568987311455215,0.7016165633412424
