,mae,mae_main_etf,r2_score,r2_score_main_etf,chisquare_normal,chisquare_normal_main_etf,n_days_error_bt_mae,n_days_error_bt_main_etf_mae,mean_abs_diff_when_bt_mae,mean_abs_diff_when_bt_main_etf_mae,stock_std,mean,lower_sigma,upper_sigma,lower_two_sigma,upper_two_sigma,r2_score_full,r2_score_main_etf_full
CAKE,0.7175930846460555,0.7323660101481299,0.28563794404941445,0.24696005517613517,True,False,66,67,1.5510586445544974,1.577553774471891,1.932171137429539,0.16063214998539174,-1.7715389874441472,2.0928032874149305,-3.703710124873686,4.024974424844469,0.7557726781460846,0.7000189804651549
MCD,0.24552369251794792,0.283451739749971,0.46798151166361557,0.20528169343505454,True,True,88,76,0.44439087768110375,0.5734193555267336,1.0266882190114806,0.06811506682201263,-0.9585731521894679,1.094803285833493,-1.9852613712009486,2.1214915048449736,0.8484276307377749,0.7996170175089251
