,mae,mae_main_etf,r2_score,r2_score_main_etf,chisquare_normal,chisquare_normal_main_etf,n_days_error_bt_mae,n_days_error_bt_main_etf_mae,mean_abs_diff_when_bt_mae,mean_abs_diff_when_bt_main_etf_mae,stock_std,mean,lower_sigma,upper_sigma,lower_two_sigma,upper_two_sigma,r2_score_full,r2_score_main_etf_full
CAKE,0.7536713551120607,0.7427083053168203,0.1197423238838139,0.1461691195451481,False,False,64,62,1.6907991941446276,1.6901692046484489,1.9249316077848408,0.16521054493969384,-1.759721062845147,2.0901421527245345,-3.684652670629988,4.015073760509376,0.75400186909056,0.70470790658428
MCD,0.24599288833251462,0.2833905554455001,0.4451264743932625,0.17730633816962993,True,True,86,76,0.44704837827793514,0.5677789723331428,1.0306417271943515,0.06680715984978089,-0.9638345673445706,1.0974488870441323,-1.9944762945389223,2.128090614238484,0.8480704637635922,0.8005006526120448
