,mae,shapiro_normal,pearson_normal,ks_normal,chisquare_normal,shapiro_normal_main_etf,pearson_normal_main_etf,ks_normal_main_etf,chisquare_normal_main_etf,n_days_error_bt_mae,mean_abs_diff_when_bt_mae,mae_main_etf,n_days_error_bt_main_etf_mae,mean_abs_diff_when_bt_main_etf_mae,stock_std,mean,lower_sigma,upper_sigma,lower_two_sigma,upper_two_sigma
WPM,0.41987418351345457,False,False,False,True,False,False,False,True,24,1.3467906159617506,0.4237476049679785,25,1.3019233234843712,1.9882672550712952,0.030632844970981257,-1.957634410100314,2.0189001000422766,-3.945901665171609,4.007167355113571
PVG,0.47288658244987863,False,False,False,False,False,False,False,False,38,0.9893081298339377,0.48915153639679526,39,1.023786699938879,1.8519943368796608,0.08747260489691733,-1.7645217319827435,1.939466941776578,-3.616516068862404,3.791461278656239
AU,0.7595735374322188,False,False,True,True,False,False,True,True,46,1.543091802975081,0.8048967183961814,41,1.718619332958606,2.342021814623796,0.12675256603469842,-2.2152692485890975,2.4687743806584943,-4.557291063212894,4.81079619528229
KGC,0.4682032765919257,False,False,False,True,False,False,False,True,28,1.3264364417495016,0.47374440478988106,28,1.3600009767949024,2.0193393855750186,0.12925542399089335,-1.8900839615841252,2.1485948095659118,-3.909423347159144,4.167934195140931
AEM,0.3916594540714126,False,False,False,True,False,False,False,True,37,0.8796251756528272,0.4099192172353829,37,0.9336280781748533,1.5620462321197766,0.09020365384873039,-1.4718425782710463,1.6522498859685069,-3.0338888103908226,3.2142961180882836
SSRM,0.48579303149638803,False,False,False,False,False,False,False,False,34,1.166739035060379,0.492490623377934,32,1.247013794910483,1.9043492191949756,0.1337659334464587,-1.7705832857485169,2.038115152641434,-3.6749325049434924,3.94246437183641
HL,0.8471072894281145,False,False,True,True,False,False,True,True,39,1.7757466024540507,0.8566339193174062,39,1.794515950215643,2.524639280333843,0.31685413532187173,-2.207785145011971,2.8414934156557146,-4.732424425345814,5.366132695989558
EQX,0.7257571016614348,False,False,False,False,False,False,False,False,39,1.589070888460561,0.7460702154984029,31,1.8919654019627008,1.7965005289933673,0.33821771908638615,-1.4582828099069811,2.1347182480797535,-3.2547833389003484,3.931218777073121
