,AU,KGC,PVG,HL,EQX,WPM,SSRM,AEM
AU,1,0.8874835429669533,0.5602105798144963,0.5618948080655926,0.496554082071632,0.7648163556865828,0.876859400674579,1.0580305213466803
KGC,0.5623284442041498,1,0.590177168446522,0.5598680104480502,0.49058427188121273,0.8942954068354285,0.8916484198040454,1.0916396183191468
PVG,0.49321114879544603,0.780324205475514,1,0.4824667987302721,0.3489258962276586,0.7814823189769686,0.8177302726934426,0.9616271576128872
HL,0.584151525934501,0.950960014105932,0.5948074296933659,1,0.4840945663373017,0.9874956247798036,1.0403291686950247,1.112118289406002
EQX,0.41722407167500475,0.6635264610306965,0.36322491938110696,0.4194016144834584,1,0.6281506525711672,0.6396247079549561,0.7695452808401693
WPM,0.48367496921346276,0.8813473336499336,0.5871724289069667,0.5787096729750585,0.44734938703888966,1,0.8983283457860383,1.0487186189863968
SSRM,0.5334048191061094,0.837175532336129,0.5708060876139397,0.5771129290734736,0.42474228900560573,0.8511459017792123,1,1.0097712619784582
AEM,0.446052148691641,0.7135785695603242,0.47149221817846415,0.43220837373895526,0.37973463497567567,0.690251760096182,0.7024979983645163,1
