,GDX,GLD
AEM,0.925020809981716,0.8608855155945183
AGI,0.9201047854163869,0.8525966555320169
SSRM,0.9144860493606297,0.8225853371447388
WPM,0.8751194012784289,0.7607850617689105
EQX,0.7321598451409099,0.6848877171138203
KGC,0.9282350886325832,0.8444457358363366
NEM,0.8996514639306338,0.8092001837785651
HL,0.8078143903799095,0.7760665397341667
PVG,0.8680020256454709,0.795475150407175
KL,0.9214789572091231,0.8060813330539518
