,GDX,GLD
EQX,0.7603810692190305,1.494967353086754
AU,1.1801983904788595,2.3818695485447132
AEM,0.8508838904271077,1.6471783792662422
AGI,0.9980397398134017,1.9287183590896049
NEM,0.7513854747714724,1.3754064390607492
WPM,1.0102340359031141,1.764459896866155
PVG,0.9911473607394823,1.9330344163926518
KL,1.042283616034099,1.8879460701590558
SSRM,1.037317921474391,1.9035308958016717
HL,1.2399983992298973,2.2083832793914318
KGC,1.1188130318880511,2.0949369995168015
