,KGC,AU,SSRM,PVG,WPM,HL,AEM,EQX
KGC,1,0.7433996118450269,0.8904462017569025,0.7024407074543245,0.9028712938958473,0.7578647929057386,0.8984989234340133,0.60055494955479
AU,0.7897626363860075,1,0.7612267948978831,0.5903280267076636,0.6820659740957705,0.6592930218998501,0.7733471403799647,0.5242722248567229
SSRM,0.8936485804050814,0.7478948034646796,1,0.7135689284815581,0.8984572787043072,0.805562840243878,0.8776927040664456,0.5497539151524504
PVG,0.8583296988192896,0.6989501127212068,0.8758382799518081,1,0.8573825723529767,0.7024825607554975,0.8534736764761771,0.40282611645797234
WPM,0.9016815233671581,0.6614094587110743,0.8867660159537643,0.6958976832326992,1,0.7789589435290677,0.8662092272385199,0.5580220492262532
HL,0.773033418741164,0.6899654173178135,0.8031478908776223,0.5584073598213992,0.7864450674263269,1,0.7414505883546433,0.5359348990656977
AEM,0.932256754926355,0.7564117137339906,0.9061873236069259,0.7216763013211525,0.9050600478209132,0.7563779509589356,1,0.5963693630393606
EQX,0.7642606591039903,0.6164719355447177,0.7288877677766467,0.4782695738256824,0.7319424514500454,0.6485117901155927,0.7201917576447117,1
