,GDX,GLD
EQX,0.7297219950205863,0.6837173925246071
AU,0.8319464760389802,0.7948144586618152
AEM,0.9248819015265015,0.8594259293968577
AGI,0.9199606551300954,0.8517726361900656
NEM,0.9014495617414181,0.8111228143134074
WPM,0.875138228615425,0.7610960891035614
PVG,0.8684939468998185,0.79738982003169
KL,0.9215929128482864,0.8070455608245923
SSRM,0.9150677874271057,0.8232727482381763
HL,0.8077758738553816,0.7695181621113709
KGC,0.9281109038247114,0.8441701973842854
