,PVG,WPM,AU,AEM,HL,KGC,EQX,SSRM
PVG,1,0.7824900164512091,0.4940395390038271,0.9624659120615525,0.48334505626964397,0.7811988693533332,0.35008312043842277,0.8182452618654473
WPM,0.587450935373549,1,0.48404571424809184,1.0482641221556932,0.5785152405961702,0.88112296694601,0.4475984439154358,0.897562263252614
AU,0.5611253510749742,0.7657669370806419,1,1.058007749730041,0.5622787776062035,0.8878329692585294,0.4968768046436098,0.8767705731108978
AEM,0.4721552581941722,0.6908473306095005,0.44638161606801047,1,0.4325238969638303,0.713894302077195,0.3803639431590128,0.7025962862368622
HL,0.5964653182485224,0.9885826367386531,0.5852264175021634,1.1131384073965747,1,0.9520755233118542,0.48572694923396664,1.040842906866566
KGC,0.5908836943932515,0.8948324523805572,0.5627841016079741,1.0916634243820265,0.5602034679345422,1,0.491277479073836,0.8915964124139552
EQX,0.3643250320466453,0.62888229265509,0.41764428720435853,0.7703075115311877,0.42018782936188454,0.6642589116845505,1,0.6403693569482654
SSRM,0.5717731477222913,0.851929372430658,0.5340084658453943,1.0103982750766718,0.5775780956395951,0.8378777989807764,0.4258490820521996,1
