,GDX,GLD
AU,0.8324480967972615,0.7950617413473517
NEM,0.9017136318115754,0.8111999093610052
AEM,0.9249472944369115,0.861228889637726
AGI,0.9202423355090011,0.8527213891721357
KL,0.9218272407945748,0.8078984556713373
EQX,0.7307082531812915,0.6855401692277001
PVG,0.8682210578038868,0.7959875549942211
WPM,0.875424038046225,0.7613914847021949
SSRM,0.913771473995217,0.8230746413234293
KGC,0.9283650473949151,0.8445542207139829
HL,0.808644774299463,0.771593769340028
