,GDX,GLD
AU,1.1808940702355994,2.3657394880372453
KGC,1.1214310208562321,2.1899945312240754
PVG,0.9958024650016492,1.9219656064510846
HL,1.2400739468492963,2.2499920885701203
EQX,0.7590623553350487,1.6055427393254358
WPM,1.0134532669993563,1.9381732334481738
SSRM,1.043683441201452,2.0073890042459204
AEM,0.8535350989519515,1.7327890412809175
