,AU,KGC,PVG,HL,EQX,WPM,SSRM,AEM
AU,1,0.789399830449151,0.589646696624146,0.6587668685700558,0.5237858542353367,0.682753956154898,0.7607511470142833,0.7729672289402377
KGC,0.7430069235200785,1,0.7019334751070637,0.7574654183208912,0.6001527960614985,0.9029728979546815,0.8902406592583841,0.8968604597458893
PVG,0.6984868936489167,0.8580732736725291,1,0.7019427469253489,0.4021575863269842,0.8572606861805985,0.8755790287026736,0.8539664110361013
HL,0.6894765101452203,0.7726292763339411,0.5576339781781736,1,0.5354180070292802,0.7861758741516757,0.8028130276039581,0.7346227395922992
EQX,0.615929250166523,0.7638923033641213,0.4774951540791446,0.6479855692870451,1,0.7316084577596071,0.7283973028134048,0.7213712392766787
WPM,0.6609611600962091,0.9015680236053504,0.6948823026106824,0.7781521933153758,0.5570138753625556,1,0.8864287686179063,0.8661078367096059
SSRM,0.7475141415921098,0.8934721836717738,0.7130607433181784,0.8052691914944418,0.5492899979739531,0.8984408309446295,1,0.8776398426682112
AEM,0.7568737054832001,0.9327609920812374,0.7211560104731112,0.7555520905270063,0.5947237626668457,0.9072653137837406,0.9075647719851345,1
