,GDX,GLD
NEM,0.9012391474760656,0.8109018030649607
SSRM,0.9136032370485899,0.8226296465723024
KGC,0.9284287225388596,0.8445843857974988
AEM,0.9248697671364665,0.8613151953547891
HL,0.8072748176793774,0.7680966381155958
EQX,0.7308216223044041,0.6854421599221876
KL,0.9217572478232979,0.8076211695059421
AGI,0.9202789357485578,0.8526188545057511
AU,0.8321748088348755,0.794277425946973
PVG,0.8680562976927094,0.7954872511040826
WPM,0.8752459732476473,0.7611947976616451
