,GDX,GLD
EQX,0.7565757099311348,1.5996852266482178
WPM,1.0132607621930854,1.9370902473719716
KGC,1.121292146842712,2.189158348875629
HL,1.2374980070591763,2.243453224870021
PVG,0.9947188596295385,1.9191935999131073
SSRM,1.0432591948991583,2.003047390968002
AEM,0.853385138944296,1.7316203600061568
AU,1.182047354012379,2.3746714072269506
