,GDX,GLD
EQX,0.7603438078643842,1.495044760108518
AGI,0.9979679764925605,1.9286723695562809
KGC,1.1187204510983457,2.094851479800525
AU,1.1800978597501264,2.382020430297987
NEM,0.7524331139542949,1.3805485368992405
AEM,0.850386095673425,1.6467216987157198
PVG,0.9911300428330836,1.9333844716418749
SSRM,1.0371394694492002,1.9032643696652851
KL,1.0422097410349045,1.8878829890526336
HL,1.2398067297523614,2.2077389172295767
WPM,1.0101707059940417,1.7644701622419665
