,GDX,GLD
EQX,0.7296492148129151,0.6836652042191778
AGI,0.9200226307200451,0.8518382202428147
KGC,0.9281117515436474,0.8439501557038055
KL,0.921712232515231,0.8071692648166303
NEM,0.9016971456906492,0.8108025830925254
AEM,0.9245908390510796,0.8594831088865108
WPM,0.8750901583680092,0.7609080400472882
SSRM,0.9135843064344591,0.8213713300052053
HL,0.8078688367724106,0.7694801092873641
PVG,0.8685355725507633,0.7975824326720132
AU,0.8318408854602939,0.7946226850682112
