,GDX,GLD
AEM,0.8540150600936925,1.7331024032788758
EQX,0.7587238736518178,1.6048249059079625
KGC,1.1213786344842782,2.189672786450069
AU,1.1808994971158777,2.3723809338606756
PVG,0.9955168322676603,1.9212319026245936
SSRM,1.0433738706061846,2.0036562260218838
WPM,1.0133961627490216,1.9378232176202546
HL,1.2397232464412815,2.2489963204371635
