,PVG,KGC,EQX,AEM,AU,SSRM,WPM,HL
PVG,1,0.8583790767645099,0.4030024374234986,0.8536393192569136,0.6990233771646909,0.8758575747722783,0.8574270533428477,0.7026667076155217
KGC,0.7029779230740641,1,0.60064764280615,0.89870473810815,0.744421228459286,0.889641137013834,0.902973739884282,0.7584963241931207
EQX,0.47883114829187245,0.7634977827976105,1,0.7206868154670849,0.616749600502898,0.7298053186708783,0.7334280749522075,0.6499746202572796
AEM,0.7213640253344533,0.9323642148123683,0.5956875823657514,1,0.7564805092789293,0.906545218505901,0.9049006288832677,0.756509941978613
AU,0.590559244951949,0.7898520555382172,0.5243853986540952,0.773430655845731,1,0.7613297694762806,0.6822047988501925,0.6594384453280642
SSRM,0.7137534448373019,0.8937018586047273,0.5498732226274339,0.8777337055405635,0.747983735193426,1,0.8985057017307743,0.8056560432641974
WPM,0.6960893846077968,0.9017306091783982,0.5581340509387283,0.8662605278839464,0.661534435756833,0.8868186650642671,1,0.7790681474487408
HL,0.5587341808146127,0.773159376518362,0.5360542245171601,0.742851892874332,0.6900745494565977,0.8032460046938585,0.7865555014408231,1
