,GDX,GLD
AU,0.8318936176219106,0.7947405308653026
WPM,0.8751324883111292,0.7610093935480432
HL,0.8079949843080448,0.7697388499917434
EQX,0.7296445398658657,0.6836533303101752
AEM,0.9246313493621138,0.8595808621065507
SSRM,0.9135832901654634,0.821377155442345
KL,0.9217408213586694,0.8072491384267156
PVG,0.8685356582282384,0.7975676755746162
NEM,0.9017315702867156,0.8108871995435185
AGI,0.9201086000034331,0.852004970648814
KGC,0.9281105968194389,0.8439464529407859
