,AEM,EQX,KGC,AU,PVG,SSRM,WPM,HL
AEM,1,0.5938575525511838,0.9322591488906887,0.7566961124998102,0.7204364632742936,0.9068656548508441,0.904781149198367,0.7558921654545987
EQX,0.7196624061706867,1,0.7637409144630287,0.6157751270697017,0.4770955783819147,0.7281313998091361,0.7314620179512695,0.6476967959696301
KGC,0.8968361166100564,0.5999653830145681,1,0.7414064547620818,0.7017432762623024,0.8895300712779466,0.9029275786640699,0.7573163770942867
AU,0.7738156872786796,0.5240056849029114,0.7893089431688146,1,0.5902025434663934,0.7622086850260062,0.6826191279452338,0.6594341922956319
PVG,0.8532328788383643,0.4018417087318219,0.8579983518392746,0.6983980148824176,1,0.8760611291336371,0.8572106686537299,0.701707035524123
SSRM,0.8776717892414987,0.5492335679836509,0.8934272407928219,0.7474682937818311,0.7128304143320292,1,0.8984237549946154,0.8044840883600275
WPM,0.8660664965640354,0.5568094004213474,0.9015195465312899,0.6594803601760184,0.6947089913256881,0.8867880911417684,1,0.7780393549685002
HL,0.743585983202286,0.5351467946134796,0.7724848481004097,0.6893867920962299,0.557287315008562,0.8026490955796252,0.7860669235660572,1
