,GDX,GLD
AGI,0.9997478464443121,1.926013158175562
KGC,1.1199648628174086,2.0890431665690037
EQX,0.7643082556980116,1.494834474840324
WPM,1.007930956968879,1.7538108559519776
NEM,0.750505247977114,1.3710835789077496
PVG,0.9880988816663531,1.9152280166583409
SSRM,1.0391011276682616,1.9016539826978762
AEM,0.8513932039097798,1.6434403902876358
HL,1.2398600874742538,2.218664109899378
KL,1.039814501036148,1.872810295460676
