,WPM,PVG,AU,KGC,AEM,SSRM,HL,EQX
WPM,1,0.6947089913256885,0.6594803601760189,0.90151954653129,0.866066496564035,0.8867880911417675,0.7780393549685004,0.5568094004213477
PVG,0.8572106686537292,1,0.6983980148824176,0.8579983518392736,0.8532328788383654,0.8760611291336375,0.701707035524123,0.40184170873182173
AU,0.682619127945234,0.5902025434663934,1,0.789308943168815,0.7738156872786796,0.762208685026006,0.659434192295632,0.5240056849029112
KGC,0.9029275786640696,0.7017432762623025,0.741406454762082,1,0.8968361166100569,0.8895300712779466,0.7573163770942871,0.5999653830145684
AEM,0.9047811491983672,0.7204364632742933,0.7566961124998095,0.9322591488906891,1,0.906865654850844,0.755892165454599,0.5938575525511838
SSRM,0.8984237549946159,0.7128304143320303,0.7474682937818309,0.8934272407928214,0.8776717892414987,1,0.8044840883600279,0.5492335679836506
HL,0.7860669235660573,0.5572873150085621,0.6893867920962298,0.7724848481004095,0.7435859832022854,0.8026490955796256,1,0.5351467946134801
EQX,0.7314620179512694,0.4770955783819145,0.6157751270697018,0.7637409144630293,0.7196624061706862,0.7281313998091361,0.6476967959696303,1
