,GDX,GLD
PVG,0.9966906904630702,1.9213439069891844
WPM,1.0129852398676886,1.9341883367090296
AU,1.1807863329178552,2.363075980538065
AEM,0.8537200094444162,1.7295147329001814
HL,1.2411282927026588,2.2504487907452746
KGC,1.1213297690446509,2.186343416465508
EQX,0.7599251806433907,1.604328156452185
SSRM,1.0442052018011954,2.005729407428721
