,GDX,GLD
NEM,0.7512873639632759,1.3736197947293864
SSRM,1.039192345555411,1.9031835314860694
KGC,1.1191613618956902,2.0890425116257925
AEM,0.8552125366922037,1.6524489442669819
HL,1.2412738434739412,2.199174426633366
EQX,0.762696688983476,1.496300931447281
KL,1.042433318309635,1.882801164149069
AGI,0.9990880570676899,1.9257388883357207
AU,1.179451676379279,2.369768593346456
PVG,0.9886693433674684,1.9179098222744229
WPM,1.009037337304748,1.7564608833856459
