,GDX,GLD
AU,1.1794516763792793,2.369768593346458
HL,1.2412738434739405,2.199174426633366
WPM,1.009037337304748,1.7564608833856465
KGC,1.1191613618956897,2.0890425116257934
AEM,0.855212536692204,1.6524489442669814
NEM,0.7512873639632758,1.373619794729386
EQX,0.7626966889834763,1.496300931447281
KL,1.0424333183096353,1.8828011641490674
SSRM,1.039192345555411,1.9031835314860694
AGI,0.9990880570676897,1.925738888335722
PVG,0.9886693433674685,1.9179098222744233
