,GDX,GLD
PVG,0.8709523323284583,0.8022378207168357
KGC,0.926800223035318,0.856372029919386
EQX,0.7292955240593657,0.709197342359002
AEM,0.9199108339258625,0.8683172666937072
AU,0.8306804396547255,0.7971637851664544
SSRM,0.9145396170734077,0.8389073463253015
WPM,0.8766534406541365,0.7819197210742856
HL,0.8078803251564736,0.7839766603362476
