,GDX,GLD
KGC,1.121650523101398,2.1889050615302215
AU,1.1812731232318852,2.3648571890125103
SSRM,1.0444223223355211,2.0080887186825938
PVG,0.996366231907066,1.9219853203749282
WPM,1.0134163960756815,1.9375036554579066
HL,1.2405915909793286,2.2500285302407206
AEM,0.8552822944590366,1.7349695802401204
EQX,0.7594649533204669,1.6051347052941314
