,GDX,GLD
WPM,0.8751603925949747,0.7608622829455982
KL,0.921131843340005,0.8060965182191704
HL,0.8079123065844203,0.7762503178277831
AGI,0.9201557795458982,0.8527068315024549
KGC,0.928237887454884,0.8444577508618946
SSRM,0.9127458380408285,0.8216561156008965
PVG,0.8681153878459585,0.7956448329058119
NEM,0.9000520094451712,0.8095058610396355
EQX,0.7306202074929574,0.684871651527795
AEM,0.9246649703387857,0.8609089564474766
