,EQX,WPM,KGC,HL,PVG,SSRM,AEM,AU
EQX,1,0.6266949259015738,0.661643587054357,0.4188838138201928,0.36148955630858526,0.6378000753446951,0.7642452316345895,0.41542867735623984
WPM,0.4466252354135435,1,0.8812463914664828,0.579095030666423,0.5866642736993248,0.8981253068127718,1.04889472936834,0.48274815124745546
KGC,0.4898283364239696,0.8939086712761902,1,0.5599711648471717,0.5895022550960552,0.8961739486747213,1.091710577315194,0.5606447622353964
HL,0.4823458300105234,0.9854578416261419,0.9488000936340867,1,0.5921932978339653,1.0384803772364755,1.1226493138808158,0.5828106913031645
PVG,0.34785212104411806,0.780480929874948,0.7793869926089011,0.4817682120362078,1,0.8175894137248134,0.9594696555221647,0.4924170807408365
SSRM,0.4228792377253437,0.8506332718345881,0.8367373925907293,0.576256272709828,0.5700122915972236,1,1.0095933640230546,0.5327309251778758
AEM,0.37965631937156524,0.6911823038217574,0.7152079665941952,0.4329382301531264,0.4715856840545987,0.705504924976172,1,0.44729751557688496
AU,0.4982744306167355,0.764933773815499,0.8880749297530565,0.565095611832108,0.5626940112583261,0.884611678929452,1.0626316568889607,1
