,AEM,EQX,KGC,AU,PVG,SSRM,WPM,HL
AEM,1,0.38024153618088263,0.7156999987950711,0.44776466508020435,0.4723125368297535,0.7061020133930478,0.6917746438731399,0.43324075205332097
EQX,0.7659742231347596,1,0.6632881828078628,0.41699292256524184,0.3628805530467031,0.6394051422107997,0.6278791119739429,0.4191793470569552
KGC,1.0914700084914772,0.49037769963821126,1,0.5610829610315556,0.5900291107437458,0.8964690362837553,0.8942042426883984,0.5597979573130937
AU,1.0612279094953436,0.4984839504224306,0.8874518836336427,1,0.5625418225336977,0.8841155684533947,0.7646840847361981,0.5640187959204256
PVG,0.9600563816690327,0.34857614200045123,0.7800912533211214,0.49297450828042,1,0.8183187520235244,0.7812356561564772,0.48224181669817695
SSRM,1.0094216919283785,0.42342998193776077,0.8369262160671654,0.5331452952898279,0.5704833061698104,1,0.8508917364051585,0.5758982256094997
WPM,1.0485745740486452,0.44715021894268003,0.881328482447216,0.4831683980553486,0.5870688165693485,0.8982737547187434,1,0.5786946079844455
HL,1.1249893032068836,0.48365264596319607,0.950649928337952,0.5838374367170389,0.5943670359716341,1.0402297005381604,0.9872010694349812,1
