,EQX,WPM,KGC,HL,PVG,SSRM,AEM,AU
EQX,1,0.7325165975692471,0.7638420305755009,0.6486394986923554,0.47668223167827,0.7285902327296383,0.7197168553621535,0.6157274796820925
WPM,0.556572683103111,1,0.9013516306238466,0.7776840602518834,0.6941399159879611,0.8866014454046196,0.8658424097097788,0.6594141860621555
KGC,0.5997987533708576,0.9027685711818251,1,0.7567846452556302,0.701135736927715,0.8893324836515593,0.8966378295587261,0.7414551667249499
HL,0.535372242241402,0.7857769874757148,0.772046518717338,1,0.556042480307522,0.8023395826955453,0.7427280011265828,0.690164023088891
PVG,0.40143693586455076,0.857004447543487,0.8577299214197415,0.7007064082047014,1,0.8758641461625556,0.8528117216497337,0.6985820295959558
SSRM,0.5489916284915126,0.8982580227307594,0.8932301916582569,0.8041410344226642,0.7122443167286117,1,0.8774272339441578,0.7475186132810105
AEM,0.5938035007405958,0.9046879147177309,0.9321706721612701,0.7550601648439316,0.719777658530144,0.9067510810935894,1,0.7569966106982927
AU,0.5238028296620885,0.6824609961047642,0.7893082310652888,0.6595564515666599,0.5899233574853534,0.7621485799865994,0.773932030727289,1
