,GDX,GLD
EQX,0.7281822842186314,0.7080885894628685
WPM,0.8761289796817634,0.7802530692386325
KGC,0.926483107027916,0.8553598650394462
HL,0.8069099872699526,0.7829211022035181
PVG,0.8702855955549041,0.8011981973325815
SSRM,0.91418289661423,0.8371996137124245
AEM,0.9195503618516099,0.8677859929152086
AU,0.8303738137587418,0.7977691655251501
