,GDX,GLD
AU,1.1802069415233312,2.374345772605067
NEM,0.7531341886042663,1.3790831662043044
AEM,0.85529061451418,1.6532751689060627
AGI,0.9991895885321329,1.9274094571473248
KL,1.0428902756692053,1.8853401166894375
EQX,0.7626231660808122,1.4974898646434258
PVG,0.9893645856991345,1.9213174769717276
WPM,1.0096895425321584,1.7587701275248853
SSRM,1.039919145335197,1.906376304423537
KGC,1.1191968693148608,2.0904129249655075
HL,1.2434272541885736,2.214105060803572
