,SSRM,KGC,EQX,AU,PVG,HL,WPM,AEM
SSRM,1,0.8935039446285513,0.5493822299444474,0.7475671497320227,0.7131528130510908,0.8053340478009376,0.8982016543841811,0.8775514615065557
KGC,0.8902744092510987,1,0.6002414436873725,0.7430641783653589,0.702037233177974,0.7575548542423318,0.90258794690471,0.898358693914941
EQX,0.7284506611131102,0.7639417207770776,1,0.6159973523180907,0.4776209957075959,0.6480686131963983,0.7316594442455057,0.7198163752814365
AU,0.760810076307554,0.7894543162732921,0.5238812884955573,1,0.5897596500987762,0.6588641192162383,0.6817197233327318,0.7730252419933125
PVG,0.8756016274728678,0.8581125736024893,0.4023161706643749,0.6985435204802045,1,0.7020850111740714,0.8568414534406472,0.8532679300358658
HL,0.8028768408790486,0.7727112933458932,0.5355262930257527,0.6895410615806303,0.5578128519551859,1,0.7855202112698798,0.7410912875109478
WPM,0.8867284089485169,0.9015902910371547,0.5588323330628303,0.6623010343420468,0.6955653996789616,0.7787394854442152,1,0.8664998957663331
AEM,0.906055046249269,0.9321615780768475,0.5960508119047253,0.756100826197431,0.7213122224387719,0.7560734596407269,0.9049808621295428,1
