,GDX,GLD
AU,0.8321748088348756,0.7942774259469731
HL,0.807274817679377,0.7680966381155959
WPM,0.8752459732476473,0.7611947976616454
KGC,0.9284287225388592,0.844584385797499
AEM,0.9248697671364666,0.861315195354789
NEM,0.9012391474760653,0.8109018030649605
EQX,0.730821622304404,0.6854421599221873
KL,0.9217572478232979,0.8076211695059414
SSRM,0.91360323704859,0.8226296465723023
AGI,0.9202789357485577,0.8526188545057515
PVG,0.8680562976927096,0.795487251104083
