,GDX,GLD
WPM,1.0133961627490211,1.9378232176202541
PVG,0.9955168322676599,1.9212319026245939
AU,1.1808994971158786,2.3723809338606734
KGC,1.121378634484279,2.1896727864500685
AEM,0.8540150600936925,1.7331024032788758
SSRM,1.0433738706061848,2.0036562260218838
HL,1.239723246441282,2.2489963204371626
EQX,0.7587238736518183,1.6048249059079613
