,GDX,GLD
HL,1.2434272541885736,2.214105060803571
SSRM,1.0399191453351972,1.9063763044235364
KGC,1.1191968693148608,2.0904129249655097
NEM,0.7531341886042661,1.3790831662043053
PVG,0.9893645856991351,1.9213174769717276
WPM,1.0096895425321588,1.7587701275248857
AGI,0.9991895885321329,1.9274094571473248
EQX,0.7626231660808115,1.4974898646434263
KL,1.0428902756692062,1.8853401166894366
AEM,0.8552906145141806,1.6532751689060627
AU,1.180206941523331,2.3743457726050674
