,GDX,GLD
PVG,0.9966202621539748,1.9228343011132978
KGC,1.1214493621315713,2.192896470582676
EQX,0.7572106249801194,1.5999308058873087
AEM,0.854350084690134,1.7328050033754165
AU,1.1810151356167036,2.3648770220352358
SSRM,1.044241170430115,2.0082334933789103
WPM,1.0133079663428748,1.9377965948096203
HL,1.2405820701954466,2.2506678985989113
