,GDX,GLD
SSRM,1.0391011276682622,1.901653982697875
KGC,1.119964862817409,2.0890431665690015
EQX,0.764308255698012,1.494834474840324
AGI,0.9997478464443121,1.926013158175562
WPM,1.007930956968879,1.7538108559519765
AEM,0.8513932039097798,1.6434403902876344
HL,1.239860087474254,2.2186641098993776
NEM,0.7505052479771142,1.3710835789077496
PVG,0.9880988816663525,1.9152280166583409
KL,1.0398145010361477,1.8728102954606778
