,GDX,GLD
WPM,1.0085943833215791,1.7535922049153991
KL,1.0412617210938135,1.8765122277921609
HL,1.2393568304879918,2.216712683174449
AGI,0.9993965780015046,1.9252308983668849
KGC,1.1198579573353011,2.0888911154776806
SSRM,1.038761773659745,1.9005265167024046
PVG,0.988669316580201,1.9164718317180343
NEM,0.7505654594819448,1.3706298035004587
EQX,0.7623835208995744,1.4935938466132492
AEM,0.8553474744072344,1.6509394933190007
