,GDX,GLD
EQX,0.7604469066465459,1.4959035347818443
AGI,0.9982035393160709,1.9300303963873677
KGC,1.1185397374495323,2.0948670849301934
KL,1.0425774516329858,1.8895186079656159
NEM,0.7528073545445018,1.3821305040993903
AEM,0.8507901292476178,1.6481637649479328
WPM,1.0102027983322293,1.7649232009993454
SSRM,1.0401084883172023,1.9106617255813674
HL,1.2401329559684175,2.209206445529179
PVG,0.9914375457327962,1.9349983038363676
AU,1.1799731477628346,2.3823743159473914
