,GDX,GLD
SSRM,0.9125761434581097,0.8214940806298736
PVG,0.8677787241547393,0.795136968486517
KL,0.9212679429011105,0.8056672000887346
HL,0.8076735053076134,0.7759385497476683
WPM,0.8746963381879874,0.7608703646813627
AEM,0.9244443073857468,0.8599476967485665
EQX,0.7314019679462134,0.6842347697862061
KGC,0.9282876877436268,0.8445360264148665
NEM,0.8999970502707264,0.8096064141846627
AGI,0.9198115948145082,0.852226628784442
