,GDX,GLD
SSRM,0.91257614345811,0.8214940806298733
KGC,0.9282876877436277,0.8445360264148662
EQX,0.7314019679462141,0.684234769786206
AGI,0.9198115948145085,0.8522266287844417
WPM,0.8746963381879875,0.7608703646813628
AEM,0.9244443073857462,0.859947696748566
HL,0.8076735053076134,0.7759385497476682
NEM,0.8999970502707264,0.8096064141846622
PVG,0.8677787241547389,0.795136968486517
KL,0.9212679429011109,0.8056672000887343
