,GDX,GLD
PVG,0.8710189352387777,0.8021187496060093
WPM,0.876553742790901,0.7806463301834841
AU,0.8304780432543541,0.7970194985632477
AEM,0.9235271255390352,0.8716344420963368
HL,0.8079729775228369,0.784037141554915
KGC,0.9267654001661257,0.8555375209772959
EQX,0.7287567196824577,0.7089430628810612
SSRM,0.9144807012086646,0.8383600116980708
