,GDX,GLD
EQX,0.7306012979362712,0.6848727788358266
SSRM,0.9127106096951055,0.8216461274400896
KL,0.9211155157475317,0.8060982230705083
WPM,0.8751230975388898,0.7607882939142441
KGC,0.9282371412281177,0.844448936884446
NEM,0.9000515366995532,0.8097282169667184
AGI,0.9201195435730324,0.8526214071853938
AEM,0.9246141188463555,0.8608894474041148
HL,0.8077932260066643,0.7760258736210387
PVG,0.8680570283733005,0.7955511446916635
