,GDX,GLD
PVG,0.8680914536806399,0.7956025372755473
AEM,0.9246801471951144,0.8609529375280167
HL,0.8078799300269166,0.7761613071715456
KL,0.921374674070958,0.8067841969312294
WPM,0.8751506423296962,0.7608445102165716
KGC,0.9282268300239284,0.8444080353848008
EQX,0.7306061094383037,0.684860032467298
AGI,0.9201433527724084,0.8526825225784725
NEM,0.9002254267729132,0.8097750741610855
SSRM,0.9127366643706537,0.821638551389368
