,KGC,AU,SSRM,PVG,WPM,HL,AEM,EQX
KGC,1,0.5627929676843852,0.8915611535589918,0.590714553163645,0.8933754569709488,0.5602421375290011,1.0851385307367394,0.4912191743181524
AU,0.8878654228549075,1,0.8770556790459267,0.5609476822579146,0.7625171256437446,0.5623829264776807,1.0586390312917766,0.4972759953712893
SSRM,0.8377373441766066,0.5341049806650012,1,0.5715986165005371,0.8518096713702014,0.5776285254562782,1.0063996026212803,0.425593245593072
PVG,0.7808145849063934,0.4938281487754719,0.8179431443655074,1,0.7821012776308524,0.483046044224315,0.9610340891419955,0.3497279025201207
WPM,0.8812018571141135,0.484000177394707,0.8983806971616356,0.5883412027570015,1,0.5794404564344003,1.045354191752072,0.4488246112362976
HL,0.9514743549758824,0.5848747367274412,1.0403321614152694,0.5957250188512636,0.9881361633863434,1,1.1182651612392556,0.48500702279885977
AEM,0.7166605429766907,0.4497590221637189,0.7055559267715854,0.47491607358050386,0.6929753503481411,0.4334920315224298,1,0.3834297232498521
EQX,0.6637380354562834,0.41762221977041636,0.6397282078828098,0.36379317751236356,0.6285551221315977,0.41972458617621383,0.7667186017869467,1
