,GDX,GLD
AGI,0.9198115948145085,0.8522266287844416
KGC,0.9282876877436275,0.844536026414867
EQX,0.7314019679462136,0.6842347697862059
WPM,0.8746963381879874,0.760870364681363
NEM,0.8999970502707266,0.8096064141846623
PVG,0.8677787241547392,0.7951369684865168
SSRM,0.9125761434581094,0.8214940806298735
AEM,0.9244443073857461,0.8599476967485664
HL,0.8076735053076133,0.7759385497476683
KL,0.921267942901111,0.8056672000887343
