,GDX,GLD
KGC,0.9267786506693237,0.8559030252694007
AU,0.8306311107372831,0.7970747892556036
SSRM,0.9145079330270438,0.8388175312759691
PVG,0.8708262384450215,0.8021106363398522
WPM,0.8765857835561172,0.7817921485348803
HL,0.8077495112930639,0.7838320767020308
AEM,0.9199809214232284,0.868200808794633
EQX,0.7287475917824389,0.7093535890513988
