,GDX,GLD
EQX,0.7282982689476568,0.7088838345387551
PVG,0.8706411489650724,0.8017725573889979
WPM,0.8764322265214206,0.7807928112451944
AEM,0.9235334995717152,0.8723435314306304
HL,0.8074490944892039,0.7834433587097933
SSRM,0.9143825979455666,0.8383715921469896
AU,0.8303417527317785,0.7967401172021005
KGC,0.9266677010913091,0.8557261308115646
