,PVG,KGC,EQX,AEM,AU,SSRM,WPM,HL
PVG,1,0.7811074440068839,0.35001880710179417,0.961213068526985,0.49409763693805614,0.8182437604503515,0.7823964803173292,0.4833209602547688
KGC,0.5923500645536445,1,0.49138915762520435,1.086486201200524,0.5643340730756987,0.8929029814902333,0.8947937576357765,0.5616209833494173
EQX,0.3628857138608479,0.6582903932253179,1,0.7644639735032457,0.4164389772472961,0.6382873850416307,0.6275428163483843,0.4191012018144452
AEM,0.47410420551919574,0.7159652689460752,0.38249226353034443,1,0.4491268849290924,0.7047964214396625,0.6923205581561258,0.43373071594445356
AU,0.5610789993285773,0.8879150403440157,0.49743948841101593,1.0583550194939735,1,0.8771466603825318,0.7626407256578658,0.5624717763004131
SSRM,0.5716823801957718,0.8377856393935124,0.42577044561836813,1.0061225927054993,0.534236875283536,1,0.8518553278101153,0.5776827258292974
WPM,0.5884380470227139,0.8812558490272884,0.44900823484713864,1.0450847258958278,0.4841633587449649,0.898454088050096,1,0.5795155183825885
HL,0.5960401038272216,0.9516789664641818,0.4852897526338465,1.1207620537121397,0.5851210598483001,1.0405070492541175,0.9883145077678154,1
