,GDX,GLD
SSRM,1.043780377984539,2.0076230338808725
KGC,1.121546431853512,2.190263490609483
EQX,0.759132179193677,1.6057039003101787
AU,1.1809824633896582,2.365971650130529
PVG,0.9960167745153148,1.9223798562894285
HL,1.2403181434933848,2.25046839851601
WPM,1.013531335735429,1.9391711186030771
AEM,0.8552056646257122,1.7362082660211098
