,EQX,PVG,WPM,AEM,HL,SSRM,AU,KGC
EQX,1,0.4774951540791446,0.7316084577596079,0.7213712392766787,0.6479855692870454,0.728397302813405,0.615929250166523,0.7638923033641217
PVG,0.402157586326984,1,0.8572606861805978,0.8539664110361009,0.7019427469253492,0.8755790287026732,0.698486893648916,0.8580732736725293
WPM,0.5570138753625562,0.6948823026106828,1,0.866107836709606,0.7781521933153754,0.8864287686179066,0.6609611600962091,0.9015680236053499
AEM,0.5947237626668456,0.7211560104731113,0.9072653137837409,1,0.7555520905270066,0.9075647719851347,0.7568737054832,0.9327609920812373
HL,0.53541800702928,0.5576339781781741,0.7861758741516754,0.7346227395922995,1,0.8028130276039587,0.6894765101452208,0.7726292763339417
SSRM,0.5492899979739528,0.7130607433181785,0.8984408309446292,0.8776398426682107,0.805269191494442,1,0.7475141415921102,0.8934721836717738
AU,0.523785854235337,0.5896466966241461,0.6827539561548984,0.7729672289402378,0.6587668685700555,0.760751147014283,1,0.7893998304491517
KGC,0.6001527960614984,0.7019334751070639,0.9029728979546813,0.8968604597458895,0.757465418320892,0.8902406592583837,0.7430069235200785,1
