,PVG,WPM,AU,AEM,HL,KGC,EQX,SSRM
PVG,1,0.8573463853397499,0.6989287015373955,0.8542633359480424,0.7028545729832869,0.8583992791094532,0.4032820193850213,0.8758530920598143
WPM,0.6954825241865346,1,0.6615086449073199,0.8662670897433116,0.7783984496944003,0.9016996083262105,0.5574171356775078,0.8864426814570445
AU,0.5904875477369492,0.6832276373194629,1,0.7730173974544572,0.6593264936487582,0.7896545220054114,0.5239863946545094,0.7609401768620099
AEM,0.721836742188762,0.9072710355974534,0.7568978520207956,1,0.7559582309125684,0.932819896739063,0.5953222636930157,0.9076911286722332
HL,0.5589161886456185,0.7863668201907092,0.689882809581242,0.7351048001795087,1,0.7731760579540086,0.5365099640716255,0.8032570704235282
KGC,0.7027007527936465,0.903089067245432,0.7433499272993216,0.8970336477514069,0.7580457014098575,1,0.6008270577075165,0.8905186438645817
EQX,0.4786567776162809,0.7316589007659099,0.6160148430386648,0.7217936456349459,0.6489053831917835,0.7642677796724585,1,0.7290879418677866
SSRM,0.7137919920275868,0.898392038562914,0.7476586334046623,0.8778463166436644,0.8056790102553862,0.8937135925761869,0.5502058876025421,1
