,GDX,GLD
AEM,0.9197023113630793,0.8680954147645079
EQX,0.7281149500609257,0.708727101254349
KGC,0.9266280791317518,0.8556585913075082
AU,0.8302713005964943,0.7977043677882688
PVG,0.8705738562930418,0.8016871159584756
SSRM,0.9143564028693251,0.8375388813598653
WPM,0.876366856294206,0.7806894962279051
HL,0.8073277020024743,0.7833500188203308
