,GDX,GLD
EQX,0.7623837989738991,1.4936363094902079
SSRM,1.0387656775159564,1.900585968218263
KL,1.0412647230084426,1.8765458329395244
WPM,1.0085863120287177,1.7534816323683922
KGC,1.1198568247304028,2.0888548602203283
NEM,0.7505651070396889,1.368160278470083
AGI,0.9992925448101104,1.9248865217427904
AEM,0.8553554323501601,1.6510031829094265
HL,1.2393375839329521,2.216471657115057
PVG,0.9886590260893877,1.9163471321881305
