,GDX,GLD
EQX,0.729712078414482,0.6836704259317766
AGI,0.9200029196005093,0.851723869593384
KGC,0.9281568740290852,0.8441147182467574
AU,0.831994629262448,0.7948468601977439
NEM,0.9015318093794453,0.8104398084676925
AEM,0.9245737800625763,0.8594444087570426
PVG,0.8684874693455679,0.7974087097640786
SSRM,0.9149516561972326,0.8230624590168863
KL,0.9216343411647345,0.8069822574937295
HL,0.8078550989229868,0.7694090803747146
WPM,0.8751490837976325,0.7610346566055364
