,GDX,GLD
SSRM,0.9143872696416363,0.838363403682005
KGC,0.9266671070736161,0.8557121539870964
EQX,0.7283445903553396,0.7089116007663202
AU,0.8303727598675478,0.7967555239638309
PVG,0.8706135040543359,0.8017099540088383
HL,0.80746775854875,0.7833996683777946
WPM,0.8764516677988501,0.7816169117286321
AEM,0.9198594417138048,0.8680599242530073
