,WPM,PVG,AU,KGC,AEM,SSRM,HL,EQX
WPM,1,0.5870688165693485,0.483168398055349,0.8813284824472157,1.0485745740486452,0.8982737547187425,0.5786946079844458,0.4471502189426803
PVG,0.7812356561564764,1,0.49297450828041994,0.7800912533211206,0.9600563816690341,0.8183187520235247,0.48224181669817695,0.3485761420004512
AU,0.7646840847361983,0.5625418225336977,1,0.8874518836336434,1.0612279094953438,0.8841155684533945,0.5640187959204258,0.49848395042243043
KGC,0.8942042426883978,0.590029110743746,0.561082961031556,1,1.0914700084914775,0.8964690362837557,0.5597979573130941,0.49037769963821126
AEM,0.69177464387314,0.47231253682975355,0.4477646650802039,0.7156999987950712,1,0.7061020133930475,0.4332407520533211,0.3802415361808826
SSRM,0.8508917364051589,0.570483306169811,0.5331452952898276,0.8369262160671649,1.0094216919283787,1,0.5758982256094999,0.42342998193776055
HL,0.9872010694349815,0.5943670359716342,0.5838374367170388,0.9506499283379519,1.124989303206883,1.0402297005381607,1,0.48365264596319635
EQX,0.6278791119739426,0.3628805530467029,0.4169929225652418,0.6632881828078633,0.7659742231347593,0.6394051422107995,0.4191793470569552,1
