,SSRM,KGC,EQX,AU,PVG,HL,WPM,AEM
SSRM,1,0.8371996496919051,0.4248465381635435,0.5334745389177118,0.570856974140956,0.5771294200588933,0.8500734529625577,1.0056387919053262
KGC,0.8917048211233677,1,0.4907058286931564,0.562414439008579,0.5902484250647967,0.5599136910332309,0.8916702867864715,1.0848505546924234
EQX,0.6396420798749047,0.6635293993427162,1,0.4172707833967416,0.3632863668071541,0.4194147333077087,0.6281842841633077,0.7663291274043311
AU,0.8769026826056666,0.8875071369268304,0.4966655162172139,1,0.5602726501065685,0.5619247525674317,0.7618947964713152,1.0580725261409696
PVG,0.8178975300548492,0.7804861948482094,0.34912464150382827,0.49336838632103136,1,0.4826213778878516,0.7804166570077352,0.9605771384803764
HL,1.0405122528195314,0.9511350220900205,0.48430689135664473,0.5843256705433993,0.5950175371133116,1,0.9853775380635401,1.117690544463426
WPM,0.898925425982753,0.881328429863052,0.4496419331561762,0.4843785777802694,0.5881136674976991,0.5793406229640923,1,1.0453897632449798
AEM,0.7057204515558678,0.7165993715659699,0.38304877921354674,0.44950132158403316,0.47460247525029375,0.43325286160501075,0.6927317085561309,1
