,GDX,GLD
PVG,0.9886412417618502,1.916518220728446
AEM,0.8554207529254428,1.651277605895088
HL,1.2391457573763132,2.2162356488236585
KL,1.042058558052034,1.8795094417730458
WPM,1.0086281158755888,1.7537697230016567
KGC,1.1197888194381656,2.088812172114533
EQX,0.7624097427917881,1.4937648299259976
AGI,0.9993870931493251,1.9253301819292385
NEM,0.7507621484289709,1.37128589162015
SSRM,1.0387818026115594,1.9006832290127154
