,EQX,PVG,WPM,AEM,HL,SSRM,AU,KGC
EQX,1,0.36322491938110685,0.6281506525711681,0.7695452808401693,0.4194016144834588,0.6396247079549563,0.41722407167500475,0.663526461030697
PVG,0.3489258962276584,1,0.7814823189769683,0.9616271576128869,0.48246679873027243,0.8177302726934423,0.4932111487954456,0.7803242054755141
WPM,0.44734938703889005,0.5871724289069666,1,1.0487186189863968,0.5787096729750583,0.8983283457860386,0.48367496921346287,0.8813473336499329
AEM,0.3797346349756755,0.4714922181784643,0.6902517600961822,1,0.4322083737389552,0.7024979983645167,0.4460521486916406,0.7135785695603241
HL,0.48409456633730163,0.5948074296933661,0.9874956247798033,1.1121182894060024,1,1.0403291686950256,0.5841515259345015,0.9509600141059326
SSRM,0.42474228900560546,0.5708060876139399,0.8511459017792123,1.0097712619784573,0.5771129290734736,1,0.5334048191061095,0.8371755323361284
AU,0.4965540820716323,0.5602105798144964,0.7648163556865832,1.0580305213466807,0.561894808065592,0.8768594006745791,1,0.887483542966954
KGC,0.49058427188121273,0.5901771684465222,0.8942954068354282,1.0916396183191472,0.559868010448051,0.8916484198040447,0.56232844420415,1
