,GDX,GLD
AU,0.8303417527317787,0.7967401172021004
KGC,0.9266677010913084,0.8557261308115651
PVG,0.8706411489650719,0.8017725573889982
HL,0.8074490944892033,0.7834433587097931
EQX,0.7282982689476573,0.7088838345387556
WPM,0.8764322265214203,0.7807928112451948
SSRM,0.9143825979455673,0.8383715921469892
AEM,0.9235334995717149,0.8723435314306297
