,GDX,GLD
EQX,0.7590623553350483,1.6055427393254351
PVG,0.9958024650016495,1.9219656064510844
WPM,1.0134532669993561,1.9381732334481725
AEM,0.8535350989519517,1.7327890412809188
HL,1.2400739468492974,2.24999208857012
SSRM,1.0436834412014508,2.0073890042459204
AU,1.1808940702355992,2.365739488037246
KGC,1.1214310208562333,2.1899945312240745
