,GDX,GLD
AEM,0.8558320879970599,1.6508978915894497
AGI,0.9992380382701473,1.9246988914210974
SSRM,1.0388412164939123,1.8974476014733863
WPM,1.008544193519798,1.7533580353710352
EQX,0.7654098668717103,1.4941783363775138
KGC,1.119819614884478,2.0887255251041594
NEM,0.7508301570106878,1.3713081115558559
HL,1.239434001827913,2.2166867350073405
PVG,0.988546398458815,1.9160160928108754
KL,1.0412755052406484,1.876371313237618
