,GDX,GLD
WPM,0.8763668562942057,0.7806894962279045
PVG,0.8705738562930413,0.8016871159584759
AU,0.8302713005964949,0.7977043677882685
KGC,0.926628079131753,0.8556585913075081
AEM,0.9197023113630796,0.8680954147645077
SSRM,0.9143564028693251,0.8375388813598655
HL,0.8073277020024746,0.7833500188203305
EQX,0.7281149500609263,0.7087271012543489
