,GDX,GLD
SSRM,1.039101127668262,1.9016539826978767
PVG,0.9880988816663528,1.9152280166583409
KL,1.0398145010361475,1.8728102954606782
HL,1.239860087474254,2.2186641098993767
WPM,1.007930956968879,1.753810855951977
AEM,0.8513932039097805,1.6434403902876362
EQX,0.7643082556980113,1.4948344748403246
KGC,1.1199648628174077,2.089043166569002
NEM,0.750505247977114,1.3710835789077507
AGI,0.9997478464443118,1.9260131581755615
