,mae,mae_main_etf,r2_score,r2_score_main_etf,chisquare_normal,chisquare_normal_main_etf,n_days_error_bt_mae,n_days_error_bt_main_etf_mae,mean_abs_diff_when_bt_mae,mean_abs_diff_when_bt_main_etf_mae,stock_std,mean,lower_sigma,upper_sigma,lower_two_sigma,upper_two_sigma,r2_score_full,r2_score_main_etf_full
MSTR,0.6591880602197808,0.6295981705979596,0.9265597188091389,0.9260430637674529,True,True,2,3,1.561714662529719,1.2927415793215369,2.2278438353009564,0.3007507469654411,-1.9270930883355153,2.5285945822663973,-4.1549369236364715,4.756438417567354,0.84044836640889,0.8363488179186889
COIN,0.7018169942255195,0.7474288292960096,0.9248236030337237,0.8298411099339963,True,True,4,3,1.104408260097296,1.696274504262665,2.2902705158192456,0.322868800706213,-1.9674017151130325,2.6131393165254586,-4.257672230932278,4.903409832344704,0.8164886131765017,0.7757646611814105
MARA,0.9004799107977101,0.7276948365691572,0.9402282305798216,0.9695903698920845,True,True,3,4,1.7965965990766433,1.065266660804305,4.420299196801387,0.7539808344422269,-3.66631836235916,5.1742800312436135,-8.086617559160546,9.594579228045001,0.7629711177955971,0.7587926826845051
RIOT,1.254381266750849,1.47704572299798,0.875077468108159,0.8814215445500978,True,True,3,3,2.2270437264318135,2.03128048043884,3.506229295584085,0.8526277262227718,-2.6536015693613133,4.358857021806857,-6.159830864945398,7.865086317390942,0.8210235697442299,0.7864428402070397
