,mae,mae_main_etf,r2_score,r2_score_main_etf,chisquare_normal,chisquare_normal_main_etf,n_days_error_bt_mae,n_days_error_bt_main_etf_mae,mean_abs_diff_when_bt_mae,mean_abs_diff_when_bt_main_etf_mae,stock_std,mean,lower_sigma,upper_sigma,lower_two_sigma,upper_two_sigma,r2_score_full,r2_score_main_etf_full
MSTR,0.5886660938364842,0.5438999783858631,0.9165191222858382,0.9245376318925118,True,True,4,3,1.0013023676701789,1.0603266452374778,2.339287406775428,0.35500345770364483,-1.9842839490717834,2.694290864479073,-4.3235713558472115,5.033578271254501,0.8573533331397771,0.8571770416699649
MARA,0.6365712368895782,0.6317036883480662,0.9554110484758934,0.9772055338103874,True,True,3,5,1.517969254068294,0.8374392251899938,4.170366985189043,0.8664014994561006,-3.303965485732942,5.036768484645143,-7.474332470921985,9.207135469834187,0.7244310575702497,0.7199617413459334
RIOT,1.1941296973878712,1.4042750432436055,0.8676135072969492,0.8645139838269054,True,True,2,5,2.565152634538606,1.8194115373895912,3.3977570045867806,0.6368392509581955,-2.7609177536285854,4.034596255544976,-6.158674758215366,7.432353260131757,0.8153048327886611,0.7805900995510427
COIN,0.5767197207799576,0.6627165542676372,0.9401780203474868,0.9005130543573924,True,True,4,4,0.7149533468140827,0.9987377330967702,2.0863663699719477,0.1247447669828222,-1.9616216029891256,2.21111113695477,-4.0479879729610735,4.297477506926717,0.7985388735743297,0.7757646611814102
