,mae,mae_main_etf,r2_score,r2_score_main_etf,chisquare_normal,chisquare_normal_main_etf,n_days_error_bt_mae,n_days_error_bt_main_etf_mae,mean_abs_diff_when_bt_mae,mean_abs_diff_when_bt_main_etf_mae,stock_std,mean,lower_sigma,upper_sigma,lower_two_sigma,upper_two_sigma,r2_score_full,r2_score_main_etf_full
RIOT,0.725752251481909,0.7863475145133989,0.7448280921871685,0.6439048972039534,True,True,3,2,0.8872905929735978,1.2270247443562927,2.478881499702278,1.5011490696276237,-0.9777324300746544,3.9800305693299016,-3.4566139297769327,6.45891206903218,0.637571292713866,0.5619039618944759
MSTR,1.0586839734302573,0.8698484015505533,-2.3220922682687464,-1.2440225358915544,True,True,3,2,1.3464755640422312,1.1994411064189463,1.655679720175001,1.0961928274510133,-0.5594868927239878,2.7518725476260144,-2.215166612898989,4.407552267801016,0.6678869112412782,0.6608363204587162
COIN,0.7416178502391391,0.6950794501110109,-1.0373126218638649,-1.267851510638864,True,True,1,2,1.8225985468323493,1.3602565583628028,1.5072582418824056,0.7225144763565123,-0.7847437655258933,2.2297727182389178,-2.292002007408299,3.7370309601213236,0.49672241500779657,0.4287307327789257
MARA,1.0141485041687193,0.9514474748185868,-1.441912268929165,-1.3952998055048558,True,True,1,2,2.583060646630009,1.830680391447808,3.572168445681722,1.7856574391843658,-1.7865110064973564,5.357825884866088,-5.358679452179079,8.92999433054781,0.4678395851670083,0.45567314983267393
