,mae,mae_main_etf,r2_score,r2_score_main_etf,chisquare_normal,chisquare_normal_main_etf,n_days_error_bt_mae,n_days_error_bt_main_etf_mae,mean_abs_diff_when_bt_mae,mean_abs_diff_when_bt_main_etf_mae,stock_std,mean,lower_sigma,upper_sigma,lower_two_sigma,upper_two_sigma,r2_score_full,r2_score_main_etf_full
COIN,0.73460234817488,0.690552682625128,0.9026411843382836,0.798352901244878,True,True,3,2,1.1923883694912505,2.0408938470649267,2.255615318483558,0.2866486181510564,-1.9689667003325015,2.5422639366346145,-4.22458201881606,4.797879255118172,0.8160335393706587,0.7756408351532915
MARA,0.7751674681745133,0.7220788933839744,0.9358415049446333,0.9599919386627729,True,True,3,4,1.697586880998862,1.0860073168181836,3.8392447100216662,0.6777540250979398,-3.1614906849237263,4.516998735119606,-7.0007353949453925,8.356243445141272,0.6957037719392916,0.6878059922268713
RIOT,1.2610013926630967,1.3296560266047255,0.8339615264110197,0.857184954732423,True,True,3,4,2.227043726429872,1.8911927886034945,3.2325337432289674,1.0696551491306385,-2.162878594098329,4.302188892359606,-5.395412337327296,7.534722635588573,0.7920187552695305,0.755020517975447
MSTR,0.6785215984756954,0.661478768566216,0.9126463265863832,0.9158268713292146,True,True,2,3,1.6581107899419945,1.3093730477799215,2.1946321071298507,0.26442512713983246,-1.9302069799900181,2.4590572342696833,-4.124839087119869,4.6536893413995335,0.840497531197383,0.8366010787612852
