,mae,mae_main_etf,r2_score,r2_score_main_etf,chisquare_normal,chisquare_normal_main_etf,n_days_error_bt_mae,n_days_error_bt_main_etf_mae,mean_abs_diff_when_bt_mae,mean_abs_diff_when_bt_main_etf_mae,stock_std,mean,lower_sigma,upper_sigma,lower_two_sigma,upper_two_sigma,r2_score_full,r2_score_main_etf_full
MSTR,1.0586839734302718,0.8698484015505518,-2.3220922682688747,-1.2440225358915442,True,True,3,2,1.3464755640422712,1.1994411064189427,1.6556797201750013,1.0961928274510129,-0.5594868927239884,2.7518725476260144,-2.2151666128989898,4.407552267801016,0.6678869112412773,0.6608363204587159
RIOT,0.7257522514819073,0.7863475145133991,0.7448280921871306,0.6439048972039534,True,True,3,2,0.8872905929737808,1.227024744356293,2.478881499702278,1.5011490696276235,-0.9777324300746546,3.9800305693299016,-3.4566139297769327,6.45891206903218,0.6375712927138655,0.5619039618944758
COIN,0.7416178502392017,0.6950794501110105,-1.0373126218644808,-1.2678515106388617,True,True,1,2,1.822598546832653,1.3602565583628021,1.5072582418824056,0.7225144763565126,-0.7847437655258931,2.229772718238918,-2.292002007408299,3.7370309601213236,0.4967224150077977,0.4287307327789267
MARA,1.014148504167846,0.9514474748185812,-1.4419122689262172,-1.3952998055048367,True,True,1,2,2.5830606466285446,1.8306803914478023,3.5721684456817218,1.7856574391843654,-1.7865110064973564,5.357825884866087,-5.358679452179079,8.929994330547808,0.4678395851670081,0.4556731498326734
