,mae,mae_main_etf,r2_score,r2_score_main_etf,chisquare_normal,chisquare_normal_main_etf,n_days_error_bt_mae,n_days_error_bt_main_etf_mae,mean_abs_diff_when_bt_mae,mean_abs_diff_when_bt_main_etf_mae,stock_std,mean,lower_sigma,upper_sigma,lower_two_sigma,upper_two_sigma,r2_score_full,r2_score_main_etf_full
MARA,2.417724443951255,2.450301302341164,-0.31121877709138523,-0.18518751110040887,False,False,1,1,6.833446160920268,6.360737749972729,4.567175064391895,1.3915140816416243,-3.175660982750271,5.958689146033519,-7.742836047142166,10.525864210425414,0.6199103613892597,0.6152446371648697
MSTR,0.34683938840529105,0.33785484087957285,0.9412403162301263,0.9442391026456819,True,True,1,1,0.8439422152321642,0.834369723849164,2.130792040661432,0.9436688291523148,-1.1871232115091173,3.0744608698137466,-3.3179152521705495,5.205252910475179,0.8280177262883514,0.8137518948008622
COIN,0.891982205879432,0.9071333431186694,0.6830671562612509,0.6322046175214405,True,True,1,2,1.6192611476524879,1.3737234973303112,2.94014890263541,0.3537021348169275,-2.5864467678184826,3.2938510374523378,-5.526595670453893,6.233999940087748,0.3524066620302748,0.4430535972282841
RIOT,3.398682688744194,3.7512471147428084,0.5382817779849716,0.45971332125673237,False,False,1,1,8.883239492889665,9.529828134790579,2.5959361712499556,1.8913065688626562,-0.7046296023872993,4.487242740112611,-3.300565773637255,7.083178911362568,0.5878841866094611,0.5068809597516056
