,mae,mae_main_etf,r2_score,r2_score_main_etf,chisquare_normal,chisquare_normal_main_etf,n_days_error_bt_mae,n_days_error_bt_main_etf_mae,mean_abs_diff_when_bt_mae,mean_abs_diff_when_bt_main_etf_mae,stock_std,mean,lower_sigma,upper_sigma,lower_two_sigma,upper_two_sigma,r2_score_full,r2_score_main_etf_full
MARA,0.7242386444123143,0.7867376997824946,0.9359458207860485,0.9427386744857711,True,True,4,4,1.4112618632901366,1.293737217898912,4.276960372154053,0.7376332533433514,-3.539327118810702,5.014593625497405,-7.816287490964755,9.291553997651459,0.7671406511846032,0.7628455074854736
MSTR,0.6899972502891578,0.794430169110927,0.9051563404362891,0.8867061306064855,True,True,4,3,1.2544849114547985,1.5614929286533432,2.419243463505153,0.4609625538673607,-1.9582809096377924,2.880206017372514,-4.377524373142946,5.299449480877667,0.8745564516076328,0.8695331870848998
COIN,0.839915102345868,0.8258085653911272,0.8338324520183537,0.7623873470138994,True,True,3,3,1.5470023167716682,1.7817703512422458,2.1900165809323653,0.26862198215353944,-1.921394598778826,2.4586385630859047,-4.111411179711191,4.64865514401827,0.7858431404342459,0.7577786494107852
RIOT,0.9655416585745628,1.1904924611089678,0.9118240497529199,0.8558454974202077,True,True,5,4,1.3535058068543713,1.9608415427982435,3.386506666617626,0.7695472948328737,-2.616959371784752,4.1560539614505,-6.003466038402378,7.542560628068125,0.8180511186595709,0.7894191800346991
