,mae,mae_main_etf,r2_score,r2_score_main_etf,chisquare_normal,chisquare_normal_main_etf,n_days_error_bt_mae,n_days_error_bt_main_etf_mae,mean_abs_diff_when_bt_mae,mean_abs_diff_when_bt_main_etf_mae,stock_std,mean,lower_sigma,upper_sigma,lower_two_sigma,upper_two_sigma,r2_score_full,r2_score_main_etf_full
MSTR,0.36485670805951886,0.3201426332205213,0.6523826861348239,0.7568558507271248,True,True,1,1,0.7784701095527164,0.6492973576555612,1.9120992103135164,1.226809153134897,-0.6852900571786193,3.1389083634484134,-2.5973892674921357,5.05100757376193,0.7658178692280336,0.7425011553775995
RIOT,3.234676095640945,2.9384340022742994,-4.433964160176885,-3.4214489364525527,True,True,1,1,4.884499027362699,4.316684414441709,2.7113663113050572,1.890831231151325,-0.8205350801537323,4.602197542456382,-3.5319013914587893,7.31356385376144,0.5947295014647893,0.5165939005456397
COIN,0.7423915007498989,0.904725338940738,-2.5472364013271327,-3.6261972757140866,True,True,1,1,1.6430634706881628,1.8288312632140031,3.0580858456648126,0.38293349049983555,-2.675152355164977,3.441019336164648,-5.733238200829789,6.499105181829461,0.35602409569904214,0.4306794340198181
MARA,4.874248083432485,4.601460000524111,-2.057895655998222,-1.8160439246092577,True,True,2,2,6.3768033009203755,6.124668121741377,4.1632637277038205,2.1262577785677657,-2.037005949136055,6.289521506271586,-6.200269676839875,10.452785233975407,0.4781111894440695,0.47163890589556745
