,mae,mae_main_etf,r2_score,r2_score_main_etf,chisquare_normal,chisquare_normal_main_etf,n_days_error_bt_mae,n_days_error_bt_main_etf_mae,mean_abs_diff_when_bt_mae,mean_abs_diff_when_bt_main_etf_mae,stock_std,mean,lower_sigma,upper_sigma,lower_two_sigma,upper_two_sigma,r2_score_full,r2_score_main_etf_full
MARA,0.7242386444135586,0.7867376997825047,0.9359458207856561,0.9427386744857691,True,True,4,4,1.4112618632945026,1.2937372178989284,4.276960372154054,0.7376332533433513,-3.5393271188107027,5.0145936254974055,-7.816287490964757,9.291553997651459,0.7671406511846023,0.7628455074854732
MSTR,0.6899972502870806,0.7944301691109286,0.9051563404365752,0.8867061306064852,True,True,4,3,1.2544849114530299,1.5614929286533445,2.419243463505153,0.46096255386736085,-1.9582809096377924,2.880206017372514,-4.377524373142945,5.2994494808776675,0.874556451607632,0.869533187084899
COIN,0.8399151023458626,0.8258085653914281,0.8338324520183528,0.762387347013916,True,True,3,3,1.5470023167716798,1.781770351242516,2.1900165809323653,0.26862198215353944,-1.921394598778826,2.4586385630859047,-4.111411179711191,4.64865514401827,0.7858431404342463,0.7577786494107854
RIOT,0.9655416585755441,1.1904924611089776,0.9118240497528085,0.8558454974202082,True,True,5,4,1.3535058068555874,1.9608415427982309,3.386506666617626,0.7695472948328738,-2.616959371784752,4.1560539614505,-6.003466038402378,7.542560628068125,0.8180511186595704,0.7894191800346986
