,mae,mae_main_etf,r2_score,r2_score_main_etf,chisquare_normal,chisquare_normal_main_etf,n_days_error_bt_mae,n_days_error_bt_main_etf_mae,mean_abs_diff_when_bt_mae,mean_abs_diff_when_bt_main_etf_mae,stock_std,mean,lower_sigma,upper_sigma,lower_two_sigma,upper_two_sigma,r2_score_full,r2_score_main_etf_full
MSTR,0.9511869308591719,0.8225250679869468,0.421954997861257,0.5834836293517053,True,True,3,4,1.3479179316567462,1.0171948217016782,2.0186789358326864,0.5876967585646677,-1.4309821772680187,2.606375694397354,-3.449661113100705,4.625054630230041,0.798816897250245,0.7954927163519262
RIOT,0.6459633116533418,1.1000734019633778,0.9409834231325352,0.8080973621249854,True,True,3,3,0.9111271124490155,1.710666196069389,2.8216467180599913,1.1532746764316035,-1.6683720416283878,3.974921394491595,-4.490018759688379,6.796568112551586,0.7326897039888649,0.6583295592150586
MARA,0.8139757993247126,0.7485912114795709,0.8521124069838991,0.8555498558268256,True,True,2,2,1.774939692752574,1.8236123906506077,4.316665438353895,0.693444428081804,-3.6232210102720908,5.010109866435699,-7.939886448625986,9.326775304789594,0.6833179749137229,0.6759003570714905
COIN,0.9076658652356576,0.8515154554074171,0.5103297091446068,0.4540381115706985,True,True,3,3,1.293022783837771,1.3846859580607216,1.8537703581951943,-0.05651677107648713,-1.9102871292716814,1.7972535871187072,-3.764057487466876,3.6510239453139013,0.7642480388631819,0.7121500618380139
