,mae,mae_main_etf,r2_score,r2_score_main_etf,chisquare_normal,chisquare_normal_main_etf,n_days_error_bt_mae,n_days_error_bt_main_etf_mae,mean_abs_diff_when_bt_mae,mean_abs_diff_when_bt_main_etf_mae,stock_std,mean,lower_sigma,upper_sigma,lower_two_sigma,upper_two_sigma,r2_score_full,r2_score_main_etf_full
RIOT,1.2099606784309818,1.5642714708431646,0.8138398144873698,0.7973832583308669,True,True,2,4,2.5651526345384776,1.902727226180453,2.669337179339413,1.2801628414007686,-1.3891743379386445,3.9495000207401816,-4.058511517278058,6.618837200079595,0.6779741543823856,0.6251917966402412
COIN,0.5882204556309879,0.6475766117707631,0.910655908320426,0.8576322450616748,True,True,4,3,0.7149533468140492,1.075418260213773,1.876205733833574,0.3182531242170514,-1.5579526096165226,2.1944588580506252,-3.434158343450097,4.070664591884199,0.7407812315093704,0.711954134551521
MARA,0.4583140967717579,0.5700976117834547,0.9611056103448582,0.973384258026053,True,True,2,4,1.3347682722445258,0.7810624754124045,3.3788411592396534,0.9027057585874229,-2.4761354006522307,4.281546917827076,-5.854976559891884,7.66038807706673,0.5623067361631209,0.5543743085071303
MSTR,0.6026489325545069,0.6189429892759841,0.8562913768258619,0.8636037527185139,True,True,4,3,1.0013023676705672,1.060326645237478,1.8041037474976933,0.38896605929149675,-1.4151376882061966,2.19306980678919,-3.21924143570389,3.997173554286883,0.7532366915514996,0.7495758984579837
