,mae,mae_main_etf,r2_score,r2_score_main_etf,chisquare_normal,chisquare_normal_main_etf,n_days_error_bt_mae,n_days_error_bt_main_etf_mae,mean_abs_diff_when_bt_mae,mean_abs_diff_when_bt_main_etf_mae,stock_std,mean,lower_sigma,upper_sigma,lower_two_sigma,upper_two_sigma,r2_score_full,r2_score_main_etf_full
RIOT,4.627186892630436,4.4999151123670345,0.4229958702315487,0.4218852860725165,True,True,2,1,6.844609155480818,9.184358442645243,2.7113663113050572,1.890831231151325,-0.8205350801537323,4.602197542456382,-3.5319013914587893,7.31356385376144,0.5947295014647898,0.5165939005456397
MARA,3.8105660743706244,3.573080786211574,-0.4158419729352689,-0.30194490859345224,True,True,2,2,6.37680330091974,6.124668121742071,4.733822926815875,1.4496272483909987,-3.284195678424876,6.183450175206874,-8.018018605240751,10.917273102022747,0.6213822544513019,0.6164826419808068
COIN,0.7669029822085245,0.9001766633513021,0.705811686684604,0.6273419693113822,True,True,2,1,1.2417504486365325,1.8288312632139945,1.5913921642703743,1.1183247575760817,-0.4730674066942926,2.7097169218464563,-2.064459570964667,4.30110908611683,0.4887556443208835,0.43067943401981845
MSTR,0.327184286092766,0.28802221666365657,0.9230123634840169,0.9456731277493057,True,True,1,1,0.7784701095527156,0.6492973576555638,2.204593634520845,0.9010846898157379,-1.303508944705107,3.1056783243365826,-3.5081025792259517,5.310271958857427,0.8373148085315132,0.8221034558308342
