,mae,mae_main_etf,r2_score,r2_score_main_etf,chisquare_normal,chisquare_normal_main_etf,n_days_error_bt_mae,n_days_error_bt_main_etf_mae,mean_abs_diff_when_bt_mae,mean_abs_diff_when_bt_main_etf_mae,stock_std,mean,lower_sigma,upper_sigma,lower_two_sigma,upper_two_sigma,r2_score_full,r2_score_main_etf_full
RIOT,0.9655416585743192,1.1904924611089607,0.9118240497529476,0.8558454974202072,True,True,5,4,1.3535058068540593,1.9608415427982528,3.386506666617626,0.7695472948328738,-2.616959371784752,4.1560539614505,-6.003466038402378,7.542560628068125,0.8180511186595713,0.789419180034699
MARA,0.724238644412212,0.7867376997824976,0.9359458207860829,0.9427386744857705,True,True,4,4,1.4112618632897498,1.2937372178989168,4.276960372154053,0.7376332533433512,-3.539327118810702,5.014593625497405,-7.816287490964755,9.291553997651457,0.7671406511846028,0.7628455074854735
COIN,0.8399151023458011,0.825808565391506,0.8338324520183451,0.7623873470139203,True,True,3,3,1.547002316771809,1.7817703512425862,2.1900165809323653,0.2686219821535395,-1.921394598778826,2.4586385630859047,-4.111411179711191,4.64865514401827,0.7858431404342469,0.757778649410785
MSTR,0.6899972502888898,0.7944301691109282,0.905156340436327,0.8867061306064853,True,True,4,3,1.2544849114545649,1.5614929286533445,2.419243463505153,0.46096255386736074,-1.9582809096377924,2.880206017372514,-4.377524373142945,5.2994494808776675,0.8745564516076324,0.8695331870848997
