,mae,mae_main_etf,r2_score,r2_score_main_etf,chisquare_normal,chisquare_normal_main_etf,n_days_error_bt_mae,n_days_error_bt_main_etf_mae,mean_abs_diff_when_bt_mae,mean_abs_diff_when_bt_main_etf_mae,stock_std,mean,lower_sigma,upper_sigma,lower_two_sigma,upper_two_sigma,r2_score_full,r2_score_main_etf_full
COIN,0.9076658652357295,0.8515154554074164,0.510329709144574,0.4540381115706996,True,True,3,3,1.2930227838377892,1.3846859580607187,1.853770358195194,-0.056516771076487136,-1.9102871292716812,1.797253587118707,-3.7640574874668755,3.651023945313901,0.7642480388631816,0.7121500618380134
RIOT,0.6459633116542935,1.1000734019633869,0.9409834231324192,0.8080973621249822,True,True,3,3,0.9111271124503819,1.710666196069405,2.8216467180599913,1.1532746764316033,-1.668372041628388,3.9749213944915947,-4.490018759688379,6.796568112551586,0.7326897039888642,0.6583295592150585
MSTR,0.9511869308590916,0.8225250679869428,0.42195499786133495,0.5834836293517087,True,True,3,4,1.347917931656678,1.0171948217016744,2.0186789358326864,0.5876967585646676,-1.4309821772680187,2.606375694397354,-3.449661113100705,4.62505463023004,0.798816897250245,0.7954927163519269
MARA,0.8139757993250059,0.7485912114795727,0.8521124069838544,0.8555498558268264,True,True,2,2,1.7749396927527168,1.8236123906506028,4.316665438353895,0.6934444280818038,-3.623221010272091,5.010109866435699,-7.939886448625986,9.326775304789594,0.6833179749137233,0.6759003570714908
