,MARA,MSTR,COIN,RIOT
MARA,1,1.8517511916364897,0.5920531906659906,0.682379139468928
MSTR,0.40305976447275754,1,0.2610464357139518,0.3192226679368036
COIN,0.29366186899388586,0.6527064525684401,1,0.30261441395365457
RIOT,0.48613974137950416,1.1785800224799796,0.6191340913547373,1
