,BITO,QQQ
RIOT,0.7975294701261749,0.23848200216692553
MARA,1.2187582765688527,-0.029919434693030076
COIN,0.43024800604138463,-0.20190967811574462
MSTR,0.6643759866329865,-0.7874861554683446
