,MSTR,RIOT,MARA,COIN
MSTR,1,0.29692622020747916,0.41391981841618825,0.3515226402279034
RIOT,1.4099287158919156,1,0.6006386400434046,0.6283584933009351
MARA,1.8926856892400994,0.6565799630452943,1,0.7607213861784795
COIN,0.8076061481571547,0.32509816157788973,0.370346334662635,1
