,MSTR,RIOT,COIN,MARA
MSTR,1,0.8237249757014529,0.23726297021112838,0.8039528943898494
RIOT,0.8409608678295463,1,0.2681677145521681,0.7120260402591996
COIN,0.8440859675507059,0.872049876913143,1,0.8029951348129354
MARA,0.8572992452372479,0.8134179262367472,0.38345220267218816,1
