,BITO,QQQ
COIN,0.8836237956131635,0.5966700855714537
MARA,0.8470118590603561,0.43067427149299053
RIOT,0.8967556041641075,0.4519861509620474
MSTR,0.9295229042478631,0.46976386960441563
