,BITO,QQQ
RIOT,0.843135026895944,-0.010761348751804185
MSTR,0.8977417233080777,-0.3555997055757922
COIN,0.7105272639471312,-0.02202203505997005
MARA,0.7282694362150456,-0.16972333055331987
