,BITO,QQQ
COIN,0.527471910022589,2.138036210311265
MARA,1.0445870931928036,2.396638973407355
RIOT,0.8849250610380222,2.0864256184956904
MSTR,0.6396464978124788,1.470274192685453
