,BITO,QQQ
MARA,0.8846921484015746,0.4012672664332673
MSTR,0.945935445602405,0.4359759653671295
COIN,0.8730157576793074,0.6025685161612303
RIOT,0.9051285631155122,0.5392080273343294
