,MSTR,MARA,COIN,RIOT
MSTR,1,0.7613910112175787,1.15875416841007,0.7528459536255542
MARA,1.0900339252543847,1,1.4322349653395912,0.976926398185784
COIN,0.5498150907616087,0.47519882432269706,1,0.4965018597620744
RIOT,1.0581509863932015,0.951989694847268,1.498326857603772,1
