,RIOT,MSTR,COIN,MARA
RIOT,1,1.899582709401252,0.43471415611035213,0.8929802483006843
MSTR,0.3194370747242394,1,0.14309678588940328,0.3489093710339869
COIN,0.3077337633120368,0.780585504325182,1,0.34617447773346816
MARA,0.6720867202749592,1.8265893893509633,0.5807792104653908,1
