,RIOT,MSTR,COIN,MARA
RIOT,1,0.8409608678295463,0.2681677145521682,0.7120260402591997
MSTR,0.8237249757014525,1,0.23726297021112844,0.8039528943898492
COIN,0.8720498769131427,0.8440859675507059,1,0.8029951348129357
MARA,0.8134179262367469,0.8572992452372477,0.38345220267218816,1
