,BITO,QQQ
MSTR,0.6376415204616487,1.1535307707144837
MARA,1.0684506341355007,2.1138286093131384
RIOT,0.8979897599954997,2.332239250832754
COIN,0.5266212217367037,1.6886602053510689
