,MSTR,RIOT,MARA,COIN
MSTR,1,0.9337463110259615,0.9423899665041138,0.8517069133042869
RIOT,0.9432226787557316,1,0.9724923431477689,0.8881529398894262
MARA,0.947951764337312,0.9725454048043963,1,0.8692636765757166
COIN,0.8615750669347532,0.8874858689763176,0.8680533686826396,1
