,BITO,QQQ
RIOT,0.8974938642435767,2.700403883979828
MARA,1.0958360942988385,2.6933436530796797
COIN,0.5018026681448389,2.112193701656688
MSTR,0.6627645601302816,1.6024619929203243
