,RIOT,MARA,MSTR
RIOT,1,0.804821052388243,0.7066382010626255
MARA,0.7821414833183583,1,0.6956898443903475
MSTR,0.5695055850590149,0.5494093072011454,1
