,MARA,MSTR,COIN,RIOT
MARA,1,0.8987801225769724,0.6123108668371285,0.8689181733418685
MSTR,0.8987801225769724,1,0.6039259286224536,0.828122200073136
COIN,0.8822934053586654,0.8620261018951108,1,0.8868100796055828
RIOT,0.8630313139110832,0.8908630567596831,0.5998823024126041,1
