,RIOT,MARA,COIN,MSTR
RIOT,1,0.7036705805017924,0.37694757791098094,0.8431900102366181
MARA,0.8194507013544275,1,0.3896433164887338,0.8714092385821685
COIN,0.895114275212085,0.7819239820991213,1,0.8197818739105455
MSTR,0.8208393612895821,0.8714092385821685,0.3702786549393771,1
