,MSTR,RIOT,MARA,COIN
MSTR,1,0.8550659292052999,0.8851102286208086,0.47066924900727464
RIOT,0.8408411738922761,1,0.7323390224334413,0.4422618306379066
MARA,0.8851102286208087,0.8296716213107708,1,0.4763289858450269
COIN,0.8716291371861647,0.8710307893965691,0.8127309678948402,1
