,BITO,QQQ
RIOT,0.9051285631155122,0.5392080273343293
MARA,0.8846921484015746,0.4012672664332675
COIN,0.8730157576793071,0.6025685161612307
MSTR,0.945935445602405,0.43597596536712935
