,RIOT,COIN,MARA,MSTR
RIOT,1,0.39530585792007367,0.8701257862671684,1.2089080472249576
COIN,0.3490406626845423,1,0.3943820893184362,0.7735540435963975
MARA,0.6787126812877828,0.5113442268853069,1,1.6605035930356433
MSTR,0.3204935725249123,0.2929704038324101,0.44083933189062835,1
