,RIOT,MARA,COIN,MSTR
RIOT,1,0.48906473676280304,0.6177169939856738,1.1838452009028757
MARA,0.6833471312735734,1,0.591295434069734,1.8711371418506333
COIN,0.30369056447756315,0.2890332547606169,1,0.6655136829902667
MSTR,0.3187816091051846,0.4058249094106065,0.26168721910906045,1
