,BITO,QQQ
COIN,0.8452552562136261,0.4805642200661588
RIOT,0.8547991581571548,0.15847494433790324
MSTR,0.936316747735696,0.13077767665171255
MARA,0.8366556602211095,0.23582780471963521
