,BITO,QQQ
MARA,0.8846921484015748,0.40126726643326727
MSTR,0.945935445602405,0.43597596536712935
COIN,0.8730157576793068,0.6025685161612307
RIOT,0.9051285631155118,0.5392080273343293
