,BITO,QQQ
MSTR,0.6244151018107874,-1.3241202676653625
RIOT,0.7975294701261749,0.23848200216692542
COIN,0.4302480060413848,3.0078393449852654
MARA,1.0832735853816222,-1.0898028956536594
