,MARA,MSTR,COIN,RIOT
MARA,1,1.8357795872301763,0.5988385418375611,0.6724445061291073
MSTR,0.4062598528521878,1,0.2690718116689544,0.3194547792103776
COIN,0.3551103149414471,0.7788075034188501,1,0.307333949555719
RIOT,0.5169011807711118,1.2581895726150685,0.2151916178674414,1
