,BITO,QQQ
RIOT,0.8326314534403837,0.3253462532498584
COIN,0.8483127887733566,0.4563868203878696
MARA,0.7683998067040598,0.3399186822286953
MSTR,0.8901579679169401,0.3427615969247618
