,BITO,QQQ
MSTR,0.6385243693809499,1.458327363831608
COIN,0.5266212217367037,2.124218791241553
MARA,1.1180891969001507,2.491709703144187
RIOT,0.9214834482548306,2.5757519383643426
