,BITO,QQQ
MARA,1.0958360942988385,2.6933436530796793
MSTR,0.6627645601302815,1.6024619929203248
COIN,0.5018026681448389,2.112193701656686
RIOT,0.8974938642435766,2.700403883979828
