,RIOT,MARA,COIN,MSTR
RIOT,1,0.7484035249562124,0.7892743300942191,1.2805453613945998
MARA,0.7974544336357765,1,0.9839561359386564,1.5889458938423564
COIN,0.3778131716349533,0.4124678620477061,1,0.7244969365396592
MSTR,0.42989834541045807,0.50839094765276,0.548948745600681,1
