,RIOT,MARA,COIN,MSTR
RIOT,1,0.8630313139110829,0.5998823024126041,0.8908630567596831
MARA,0.8689181733418687,1,0.6123108668371285,0.8987801225769724
COIN,0.8868100796055826,0.8822934053586654,1,0.8620261018951108
MSTR,0.8281222000731362,0.8987801225769724,0.6039259286224538,1
