,MSTR,RIOT,COIN,MARA
MSTR,1,0.3194370747242395,0.14309678588940322,0.34890937103398706
RIOT,1.8995827094012525,1,0.4347141561103519,0.8929802483006843
COIN,0.780585504325182,0.30773376331203683,1,0.346174477733468
MARA,1.8265893893509635,0.6720867202749593,0.5807792104653907,1
