,BITO,QQQ
MARA,1.212730276461111,-0.02658825717510352
MSTR,0.665486288860145,-0.7898939386971808
COIN,0.4283933896955833,3.0115462099053047
RIOT,0.7969916806917505,0.23840615125420328
