,MSTR,RIOT,MARA,COIN
MSTR,1,0.7645692880472229,0.7674640247642157,1.1778716848801623
RIOT,1.0529946742810732,1,0.9516046689265101,1.4980868300410262
MARA,1.0815279578694574,0.9726418435373424,1,1.444289545800558
COIN,0.5337098328832633,0.4911074345549595,0.47143792830022924,1
