,MSTR,MARA,COIN,RIOT
MSTR,1,0.9418146564222758,0.8496429246000805,0.9323091350857777
MARA,0.9466695459100314,1,0.8642556021336935,0.9726163759340877
COIN,0.8588781014679485,0.8687250981236542,1,0.8876262099486482
RIOT,0.943085667409131,0.973245499245167,0.8849706692400954,1
