,MARA,MSTR,COIN,RIOT
MARA,1,1.5889458938423564,0.9839561359386565,0.7974544336357763
MSTR,0.50839094765276,1,0.5489487456006811,0.42989834541045796
COIN,0.4124678620477061,0.7244969365396591,1,0.37781317163495337
RIOT,0.7484035249562127,1.2805453613946,0.7892743300942192,1
