,BITO,QQQ
MSTR,0.9227100232991918,-0.31855549810604267
RIOT,0.8540990424499723,0.04202650969183103
COIN,0.7971209992523942,0.4524525679997078
MARA,0.7352016837034991,-0.12041542669239524
