,BITO,QQQ
MARA,0.8004757885719518,-0.0025213979646336497
MSTR,0.9415202943539209,-0.1605561336416196
COIN,0.7770923164073235,0.45278447876455735
RIOT,0.8538195406620256,0.04201597669785222
