,MARA,MSTR,COIN,RIOT
MARA,1,0.8987801225769726,0.6123108668371288,0.8689181733418689
MSTR,0.8987801225769726,1,0.6039259286224536,0.8281222000731358
COIN,0.8822934053586651,0.8620261018951104,1,0.8868100796055828
RIOT,0.863031313911083,0.8908630567596831,0.5998823024126041,1
