,BITO,QQQ
MSTR,0.9397296261120951,0.34276159692476194
MARA,0.8652580297576102,0.3399186822286955
RIOT,0.9005922247363873,0.4226657787667898
COIN,0.8844702133146551,0.45638682038786954
