,BITO,QQQ
RIOT,0.8540990424499723,0.04202650969183105
MARA,0.8045777147588719,-0.00284069093885033
COIN,0.797120999252394,-0.05105495464404837
MSTR,0.9417764096300398,-0.1605450757239754
