,MSTR,MARA,RIOT,COIN
MSTR,1,0.8967685677803974,0.8142263622366086,0.5039680838094227
MARA,0.8847002559705123,1,0.8479484314372252,0.4784795761572815
RIOT,0.885541581748239,0.8423198247262024,1,0.5386274417189008
COIN,0.8806563205941229,0.8838032470216027,0.885793267712527,1
