,COIN,RIOT,MSTR,MARA
COIN,1,0.8710307893965691,0.8716291371861649,0.8127309678948403
RIOT,0.44226183063790664,1,0.8408411738922762,0.7323390224334416
MSTR,0.47066924900727464,0.8550659292052994,1,0.8851102286208086
MARA,0.47632898584502703,0.8296716213107707,0.8851102286208087,1
