,BITO,QQQ
MSTR,0.6297097058184885,0.4725369092070469
RIOT,0.9098400128620475,0.9732263814319043
MARA,1.203221234895733,1.9419121044381127
COIN,0.5085969474264013,1.743910405688232
