,MARA,MSTR,COIN,RIOT
MARA,1,0.8639249962601798,0.3896926017616956,0.8174294853477704
MSTR,0.8639249962601797,1,0.3682864967834702,0.8196432621171037
COIN,0.7811178600617472,0.7885768108178084,1,0.8868996911773283
RIOT,0.7015376431859227,0.8413348281585964,0.37702304785405494,1
