,BITO,QQQ
MSTR,0.8977417233080777,-0.3555997055757922
RIOT,0.8431350268959438,-0.01076134875180417
COIN,0.7105272639471312,-0.022022035059970035
MARA,0.7282694362150455,-0.16972333055331987
