,MSTR,RIOT,COIN,MARA
MSTR,1,0.7405474699784685,0.23513934578124754,0.8176986819164485
RIOT,0.8431900102366185,1,0.19283709315381106,0.7036705805017923
COIN,0.8197818739105454,0.8143653516457567,1,0.7819239820991213
MARA,0.8176986819164485,0.7528714557995185,0.26382525902545734,1
