,BITO,QQQ
RIOT,0.8429265530589981,1.6452308062320078
COIN,0.5294418055792814,1.6886602053510695
MARA,1.0449740132008438,2.1138286093131375
MSTR,0.6093015720712932,1.153530770714483
