,RIOT,MARA,MSTR
RIOT,1,0.6040559170317442,1.1527314431762694
MARA,0.8953212550626083,1,1.3197059959572746
MSTR,0.2551142287196635,0.20348142337553818,1
