,COIN,RIOT,MSTR,MARA
COIN,1,0.3250981615778897,0.8076061481571549,0.3703463346626351
RIOT,0.6283584933009351,1,1.4099287158919156,0.6006386400434047
MSTR,0.3515226402279034,0.29692622020747905,1,0.41391981841618813
MARA,0.7607213861784797,0.6565799630452942,1.8926856892400994,1
