,MSTR,COIN,MARA,RIOT
MSTR,1,0.4635156587948986,0.47547010906534215,0.3872587282446204
COIN,0.782748707699507,1,0.4178071602551041,0.37741856238360344
MARA,1.6587075958339166,0.9631756119367868,1,0.7889205555627082
RIOT,1.349913284055626,0.7705216027709045,0.7477209415002022,1
