,BITO,QQQ
MSTR,0.5871261688651239,-1.0321519898172324
RIOT,0.8147337403236952,-0.04646812246234194
COIN,0.41109536841588035,-0.08876936830900592
MARA,1.027608558139723,-1.4354534401344103
