,MARA,MSTR,COIN,RIOT
MARA,1,0.8635991807413793,0.39455127842066195,0.8162580685753427
MSTR,0.8635991807413794,1,0.37685148275089947,0.8243065334221789
COIN,0.8390533219585635,0.8598791464780079,1,0.8901068032290598
RIOT,0.6836028188729152,0.83643198064216,0.21844035554941207,1
