,BITO,QQQ
MSTR,0.9311686094282018,0.4694780660775163
COIN,0.8844702133146551,0.5959798130325276
MARA,0.8823512507835514,0.36975511082711915
RIOT,0.9064930414249668,0.5158591426893795
