,MARA,MSTR,COIN,RIOT
MARA,1,1.5889458938423566,0.9839561359386567,0.7974544336357768
MSTR,0.5083909476527602,1,0.548948745600681,0.42989834541045796
COIN,0.412467862047706,0.7244969365396589,1,0.3778131716349535
RIOT,0.7484035249562124,1.2805453613945998,0.7892743300942189,1
