,MSTR,COIN,MARA,RIOT
MSTR,1,0.571796283963977,0.8825189848313403,0.8252961832904313
COIN,0.8806563205941224,1,0.8838032470216025,0.885793267712527
MARA,0.9016760842094873,0.6083458625840619,1,0.8677236630119647
RIOT,0.8967599351635532,0.5952994001163253,0.8591563314019676,1
