,BITO,QQQ
RIOT,0.8147337403236953,-0.046468122462342006
MSTR,0.587126168865124,-1.0321519898172324
COIN,0.4110953684158803,-0.088769368309006
MARA,1.0276085581397232,-1.4354534401344106
