,BITO,QQQ
MARA,0.7945901166237975,-0.02359068457794204
MSTR,0.9400085990528148,-0.19204138141414734
COIN,0.8448167282182659,0.4386716885258094
RIOT,0.8653161121895232,-0.06740967063859447
