,BITO,QQQ
MARA,1.1729913392142843,-0.24161963464858716
MSTR,0.6527925033480845,-0.9252906762175023
COIN,0.5223323956479142,2.9602268706889134
RIOT,0.8472929392799995,-0.40691545984341737
