,MSTR,MARA,RIOT,COIN
MSTR,1,0.4784897544717109,0.3701235561330035,0.42034818005697666
MARA,1.6295886343295372,1,0.7338488992664094,0.7270347817676361
RIOT,1.3323499892307102,0.8718862955789342,1,0.7265229468150234
COIN,0.7827487076995074,0.4178071602551042,0.37741856238360344,1
