,BITO,QQQ
COIN,0.5085969474264013,1.743910405688232
RIOT,0.9098400128620473,0.973226381431904
MSTR,0.6297097058184885,0.47253690920704666
MARA,1.2032212348957327,1.9419121044381111
