,MSTR,RIOT,COIN,MARA
MSTR,1,0.37019635546159757,0.14702326228654883,0.3755517560808425
RIOT,1.1838452009028764,1,0.17382000736451153,0.48906473676280293
COIN,0.6655136829902665,0.3246596686884345,1,0.2890332547606169
MARA,1.7803967724330532,0.8194520926480805,0.359170470282848,1
