,BITO,QQQ
MARA,1.0958360942988385,2.693343653079679
MSTR,0.6627645601302815,1.6024619929203245
COIN,0.5018026681448386,2.112193701656688
RIOT,0.897493864243576,2.7004038839798277
