,mae,mae_main_etf,r2_score,r2_score_main_etf,chisquare_normal,chisquare_normal_main_etf,n_days_error_bt_mae,n_days_error_bt_main_etf_mae,mean_abs_diff_when_bt_mae,mean_abs_diff_when_bt_main_etf_mae,stock_std,mean,lower_sigma,upper_sigma,lower_two_sigma,upper_two_sigma,r2_score_full,r2_score_main_etf_full
FCX,0.8992612090797186,1.063274627792349,0.6418221080631528,0.503345935095699,True,True,83,88,1.6060429307548745,1.8623368997436451,2.20295950267068,0.1648093624165813,-2.038150140254099,2.3677688650872613,-4.241109642924779,4.570728367757941,0.7677364392343642,0.5350648858322248
