,mae,mae_main_etf,r2_score,r2_score_main_etf,chisquare_normal,chisquare_normal_main_etf,n_days_error_bt_mae,n_days_error_bt_main_etf_mae,mean_abs_diff_when_bt_mae,mean_abs_diff_when_bt_main_etf_mae,stock_std,mean,lower_sigma,upper_sigma,lower_two_sigma,upper_two_sigma,r2_score_full,r2_score_main_etf_full
FCX,0.8989810063326087,1.0659971386056175,0.6444156830837632,0.5000042326740195,True,True,84,89,1.5969216842779435,1.8598437539065689,2.1927381049561117,0.15669424214305916,-2.0360438628130524,2.349432347099171,-4.228781967769164,4.542170452055283,0.7669913879284482,0.5281678065945115
