,mae,mae_main_etf,r2_score,r2_score_main_etf,chisquare_normal,chisquare_normal_main_etf,n_days_error_bt_mae,n_days_error_bt_main_etf_mae,mean_abs_diff_when_bt_mae,mean_abs_diff_when_bt_main_etf_mae,stock_std,mean,lower_sigma,upper_sigma,lower_two_sigma,upper_two_sigma,r2_score_full,r2_score_main_etf_full
FCX,0.9006612730920179,1.0591417073987168,0.6435304760270824,0.5076063994623068,True,True,82,87,1.6141154293473914,1.8698897293399546,2.204426148870446,0.165680353405184,-2.038745795465262,2.37010650227563,-4.243171944335708,4.574532651146076,0.767752946845914,0.5354469776090495
