,mae,mae_main_etf,r2_score,r2_score_main_etf,chisquare_normal,chisquare_normal_main_etf,n_days_error_bt_mae,n_days_error_bt_main_etf_mae,mean_abs_diff_when_bt_mae,mean_abs_diff_when_bt_main_etf_mae,stock_std,mean,lower_sigma,upper_sigma,lower_two_sigma,upper_two_sigma,r2_score_full,r2_score_main_etf_full
FCX,0.9080607494389276,1.0908005576662931,0.639683422750754,0.48770965826636825,True,True,83,92,1.6381491289796857,1.8849016750973129,2.1926297312353102,0.14771301245395574,-2.0449167187813546,2.340342743689266,-4.237546450016665,4.532972474924576,0.7658873912668613,0.5273228834329596
