,mae,mae_main_etf,r2_score,r2_score_main_etf,chisquare_normal,chisquare_normal_main_etf,n_days_error_bt_mae,n_days_error_bt_main_etf_mae,mean_abs_diff_when_bt_mae,mean_abs_diff_when_bt_main_etf_mae,stock_std,mean,lower_sigma,upper_sigma,lower_two_sigma,upper_two_sigma,r2_score_full,r2_score_main_etf_full
FCX,0.903449334987716,1.0983719047817335,0.6438072667897472,0.48693564239312426,True,True,84,92,1.624908753536929,1.8927388245501078,2.191947393225138,0.15316805110621662,-2.0387793421189215,2.3451154443313547,-4.230726735344059,4.537062837556493,0.76610339991381,0.5297588436135934
