,mae,mae_main_etf,r2_score,r2_score_main_etf,chisquare_normal,chisquare_normal_main_etf,n_days_error_bt_mae,n_days_error_bt_main_etf_mae,mean_abs_diff_when_bt_mae,mean_abs_diff_when_bt_main_etf_mae,stock_std,mean,lower_sigma,upper_sigma,lower_two_sigma,upper_two_sigma,r2_score_full,r2_score_main_etf_full
FCX,0.9096495857302174,1.0995832176573974,0.6476284022708954,0.49639768729551415,True,True,85,92,1.6131815705650363,1.8810027259769626,2.198634789283463,0.14326508533874563,-2.055369703944717,2.3418998746222086,-4.25400449322818,4.540534663905671,0.7670229244412629,0.5287727188004571
