,mae,mae_main_etf,r2_score,r2_score_main_etf,chisquare_normal,chisquare_normal_main_etf,n_days_error_bt_mae,n_days_error_bt_main_etf_mae,mean_abs_diff_when_bt_mae,mean_abs_diff_when_bt_main_etf_mae,stock_std,mean,lower_sigma,upper_sigma,lower_two_sigma,upper_two_sigma,r2_score_full,r2_score_main_etf_full
FCX,0.9024364681536359,1.0664738263976743,0.6366316938640384,0.49755001602205695,True,True,83,89,1.6156502342989105,1.8600318360316843,2.1998042171763603,0.16451871194398404,-2.0352855052323764,2.3643229291203443,-4.235089722408737,4.564127146296705,0.7668180695819047,0.5311720623464614
