,mae,mae_main_etf,r2_score,r2_score_main_etf,chisquare_normal,chisquare_normal_main_etf,n_days_error_bt_mae,n_days_error_bt_main_etf_mae,mean_abs_diff_when_bt_mae,mean_abs_diff_when_bt_main_etf_mae,stock_std,mean,lower_sigma,upper_sigma,lower_two_sigma,upper_two_sigma,r2_score_full,r2_score_main_etf_full
FCX,0.909649585730205,1.0995832176570213,0.6476284022709032,0.4963976872958088,True,True,85,92,1.613181570565021,1.8810027259764075,2.1986347892834632,0.14326508533874563,-2.0553697039447174,2.341899874622209,-4.254004493228181,4.540534663905672,0.7670229244412616,0.5287727188004562
