,mae,mae_main_etf,r2_score,r2_score_main_etf,chisquare_normal,chisquare_normal_main_etf,n_days_error_bt_mae,n_days_error_bt_main_etf_mae,mean_abs_diff_when_bt_mae,mean_abs_diff_when_bt_main_etf_mae,stock_std,mean,lower_sigma,upper_sigma,lower_two_sigma,upper_two_sigma,r2_score_full,r2_score_main_etf_full
FCX,0.9031749334897855,1.0950083024238102,0.6430743849852592,0.48826717315134505,True,True,83,92,1.6328902366271956,1.884868592410429,2.1921159696272667,0.15024733101260565,-2.041868638614661,2.3423633006398723,-4.2339846082419275,4.5344792702671395,0.7660866539473246,0.527398734541483
