,mae,mae_main_etf,r2_score,r2_score_main_etf,chisquare_normal,chisquare_normal_main_etf,n_days_error_bt_mae,n_days_error_bt_main_etf_mae,mean_abs_diff_when_bt_mae,mean_abs_diff_when_bt_main_etf_mae,stock_std,mean,lower_sigma,upper_sigma,lower_two_sigma,upper_two_sigma,r2_score_full,r2_score_main_etf_full
FCX,0.8860260616823696,1.0763926738099405,0.6527642079584377,0.4989059361673406,True,True,87,92,1.563407265607502,1.852712553007667,2.1904030506847887,0.15327927729065344,-2.037123773394135,2.343682327975442,-4.227526824078924,4.53408537866023,0.7660786281710621,0.5297582491658963
