,mae,mae_main_etf,r2_score,r2_score_main_etf,chisquare_normal,chisquare_normal_main_etf,n_days_error_bt_mae,n_days_error_bt_main_etf_mae,mean_abs_diff_when_bt_mae,mean_abs_diff_when_bt_main_etf_mae,stock_std,mean,lower_sigma,upper_sigma,lower_two_sigma,upper_two_sigma,r2_score_full,r2_score_main_etf_full
FCX,0.8810603687131293,1.069297646838068,0.6607281539842771,0.5031610546258116,True,True,86,91,1.5541936132368261,1.8524349215017408,2.188665772722789,0.15257054794773597,-2.0360952247750532,2.341236320670525,-4.224760997497842,4.529902093393314,0.7626951657947211,0.5300350952206463
