,mae,mae_main_etf,r2_score,r2_score_main_etf,chisquare_normal,chisquare_normal_main_etf,n_days_error_bt_mae,n_days_error_bt_main_etf_mae,mean_abs_diff_when_bt_mae,mean_abs_diff_when_bt_main_etf_mae,stock_std,mean,lower_sigma,upper_sigma,lower_two_sigma,upper_two_sigma,r2_score_full,r2_score_main_etf_full
FCX,0.8810603687131384,1.0692976468382807,0.6607281539842714,0.5031610546256335,True,True,86,91,1.5541936132368361,1.8524349215021099,2.1886657727227887,0.15257054794773597,-2.036095224775053,2.3412363206705247,-4.2247609974978415,4.529902093393313,0.7626951657947211,0.5300350952206458
