,XLE,CPER
FCX,0.9949177052163507,1.2181225098841255
