,XLE,CPER
FCX,0.7880194274256017,0.7263157848905509
