,XLE,CPER
FCX,0.7902094881957297,0.7282653617447604
