,XLE,CPER
FCX,0.9920950114880445,1.1962262692210508
