,XLE,CPER
FCX,0.9927973576670788,1.2022503433298952
