,XLE,CPER
FCX,0.7901846098220706,0.7282655672487747
