,XLE,CPER
FCX,0.983673494170092,1.2126896224077077
