,XLE,CPER
FCX,0.7838890535954961,0.7283526537414096
