,XLE,CPER
FCX,0.9942615240009652,1.2038972729952881
