,XLE,CPER
FCX,0.9733512499490503,1.2075921041506126
