,XLE,CPER
FCX,0.9927973576670788,1.202250343329895
