,XLE,CPER
FCX,0.9927597772565724,1.2077358643559002
