,XLE,CPER
FCX,0.9928372278354178,1.2077358416163797
