,XLE,CPER
FCX,0.786682031123072,0.7284864864325965
