,XLE,CPER
FCX,0.9845577710281992,1.216042765008805
