,XLE,CPER
FCX,0.973351249949051,1.207592104150612
