,XLE,CPER
FCX,0.994803381173219,1.197414320476911
