,XLE,CPER
FCX,0.9957134296630713,1.1984242636577165
