,XLE,CPER
FCX,0.7866820311230717,0.7284864864325966
