,XLE,CPER
FCX,0.7837651999928179,0.7282856562457165
