,XLE,CPER
FCX,0.9837963998168707,1.2130524327497871
