,XLE,CPER
FCX,0.9838736845280747,1.2123163394029188
