,XLE,CPER
FCX,0.784130583422304,0.7282768271752574
