,XLE,CPER
FCX,0.7841718710224366,0.7281718202726545
