,XLE,CPER
FCX,0.7866820311230718,0.7284864864325965
