,XLE,CPER
FCX,0.9923496739544524,1.196847307062744
