,XLE,CPER
FCX,0.7900229553583249,0.7267338859933388
