,XLE,CPER
FCX,0.7888066869191172,0.7295791435608716
