,XLE,CPER
FCX,0.9733512499490509,1.2075921041506124
