,XLE,CPER
FCX,0.7828673078745428,0.7299622331889325
