,XLE,CPER
FCX,0.9957134296630707,1.1984242636577165
