,XLE,CPER
FCX,0.7906240216207918,0.7274735346587644
