,XLE,CPER
FCX,0.7890222338893006,0.7320373121427208
