,XLE,CPER
FCX,0.789817788402343,0.7266540422075094
