,XLE,CPER
FCX,0.9831868247154462,1.2181622812487678
