,XLE,CPER
FCX,0.7905572944663315,0.7275936536486756
