,XLE,CPER
FCX,0.9948504710844024,1.2166343763718712
