,XLE,CPER
FCX,0.790557294466332,0.7275936536486756
