,XLE,CPER
FCX,0.7891128712985638,0.7322644104552168
