,mae,mae_main_etf,r2_score,r2_score_main_etf,chisquare_normal,chisquare_normal_main_etf,n_days_error_bt_mae,n_days_error_bt_main_etf_mae,mean_abs_diff_when_bt_mae,mean_abs_diff_when_bt_main_etf_mae,stock_std,mean,lower_sigma,upper_sigma,lower_two_sigma,upper_two_sigma,r2_score_full,r2_score_main_etf_full
AMAT,0.45948489448885316,0.623259163646587,0.7441153763298605,0.6182492041926042,True,True,70,73,0.9814359625403232,1.3108943452188797,1.708407984908507,0.14788077397168914,-1.5605272109368178,1.8562887588801962,-3.2689351958453248,3.564696743788703,0.8784294250356732,0.696490491209121
LRCX,0.4041643435482115,0.6038306738745234,0.7537262677460973,0.5692240660279854,True,True,70,83,0.8477950834228037,1.153221717908754,1.712904161838137,0.1631776248291689,-1.5497265370089681,1.876081786667306,-3.262630698847105,3.588985948505443,0.8762117375099931,0.6970751745147563
TER,0.466644898848556,0.697270101419166,0.6627516772309334,0.42767050866846046,True,True,64,72,1.114346036982724,1.4954035750612558,1.5429106075574968,0.1428280483145752,-1.4000825592429216,1.685738655872072,-2.9429931668004183,3.2286492634295687,0.8585647949263435,0.6844242814117536
