,mae,mae_main_etf,r2_score,r2_score_main_etf,chisquare_normal,chisquare_normal_main_etf,n_days_error_bt_mae,n_days_error_bt_main_etf_mae,mean_abs_diff_when_bt_mae,mean_abs_diff_when_bt_main_etf_mae,stock_std,mean,lower_sigma,upper_sigma,lower_two_sigma,upper_two_sigma,r2_score_full,r2_score_main_etf_full
TER,0.4980095786434461,0.7363948801298152,0.5772448752450112,0.33000597263619846,False,False,59,71,1.2684354313478658,1.6034163253147722,1.542630202927576,0.14330304885986048,-1.3993271540677155,1.6859332517874366,-2.9419573569952915,3.2285634547150126,0.8579168662935299,0.6844511600433145
AMAT,0.45422245835002334,0.6191298479209866,0.744963196160155,0.6180034113225108,True,True,71,72,0.9583651635158631,1.3142603493586422,1.7059930863640111,0.14707861877600667,-1.5589144675880044,1.8530717051400178,-3.264907553952016,3.5590647915040288,0.8789736637937359,0.6983091592626214
LRCX,0.4070363654986148,0.6204678280777667,0.7543374586991989,0.554789539328836,True,True,69,84,0.8512077659959515,1.1607091013441744,1.7158414893669027,0.16529637725254925,-1.5505451121143534,1.881137866619452,-3.266386601481256,3.5969793559863548,0.8756529902498553,0.697124471253172
