,mae,mae_main_etf,r2_score,r2_score_main_etf,chisquare_normal,chisquare_normal_main_etf,n_days_error_bt_mae,n_days_error_bt_main_etf_mae,mean_abs_diff_when_bt_mae,mean_abs_diff_when_bt_main_etf_mae,stock_std,mean,lower_sigma,upper_sigma,lower_two_sigma,upper_two_sigma,r2_score_full,r2_score_main_etf_full
TER,0.500595867950043,0.7427387942539181,0.5792445639778832,0.3310908406168894,False,False,58,72,1.281726008181447,1.5970833168366267,1.5450428966835605,0.1453399017143406,-1.39970299496922,1.6903827983979012,-2.9447458916527807,3.2354256950814615,0.8581156072477123,0.6844972681472541
AMAT,0.4297902636801127,0.5968015165249302,0.7822906358482877,0.6354457172958698,True,True,73,74,0.8751359370591237,1.2386900807692993,1.7081619039378062,0.14544744745154878,-1.5627144564862574,1.853609351389355,-3.270876360424064,3.561771255327161,0.8797856584850864,0.7010892291126893
LRCX,0.40555128314191663,0.6145920258518899,0.7560426831574784,0.5617930595437006,True,True,68,84,0.8547719396277643,1.1489710556260149,1.7192246066057468,0.16416139440605207,-1.5550632121996948,1.8833860010117989,-3.2742878188054414,3.602610607617546,0.8760586779014137,0.6998902427463181
