,mae,mae_main_etf,r2_score,r2_score_main_etf,chisquare_normal,chisquare_normal_main_etf,n_days_error_bt_mae,n_days_error_bt_main_etf_mae,mean_abs_diff_when_bt_mae,mean_abs_diff_when_bt_main_etf_mae,stock_std,mean,lower_sigma,upper_sigma,lower_two_sigma,upper_two_sigma,r2_score_full,r2_score_main_etf_full
AMAT,0.43195281247209855,0.6040849514541486,0.7823129754767708,0.6333363709349588,True,True,74,73,0.8696688928184507,1.2546041280791882,1.709702145786291,0.14349863251054568,-1.5662035132757455,1.8532007782968367,-3.2759056590620363,3.562902924083128,0.879681195177956,0.7007516855986056
LRCX,0.40702961802673593,0.6204224706222531,0.7581769808211061,0.5619854308820709,True,True,68,83,0.8566869146859378,1.1645402561940146,1.7213777771025514,0.16318830402724974,-1.5581894730753016,1.884566081129801,-3.2795672501778528,3.6059438582323526,0.8761972273588426,0.6999563182997358
TER,0.4956878359680257,0.7414298149255634,0.5830922347979767,0.3347481974174882,False,False,57,70,1.2842399874300507,1.6183196083626146,1.5470485112136458,0.14388818944260914,-1.4031603217710367,1.690936700656255,-2.9502088329846825,3.237985211869901,0.8589345662869254,0.685450730584283
