,mae,mae_main_etf,r2_score,r2_score_main_etf,chisquare_normal,chisquare_normal_main_etf,n_days_error_bt_mae,n_days_error_bt_main_etf_mae,mean_abs_diff_when_bt_mae,mean_abs_diff_when_bt_main_etf_mae,stock_std,mean,lower_sigma,upper_sigma,lower_two_sigma,upper_two_sigma,r2_score_full,r2_score_main_etf_full
LRCX,0.40592370867868655,0.612802451673152,0.7525257546147506,0.5551659539054945,True,True,71,85,0.8469228792503126,1.1650582137668695,1.710287086597285,0.16529386197120663,-1.5449932246260785,1.8755809485684916,-3.2552803112233635,3.5858680351657766,0.875588917719002,0.6948189407219932
TER,0.4690210969149722,0.7026800725243768,0.6561056285448474,0.41196570410066624,True,True,65,72,1.1126083281033865,1.51565360761414,1.5400919128383088,0.14448609329549605,-1.3956058195428127,1.684578006133805,-2.9356977323811217,3.2246699189721135,0.8573841014244339,0.6808500892196508
AMAT,0.4552981516173886,0.6263215769481684,0.7435913071850189,0.6139669667676735,True,True,69,74,0.9874701251282259,1.307869848221515,1.7070155549734902,0.1506401829509472,-1.556375372022543,1.8576557379244374,-3.263390926996033,3.564671292897928,0.8786650451469844,0.6962818229356915
