,mae,mae_main_etf,r2_score,r2_score_main_etf,chisquare_normal,chisquare_normal_main_etf,n_days_error_bt_mae,n_days_error_bt_main_etf_mae,mean_abs_diff_when_bt_mae,mean_abs_diff_when_bt_main_etf_mae,stock_std,mean,lower_sigma,upper_sigma,lower_two_sigma,upper_two_sigma,r2_score_full,r2_score_main_etf_full
TER,0.4719023349030141,0.7061615794233013,0.6590479620000327,0.41757196689349163,True,True,65,73,1.1189144747078283,1.5090801455333773,1.5411818966907755,0.14469220755126708,-1.3964896891395084,1.6858741042420426,-2.937671585830284,3.227056000932818,0.8574331179290999,0.6796605800000941
LRCX,0.40875989049900385,0.6145209949138254,0.751699093376204,0.5564907357558916,True,True,72,85,0.8465427561810992,1.165348569771535,1.7114434627439887,0.1657541035296905,-1.5456893592142982,1.8771975662736793,-3.257132821958287,3.588641029017668,0.87560336525658,0.6925624798211409
AMAT,0.4568854172929405,0.6288832569093729,0.745950433399531,0.6172100804342606,True,True,71,75,0.9741380281391651,1.3010935718215826,1.7082087178954695,0.1508796203029511,-1.5573290975925183,1.8590883381984207,-3.265537815487988,3.56729705609389,0.8787085069405284,0.6949874078862472
