,mae,mae_main_etf,r2_score,r2_score_main_etf,chisquare_normal,chisquare_normal_main_etf,n_days_error_bt_mae,n_days_error_bt_main_etf_mae,mean_abs_diff_when_bt_mae,mean_abs_diff_when_bt_main_etf_mae,stock_std,mean,lower_sigma,upper_sigma,lower_two_sigma,upper_two_sigma,r2_score_full,r2_score_main_etf_full
AMAT,0.4309373750550201,0.6018735140959519,0.7823926979158204,0.6337671382471225,True,True,74,72,0.869666918821829,1.2628123074332886,1.7084749639920285,0.14307554922642188,-1.5653994147656065,1.8515505132184504,-3.273874378757635,3.5600254772104787,0.8796870548281127,0.7008533918976505
LRCX,0.40657971507279533,0.6159683544077857,0.7583161206705464,0.5643430066273478,True,True,68,84,0.856703356965139,1.1551587832744716,1.7204772690265333,0.16260989325846611,-1.5578673757680672,1.8830871622849994,-3.2783446447946005,3.6035644313115327,0.876173911988278,0.7003669731294269
TER,0.4974690828572819,0.7415096139944729,0.581814277287551,0.3340099416048179,False,False,58,70,1.276826913368246,1.619577567935082,1.5460993282195288,0.14464693044830995,-1.4014523977712188,1.6907462586678388,-2.9475517259907478,3.2368455868873673,0.8585221116245387,0.6851171334145502
