,mae,mae_main_etf,r2_score,r2_score_main_etf,shapiro_normal,pearson_normal,ks_normal,chisquare_normal,shapiro_normal_main_etf,pearson_normal_main_etf,ks_normal_main_etf,chisquare_normal_main_etf,n_days_error_bt_mae,n_days_error_bt_main_etf_mae,mean_abs_diff_when_bt_mae,mean_abs_diff_when_bt_main_etf_mae,stock_std,mean,lower_sigma,upper_sigma,lower_two_sigma,upper_two_sigma,r2_score_full,r2_score_main_etf_full
TER,0.5499762756328098,0.7575266931102719,0.523931922080044,0.32415256882372656,False,False,False,False,False,False,False,False,58,67,1.3867709726576782,1.6603073828092967,1.563991655738015,0.15524629225614078,-1.408745363481874,1.7192379479941557,-2.972737019219889,3.2832296037321704,0.8465228928009012,0.683289501783995
AMAT,0.4608113712457436,0.6334045687346874,0.7361538283713525,0.6067613081030534,False,False,False,True,False,False,False,True,68,72,0.9734081462241139,1.296040228413566,1.7199870211042516,0.16220358993112663,-1.557783431173125,1.8821906110353783,-3.2777704522773767,3.6021776321396297,0.8723536738805262,0.6965372441017748
LRCX,0.431443064052268,0.6556443981769652,0.7237640400246945,0.5370033729896525,False,False,False,True,False,False,False,True,68,81,0.9071021204941133,1.2057026713590848,1.7377263775777132,0.18005932292064628,-1.557667054657067,1.9177857004983594,-3.29539343223478,3.6555120780760726,0.8709797552986372,0.6982973834128041
