,mae,mae_main_etf,r2_score,r2_score_main_etf,chisquare_normal,chisquare_normal_main_etf,n_days_error_bt_mae,n_days_error_bt_main_etf_mae,mean_abs_diff_when_bt_mae,mean_abs_diff_when_bt_main_etf_mae,stock_std,mean,lower_sigma,upper_sigma,lower_two_sigma,upper_two_sigma,r2_score_full,r2_score_main_etf_full
AMAT,0.4569020267793022,0.6189560306786315,0.7467385035596866,0.6217193495264308,True,True,72,71,0.9540361150619027,1.3236748620675238,1.7060701653004844,0.14313142755524924,-1.562938737745235,1.8492015928557337,-3.2690089030457194,3.555271758156218,0.8788302852820626,0.6962872226337538
TER,0.49370422218202203,0.7266586746115806,0.5805146688271167,0.34739968248051767,False,False,58,70,1.2748561423058589,1.5928669750535729,1.5423932788257348,0.139224682046886,-1.4031685967788488,1.681617960872621,-2.9455618756045836,3.224011239698356,0.8583360469582083,0.6845333536488918
LRCX,0.40760484091845534,0.6088510583866161,0.7551295525466699,0.5735413022563749,True,True,70,83,0.8480034108421389,1.148636688460583,1.715099959632028,0.16126038474863166,-1.5538395748833964,1.8763603443806596,-3.2689395345154244,3.5914603040126876,0.8757375103254823,0.6970324854351759
