,mae,mae_main_etf,r2_score,r2_score_main_etf,chisquare_normal,chisquare_normal_main_etf,n_days_error_bt_mae,n_days_error_bt_main_etf_mae,mean_abs_diff_when_bt_mae,mean_abs_diff_when_bt_main_etf_mae,stock_std,mean,lower_sigma,upper_sigma,lower_two_sigma,upper_two_sigma,r2_score_full,r2_score_main_etf_full
LRCX,0.40264044300617097,0.6074711368173863,0.7535054155032325,0.5645027129453304,True,True,70,85,0.8478651557055172,1.1515963070297268,1.70926263805224,0.16625062045682812,-1.5430120175954118,1.8755132585090681,-3.252274655647652,3.584775896561308,0.875822167497523,0.6917286981491007
TER,0.45735670679117263,0.6881431562412004,0.6616343274849162,0.4304833485762589,True,True,63,72,1.100088149685485,1.4733288889293847,1.539704538645104,0.14557378464837475,-1.3941307539967294,1.6852783232934787,-2.933835292641833,3.224982861938583,0.8577561636403053,0.6786300743202939
AMAT,0.4570492929503271,0.6249551700147846,0.7445456174014665,0.6173832173978492,True,True,70,74,0.9826699229514299,1.3039290706527176,1.7069324714901888,0.15210575169370333,-1.5548267197964853,1.8590382231838922,-3.261759191286674,3.565970694674081,0.8788506773284469,0.693776709213181
