,mae,mae_main_etf,r2_score,r2_score_main_etf,chisquare_normal,chisquare_normal_main_etf,n_days_error_bt_mae,n_days_error_bt_main_etf_mae,mean_abs_diff_when_bt_mae,mean_abs_diff_when_bt_main_etf_mae,stock_std,mean,lower_sigma,upper_sigma,lower_two_sigma,upper_two_sigma,r2_score_full,r2_score_main_etf_full
TER,0.49391035397113453,0.7453580807051904,0.5836327325633284,0.3319655477558089,False,False,58,71,1.2706169673142773,1.612903982181418,1.5481750414401492,0.14398971819896256,-1.4041853232411867,1.6921647596391116,-2.952360364681336,3.240339801079261,0.8590295156304794,0.6856153214685622
AMAT,0.43231598837762014,0.6088450802021788,0.7821324188092389,0.6307964275589942,True,True,74,73,0.8702886440106402,1.261455895737015,1.710719069258152,0.14452456823269771,-1.5661945010254543,1.8552436374908496,-3.276913570283606,3.565962706749002,0.8796768837398506,0.7006572055472136
LRCX,0.4085239481970102,0.6232823539900785,0.758217421619583,0.5610924744756196,True,True,69,82,0.8510741721985372,1.1746811422774195,1.722565061730514,0.16366987574853537,-1.5588951859819786,1.8862349374790492,-3.2814602477124923,3.6087999992095634,0.8762069413355489,0.6999737539046041
