,mae,mae_main_etf,r2_score,r2_score_main_etf,chisquare_normal,chisquare_normal_main_etf,n_days_error_bt_mae,n_days_error_bt_main_etf_mae,mean_abs_diff_when_bt_mae,mean_abs_diff_when_bt_main_etf_mae,stock_std,mean,lower_sigma,upper_sigma,lower_two_sigma,upper_two_sigma,r2_score_full,r2_score_main_etf_full
TER,0.4980095786433343,0.7363948801294995,0.5772448752450676,0.3300059726364598,False,False,59,71,1.2684354313476582,1.603416325314728,1.5426302029275758,0.1433030488598605,-1.3993271540677152,1.6859332517874364,-2.941957356995291,3.228563454715012,0.8579168662935289,0.6844511600433143
AMAT,0.45422245833824765,0.6191298479215513,0.7449631961673044,0.6180034113213847,True,True,71,72,0.9583651634971859,1.3142603493605154,1.705993086364011,0.14707861877600667,-1.5589144675880042,1.8530717051400176,-3.2649075539520154,3.5590647915040283,0.8789736637937363,0.698309159262622
LRCX,0.4070363655070397,0.6204678280763972,0.7543374586930897,0.5547895393303862,True,True,69,84,0.8512077660108022,1.1607091013421005,1.7158414893669027,0.16529637725254925,-1.5505451121143534,1.881137866619452,-3.266386601481256,3.5969793559863548,0.8756529902498548,0.697124471253173
