,mae,mae_main_etf,r2_score,r2_score_main_etf,chisquare_normal,chisquare_normal_main_etf,n_days_error_bt_mae,n_days_error_bt_main_etf_mae,mean_abs_diff_when_bt_mae,mean_abs_diff_when_bt_main_etf_mae,stock_std,mean,lower_sigma,upper_sigma,lower_two_sigma,upper_two_sigma,r2_score_full,r2_score_main_etf_full
LRCX,0.4063839315158146,0.6100937132038349,0.7525229022937329,0.5606159695750119,True,True,71,84,0.8455139066654741,1.1605743079540711,1.7117523047073482,0.16368310672294914,-1.548069197984399,1.8754354114302973,-3.2598215026917474,3.5871877161376453,0.8759303218765171,0.693415907444489
TER,0.4685285271057841,0.7018722722032446,0.6617565287056253,0.42266317890427485,True,True,65,72,1.1077395468617457,1.50742344433612,1.5418650431944685,0.14333563722323925,-1.3985294059712292,1.6852006804177078,-2.940394449165698,3.227065723612176,0.8582988484428253,0.6813796793876352
AMAT,0.4588496953198992,0.6286055140579134,0.7434355323506769,0.6143790017649073,True,True,69,74,0.9890996772464342,1.30937053941409,1.707213075866528,0.14762347260982475,-1.5595896032567034,1.8548365484763527,-3.266802679123231,3.562049624342881,0.878414632656358,0.694350999743862
