,mae,mae_main_etf,r2_score,r2_score_main_etf,chisquare_normal,chisquare_normal_main_etf,n_days_error_bt_mae,n_days_error_bt_main_etf_mae,mean_abs_diff_when_bt_mae,mean_abs_diff_when_bt_main_etf_mae,stock_std,mean,lower_sigma,upper_sigma,lower_two_sigma,upper_two_sigma,r2_score_full,r2_score_main_etf_full
LRCX,0.40760484091296545,0.6088510583876353,0.7551295525507854,0.5735413022552659,True,True,70,83,0.8480034108317652,1.1486366884620627,1.7150999596320282,0.1612603847486316,-1.5538395748833966,1.8763603443806598,-3.268939534515425,3.591460304012688,0.8757375103254827,0.6970324854351777
AMAT,0.4569020267443545,0.6189560306786864,0.746738503580228,0.6217193495263518,True,True,72,71,0.9540361150067255,1.323674862067685,1.7060701653004844,0.14313142755524924,-1.562938737745235,1.8492015928557337,-3.2690089030457194,3.555271758156218,0.8788302852820625,0.696287222633754
TER,0.4937042221818459,0.726658674611591,0.5805146688271996,0.3473996824805101,False,False,58,70,1.2748561423055376,1.5928669750535749,1.5423932788257348,0.139224682046886,-1.4031685967788488,1.681617960872621,-2.9455618756045836,3.224011239698356,0.8583360469582073,0.6845333536488915
