,mae,mae_main_etf,r2_score,r2_score_main_etf,chisquare_normal,chisquare_normal_main_etf,n_days_error_bt_mae,n_days_error_bt_main_etf_mae,mean_abs_diff_when_bt_mae,mean_abs_diff_when_bt_main_etf_mae,stock_std,mean,lower_sigma,upper_sigma,lower_two_sigma,upper_two_sigma,r2_score_full,r2_score_main_etf_full
AMAT,0.4570492929467208,0.6249551700147812,0.7445456174037985,0.6173832173976654,True,True,70,74,0.9826699229455625,1.3039290706529008,1.7069324714901888,0.15210575169370333,-1.5548267197964853,1.8590382231838922,-3.261759191286674,3.565970694674081,0.8788506773284478,0.6937767092131806
TER,0.45735670679118573,0.6881431562411946,0.6616343274849072,0.4304833485762616,True,True,63,72,1.1000881496855086,1.4733288889293827,1.539704538645104,0.14557378464837478,-1.3941307539967291,1.685278323293479,-2.933835292641833,3.224982861938583,0.8577561636403028,0.678630074320294
LRCX,0.40264044301367136,0.6074711368186958,0.7535054154953982,0.5645027129437719,True,True,70,85,0.8478651557251221,1.1515963070317983,1.70926263805224,0.16625062045682815,-1.5430120175954118,1.8755132585090681,-3.2522746556476516,3.5847758965613084,0.8758221674975224,0.6917286981491018
