,mae,mae_main_etf,r2_score,r2_score_main_etf,chisquare_normal,chisquare_normal_main_etf,n_days_error_bt_mae,n_days_error_bt_main_etf_mae,mean_abs_diff_when_bt_mae,mean_abs_diff_when_bt_main_etf_mae,stock_std,mean,lower_sigma,upper_sigma,lower_two_sigma,upper_two_sigma,r2_score_full,r2_score_main_etf_full
MARA,0.7242982643419174,0.7867376997825016,0.935949978012282,0.9427386744857696,True,True,4,4,1.4110216482632738,1.2937372178989235,4.276960372154053,0.7376332533433513,-3.539327118810702,5.014593625497405,-7.816287490964755,9.291553997651457,0.7671697470045098,0.7628455074854735
MSTR,0.6720851576551949,0.7944301691109279,0.9125233086525473,0.8867061306064853,True,True,4,3,1.1998531847905538,1.5614929286533439,2.419243463505153,0.46096255386736074,-1.9582809096377924,2.880206017372514,-4.377524373142945,5.2994494808776675,0.8791741632248053,0.8695331870848996
RIOT,0.9501055788936065,1.1904924611089618,0.9028806970792764,0.8558454974202072,True,True,6,4,1.3635141533909743,1.9608415427982517,3.386506666617626,0.7695472948328741,-2.616959371784752,4.1560539614505,-6.003466038402378,7.542560628068125,0.8326843594567725,0.789419180034699
