,mae,mae_main_etf,r2_score,r2_score_main_etf,chisquare_normal,chisquare_normal_main_etf,n_days_error_bt_mae,n_days_error_bt_main_etf_mae,mean_abs_diff_when_bt_mae,mean_abs_diff_when_bt_main_etf_mae,stock_std,mean,lower_sigma,upper_sigma,lower_two_sigma,upper_two_sigma,r2_score_full,r2_score_main_etf_full
MSTR,0.9439575045227659,0.8225250679869428,0.434550859312656,0.5834836293517087,True,True,3,4,1.331156725833945,1.0171948217016744,2.018678935832687,0.5876967585646677,-1.4309821772680191,2.6063756943973546,-3.449661113100706,4.625054630230041,0.8022471576455847,0.7954927163519271
RIOT,1.1056758692466064,1.1000734019633929,0.831526076276497,0.8080973621249801,True,True,3,3,1.4855447012666503,1.7106661960694156,3.7059387131382,1.7251877939731348,-1.980750919165065,5.431126507111335,-5.686689632303265,9.137065220249534,0.5488765901925217,0.6583295592150584
MARA,0.8149511155586304,0.7485912114795741,0.8525461704829448,0.855549855826827,True,True,2,2,1.7711995570614498,1.8236123906505985,4.316665438353895,0.6934444280818038,-3.623221010272091,5.010109866435699,-7.939886448625986,9.326775304789594,0.683726234403166,0.6759003570714909
