,mae,mae_main_etf,r2_score,r2_score_main_etf,chisquare_normal,chisquare_normal_main_etf,n_days_error_bt_mae,n_days_error_bt_main_etf_mae,mean_abs_diff_when_bt_mae,mean_abs_diff_when_bt_main_etf_mae,stock_std,mean,lower_sigma,upper_sigma,lower_two_sigma,upper_two_sigma,r2_score_full,r2_score_main_etf_full
RIOT,4.608790364368821,4.4999151123670345,0.39507879599267914,0.4218852860725163,True,True,1,1,9.411293074659243,9.184358442645244,5.000442189475318,0.705486736520267,-4.294955452955051,5.705928925995584,-9.295397642430368,10.706371115470903,0.6933998394474254,0.5165939005456386
MARA,3.812190831886153,3.573080786211521,-0.4290344776403523,-0.30194490859301193,True,True,2,2,6.412712263543431,6.124668121741007,4.733822926815875,1.4496272483909982,-3.2841956784248767,6.183450175206873,-8.018018605240751,10.917273102022747,0.621432599371154,0.6164826419808065
MSTR,0.3527296874845645,0.28802221666365635,0.9181172964359209,0.9456731277493061,True,True,2,1,0.565994460728606,0.6492973576555592,2.204593634520845,0.9010846898157379,-1.303508944705107,3.1056783243365826,-3.5081025792259517,5.310271958857427,0.8387590894105994,0.8221034558308341
