,mae,mae_main_etf,r2_score,r2_score_main_etf,chisquare_normal,chisquare_normal_main_etf,n_days_error_bt_mae,n_days_error_bt_main_etf_mae,mean_abs_diff_when_bt_mae,mean_abs_diff_when_bt_main_etf_mae,stock_std,mean,lower_sigma,upper_sigma,lower_two_sigma,upper_two_sigma,r2_score_full,r2_score_main_etf_full
MARA,0.8044330211650916,0.7220788933839738,0.9337070626795921,0.9599919386627729,True,True,3,4,1.7257729523665215,1.0860073168181825,3.8392447100216662,0.6777540250979399,-3.1614906849237263,4.516998735119606,-7.0007353949453925,8.356243445141272,0.7003769964787375,0.6878059922268711
RIOT,2.033974604923063,1.3296560266047235,0.5830745147492997,0.8571849547324231,True,True,3,4,3.6859152503023354,1.8911927886034974,3.2325337432289674,1.0696551491306387,-2.162878594098329,4.302188892359606,-5.395412337327296,7.534722635588573,0.7938652548318791,0.7550205179754461
MSTR,0.6302996839035822,0.6614787685662057,0.9203269922086024,0.9158268713292157,True,True,3,3,1.2826940705661887,1.3093730477799155,2.1946321071298507,0.2644251271398324,-1.9302069799900183,2.4590572342696833,-4.124839087119869,4.6536893413995335,0.8478491295325989,0.8366010787612868
