,mae,mae_main_etf,r2_score,r2_score_main_etf,chisquare_normal,chisquare_normal_main_etf,n_days_error_bt_mae,n_days_error_bt_main_etf_mae,mean_abs_diff_when_bt_mae,mean_abs_diff_when_bt_main_etf_mae,stock_std,mean,lower_sigma,upper_sigma,lower_two_sigma,upper_two_sigma,r2_score_full,r2_score_main_etf_full
MSTR,0.3802684125818041,0.32014263322051734,0.6422078098454975,0.7568558507271286,True,True,1,1,0.7715167173666109,0.6492973576555572,1.9120992103135164,1.2268091531348972,-0.6852900571786191,3.1389083634484134,-2.5973892674921357,5.05100757376193,0.7680281750040109,0.7425011553775993
RIOT,3.0079561276053517,2.938434002274302,-3.579196806356503,-3.4214489364525624,True,True,1,1,4.349338361505414,4.316684414441716,2.7113663113050572,1.890831231151325,-0.8205350801537323,4.602197542456382,-3.5319013914587893,7.31356385376144,0.6730139359118266,0.5165939005456391
MARA,4.892167761871744,4.601460000523145,-2.088547794531735,-1.8160439246083104,True,True,2,2,6.412712263544227,6.124668121740428,4.1632637277038205,2.1262577785677657,-2.037005949136055,6.289521506271586,-6.200269676839875,10.452785233975407,0.47846012183705466,0.4716389058955677
