,mae,mae_main_etf,r2_score,r2_score_main_etf,chisquare_normal,chisquare_normal_main_etf,n_days_error_bt_mae,n_days_error_bt_main_etf_mae,mean_abs_diff_when_bt_mae,mean_abs_diff_when_bt_main_etf_mae,stock_std,mean,lower_sigma,upper_sigma,lower_two_sigma,upper_two_sigma,r2_score_full,r2_score_main_etf_full
RIOT,1.1056758692455242,1.1000734019633864,0.8315260762768938,0.8080973621249824,True,True,3,3,1.48554470126475,1.710666196069404,3.7059387131381993,1.7251877939731348,-1.9807509191650645,5.431126507111334,-5.686689632303263,9.137065220249534,0.5488765901925219,0.658329559215058
MSTR,0.9439575045240963,0.8225250679869482,0.43455085931143345,0.5834836293517038,True,True,3,4,1.331156725834788,1.0171948217016797,2.018678935832687,0.5876967585646677,-1.4309821772680191,2.6063756943973546,-3.449661113100706,4.625054630230041,0.8022471576455839,0.7954927163519262
MARA,0.814951115561545,0.7485912114795704,0.8525461704824789,0.8555498558268253,True,True,2,2,1.7711995570630212,1.8236123906506096,4.316665438353895,0.6934444280818038,-3.623221010272091,5.010109866435699,-7.939886448625986,9.326775304789594,0.6837262344031655,0.6759003570714902
