,mae,mae_main_etf,r2_score,r2_score_main_etf,chisquare_normal,chisquare_normal_main_etf,n_days_error_bt_mae,n_days_error_bt_main_etf_mae,mean_abs_diff_when_bt_mae,mean_abs_diff_when_bt_main_etf_mae,stock_std,mean,lower_sigma,upper_sigma,lower_two_sigma,upper_two_sigma,r2_score_full,r2_score_main_etf_full
RIOT,0.8252173838645943,0.7863475145133989,0.6362540865379354,0.6439048972039534,True,True,2,2,1.2110296385777453,1.2270247443562927,4.279767175036163,0.6667159435898431,-3.61305123144632,4.946483118626006,-7.892818406482483,9.226250293662169,0.6917355336387037,0.5619039618944742
MSTR,1.0352095210672458,0.8698484015505541,-2.200941829653114,-1.2440225358915602,True,True,3,2,1.3327368701912026,1.1994411064189483,1.9030635271532683,0.8630598716202579,-1.0400036555330106,2.766123398773526,-2.9430671826862786,4.669186925926795,0.7679279943660259,0.6608363204587162
MARA,1.0164496129749891,0.9514474748185922,-1.4201909075205528,-1.3952998055048726,True,True,1,2,2.563653935078347,1.8306803914478131,4.054728457152676,1.3050139084953478,-2.7497145486573276,5.359742365648024,-6.804443005810003,9.414470822800698,0.6029083776900286,0.4556731498326738
