,mae,mae_main_etf,r2_score,r2_score_main_etf,chisquare_normal,chisquare_normal_main_etf,n_days_error_bt_mae,n_days_error_bt_main_etf_mae,mean_abs_diff_when_bt_mae,mean_abs_diff_when_bt_main_etf_mae,stock_std,mean,lower_sigma,upper_sigma,lower_two_sigma,upper_two_sigma,r2_score_full,r2_score_main_etf_full
MARA,0.7242982643406216,0.7867376997824963,0.9359499780128148,0.9427386744857708,True,True,4,4,1.4110216482573699,1.2937372178989146,4.276960372154053,0.7376332533433514,-3.539327118810702,5.014593625497405,-7.816287490964755,9.291553997651459,0.76716974700451,0.7628455074854735
MSTR,0.672085157652216,0.7944301691109187,0.9125233086529847,0.886706130606487,True,True,4,3,1.1998531847879659,1.5614929286533343,2.419243463505153,0.4609625538673608,-1.9582809096377924,2.880206017372514,-4.377524373142945,5.2994494808776675,0.8791741632248057,0.8695331870849003
RIOT,0.9501055788921856,1.1904924611089704,0.9028806970792191,0.8558454974202078,True,True,6,4,1.3635141533911144,1.96084154279824,3.3865066666176253,0.7695472948328738,-2.6169593717847515,4.156053961450499,-6.003466038402377,7.5425606280681246,0.8326843594567732,0.7894191800346992
