,mae,mae_main_etf,r2_score,r2_score_main_etf,chisquare_normal,chisquare_normal_main_etf,n_days_error_bt_mae,n_days_error_bt_main_etf_mae,mean_abs_diff_when_bt_mae,mean_abs_diff_when_bt_main_etf_mae,stock_std,mean,lower_sigma,upper_sigma,lower_two_sigma,upper_two_sigma,r2_score_full,r2_score_main_etf_full
MARA,2.7700594272000028,2.819370640681166,-0.3121775307786381,-0.19379015124453214,False,True,1,1,6.958200555169196,6.331177143089011,4.427998746283402,1.2984110810395324,-3.1295876652438697,5.726409827322934,-7.5575864115272715,10.154408573606336,0.6036867391745864,0.593344036482871
MSTR,0.5868836742173524,0.5609940209333093,0.8117104000017965,0.8583559773489504,True,True,2,2,1.1118065654256457,0.9797282540726403,2.083047505383734,0.8640222777089884,-1.2190252276747455,2.9470697830927226,-3.3020727330584796,5.030117288476457,0.8071357735559466,0.7948158897433668
RIOT,3.3249986055784566,3.478503579217998,0.4892075503337011,0.44055392082340195,False,False,1,1,9.335243022653184,9.67806993248568,2.741459521868434,1.587157704500264,-1.15430181736817,4.328617226368698,-3.8957613392366044,7.070076748237132,0.7057025547060828,0.5914270447421939
