,mae,mae_main_etf,r2_score,r2_score_main_etf,chisquare_normal,chisquare_normal_main_etf,n_days_error_bt_mae,n_days_error_bt_main_etf_mae,mean_abs_diff_when_bt_mae,mean_abs_diff_when_bt_main_etf_mae,stock_std,mean,lower_sigma,upper_sigma,lower_two_sigma,upper_two_sigma,r2_score_full,r2_score_main_etf_full
RIOT,2.0005142780251246,1.564271470843165,0.4583779573436425,0.7973832583308668,True,True,1,4,6.158544595645191,1.9027272261804542,2.6693371793394127,1.2801628414007684,-1.3891743379386443,3.949500020740181,-4.058511517278057,6.618837200079594,0.6986254630770175,0.6251917966402412
MARA,0.7031573554936296,0.5700976117834595,0.9310557835499869,0.9733842580260521,True,True,2,4,1.6414189429310944,0.7810624754124246,3.378841159239653,0.9027057585874229,-2.4761354006522303,4.281546917827076,-5.854976559891883,7.660388077066729,0.5636684703169617,0.5543743085071302
MSTR,0.6355287665410551,0.6189429892759851,0.8578220975242945,0.8636037527185138,True,True,4,3,1.0116659581651728,1.0603266452374733,1.8041037474976933,0.3889660592914968,-1.4151376882061966,2.19306980678919,-3.2192414357038897,3.9971735542868836,0.7644212666870837,0.7495758984579839
