,mae,mae_main_etf,r2_score,r2_score_main_etf,chisquare_normal,chisquare_normal_main_etf,n_days_error_bt_mae,n_days_error_bt_main_etf_mae,mean_abs_diff_when_bt_mae,mean_abs_diff_when_bt_main_etf_mae,stock_std,mean,lower_sigma,upper_sigma,lower_two_sigma,upper_two_sigma,r2_score_full,r2_score_main_etf_full
RIOT,0.9501055788928812,1.1904924611089607,0.9028806970792832,0.8558454974202072,True,True,6,4,1.3635141533907984,1.9608415427982528,3.386506666617626,0.7695472948328737,-2.616959371784752,4.1560539614505,-6.003466038402378,7.542560628068125,0.832684359456773,0.789419180034699
MARA,0.7242982643412539,0.7867376997824915,0.9359499780125483,0.9427386744857718,True,True,4,4,1.4110216482603226,1.293737217898907,4.276960372154054,0.7376332533433513,-3.5393271188107027,5.0145936254974055,-7.816287490964757,9.291553997651459,0.7671697470045091,0.7628455074854724
MSTR,0.6720851576525751,0.7944301691109129,0.9125233086529341,0.8867061306064881,True,True,4,3,1.1998531847882683,1.5614929286533281,2.419243463505153,0.46096255386736085,-1.9582809096377924,2.880206017372514,-4.377524373142945,5.2994494808776675,0.8791741632248047,0.8695331870848986
