,mae,mae_main_etf,r2_score,r2_score_main_etf,chisquare_normal,chisquare_normal_main_etf,n_days_error_bt_mae,n_days_error_bt_main_etf_mae,mean_abs_diff_when_bt_mae,mean_abs_diff_when_bt_main_etf_mae,stock_std,mean,lower_sigma,upper_sigma,lower_two_sigma,upper_two_sigma,r2_score_full,r2_score_main_etf_full
MSTR,0.6055018637980605,0.6295981705979655,0.9331093446103583,0.9260430637674524,True,True,3,3,1.2201855727579785,1.2927415793215415,2.2278438353009564,0.30075074696544113,-1.9270930883355153,2.5285945822663978,-4.1549369236364715,4.756438417567354,0.8482662299191404,0.8363488179186889
MARA,0.9377708443080848,0.7276948365691578,0.937859234562285,0.9695903698920844,True,True,3,4,1.8281687101871194,1.0652666608043082,4.420299196801387,0.7539808344422269,-3.66631836235916,5.1742800312436135,-8.086617559160546,9.594579228045001,0.7648099262527439,0.7587926826845055
RIOT,1.3056164535026884,1.4770457229979823,0.8556425188996705,0.8814215445500981,True,True,3,3,2.3943151014292754,2.031280480438832,3.5062292955840846,0.852627726222772,-2.6536015693613124,4.358857021806856,-6.159830864945397,7.865086317390941,0.8219809249519682,0.7864428402070391
