,mae,mae_main_etf,r2_score,r2_score_main_etf,chisquare_normal,chisquare_normal_main_etf,n_days_error_bt_mae,n_days_error_bt_main_etf_mae,mean_abs_diff_when_bt_mae,mean_abs_diff_when_bt_main_etf_mae,stock_std,mean,lower_sigma,upper_sigma,lower_two_sigma,upper_two_sigma,r2_score_full,r2_score_main_etf_full
MARA,2.526236231048414,2.4503013023411637,-0.37387050242564746,-0.18518751110040976,False,False,1,1,6.961204773732565,6.360737749972732,4.567175064391895,1.3915140816416243,-3.175660982750271,5.958689146033519,-7.742836047142166,10.525864210425414,0.6199172360140155,0.6152446371648692
MSTR,0.35530060423521836,0.33785484087957185,0.9377173364230564,0.9442391026456823,True,True,2,1,0.6610577871125716,0.8343697238491622,2.130792040661432,0.9436688291523146,-1.1871232115091175,3.0744608698137466,-3.3179152521705495,5.205252910475179,0.8301998035666606,0.8137518948008621
RIOT,3.42843666261128,3.7512471147428075,0.5066690581006564,0.4597133212567325,False,False,1,1,9.242619931870262,9.529828134790577,4.814811962342787,0.7905955854401504,-4.024216376902637,5.605407547782938,-8.839028339245424,10.420219510125726,0.6946005112965878,0.5068809597516046
