,mae,mae_main_etf,r2_score,r2_score_main_etf,chisquare_normal,chisquare_normal_main_etf,n_days_error_bt_mae,n_days_error_bt_main_etf_mae,mean_abs_diff_when_bt_mae,mean_abs_diff_when_bt_main_etf_mae,stock_std,mean,lower_sigma,upper_sigma,lower_two_sigma,upper_two_sigma,r2_score_full,r2_score_main_etf_full
MSTR,1.0352095210672396,0.8698484015505539,-2.20094182965321,-1.2440225358915589,True,True,3,2,1.332736870191236,1.1994411064189479,1.9030635271532683,0.8630598716202579,-1.0400036555330106,2.766123398773526,-2.9430671826862786,4.669186925926795,0.7679279943660263,0.6608363204587171
RIOT,0.8252173838646202,0.7863475145133989,0.6362540865379637,0.6439048972039534,True,True,2,2,1.2110296385775456,1.2270247443562927,4.279767175036162,0.6667159435898434,-3.6130512314463186,4.946483118626006,-7.892818406482481,9.226250293662167,0.691735533638704,0.5619039618944746
MARA,1.0164496129748724,0.9514474748185835,-1.4201909075203987,-1.3952998055048433,True,True,1,2,2.5636539350783645,1.8306803914478047,4.054728457152676,1.305013908495348,-2.7497145486573276,5.359742365648024,-6.804443005810003,9.414470822800698,0.6029083776900288,0.4556731498326744
