,mae,mae_main_etf,r2_score,r2_score_main_etf,chisquare_normal,chisquare_normal_main_etf,n_days_error_bt_mae,n_days_error_bt_main_etf_mae,mean_abs_diff_when_bt_mae,mean_abs_diff_when_bt_main_etf_mae,stock_std,mean,lower_sigma,upper_sigma,lower_two_sigma,upper_two_sigma,r2_score_full,r2_score_main_etf_full
AA,0.9055854496670404,1.2390060774918152,0.5991325085389512,0.3057468516686762,True,True,87,91,1.6776529176437331,2.1776608636327435,2.148331116918795,0.13851311306752967,-2.009818003851265,2.2868442299863245,-4.1581491207700605,4.435175346905119,0.7764838178786855,0.32052469100894254
