,mae,mae_main_etf,r2_score,r2_score_main_etf,chisquare_normal,chisquare_normal_main_etf,n_days_error_bt_mae,n_days_error_bt_main_etf_mae,mean_abs_diff_when_bt_mae,mean_abs_diff_when_bt_main_etf_mae,stock_std,mean,lower_sigma,upper_sigma,lower_two_sigma,upper_two_sigma,r2_score_full,r2_score_main_etf_full
AA,0.9054930410818604,1.2318955797358582,0.6009023290374669,0.3113163007795905,True,True,86,92,1.6878094295456387,2.156882260236843,2.146256441533652,0.135886724687799,-2.010369716845853,2.282143166221451,-4.156626158379505,4.428399607755103,0.7725578179385064,0.316678407879042
