,mae,mae_main_etf,r2_score,r2_score_main_etf,chisquare_normal,chisquare_normal_main_etf,n_days_error_bt_mae,n_days_error_bt_main_etf_mae,mean_abs_diff_when_bt_mae,mean_abs_diff_when_bt_main_etf_mae,stock_std,mean,lower_sigma,upper_sigma,lower_two_sigma,upper_two_sigma,r2_score_full,r2_score_main_etf_full
AA,0.9054643916918792,1.2440599775178884,0.601875203121397,0.3060278352202048,True,True,87,92,1.6773085581215097,2.1783518758600313,2.1573105878980643,0.14962691928513078,-2.0076836686129336,2.306937507183195,-4.164994256510997,4.46424809508126,0.7767786734210304,0.3191040640190975
