,mae,mae_main_etf,r2_score,r2_score_main_etf,chisquare_normal,chisquare_normal_main_etf,n_days_error_bt_mae,n_days_error_bt_main_etf_mae,mean_abs_diff_when_bt_mae,mean_abs_diff_when_bt_main_etf_mae,stock_std,mean,lower_sigma,upper_sigma,lower_two_sigma,upper_two_sigma,r2_score_full,r2_score_main_etf_full
AA,0.9342732799200396,1.2336700377338896,0.5632552254666455,0.28658954563399264,True,True,85,91,1.7430168625619595,2.1684733948646735,2.135960905108307,0.1319528158346519,-2.004008089273655,2.2679137209429587,-4.139968994381961,4.403874626051266,0.7781883889262763,0.3196376675728184
