,mae,mae_main_etf,r2_score,r2_score_main_etf,chisquare_normal,chisquare_normal_main_etf,n_days_error_bt_mae,n_days_error_bt_main_etf_mae,mean_abs_diff_when_bt_mae,mean_abs_diff_when_bt_main_etf_mae,stock_std,mean,lower_sigma,upper_sigma,lower_two_sigma,upper_two_sigma,r2_score_full,r2_score_main_etf_full
AA,0.931400346161435,1.232894516637357,0.5756969124193249,0.30553335873338516,True,True,85,91,1.7393571770552962,2.1638199224435346,2.1394886180955623,0.11753464629508258,-2.02195397180048,2.2570232643906447,-4.161442589896042,4.396511882486207,0.7790699287242191,0.32484904076587007
