,mae,mae_main_etf,r2_score,r2_score_main_etf,chisquare_normal,chisquare_normal_main_etf,n_days_error_bt_mae,n_days_error_bt_main_etf_mae,mean_abs_diff_when_bt_mae,mean_abs_diff_when_bt_main_etf_mae,stock_std,mean,lower_sigma,upper_sigma,lower_two_sigma,upper_two_sigma,r2_score_full,r2_score_main_etf_full
AA,0.9705424843272927,1.268762711633815,0.5371978587195636,0.2680412081297412,True,False,84,90,1.8246002660124117,2.251263947816785,2.141039580996131,0.13247008826265363,-2.008569492733477,2.2735096692587846,-4.149609073729608,4.4145492502549155,0.7789005759247996,0.3242902179304076
