,mae,mae_main_etf,r2_score,r2_score_main_etf,chisquare_normal,chisquare_normal_main_etf,n_days_error_bt_mae,n_days_error_bt_main_etf_mae,mean_abs_diff_when_bt_mae,mean_abs_diff_when_bt_main_etf_mae,stock_std,mean,lower_sigma,upper_sigma,lower_two_sigma,upper_two_sigma,r2_score_full,r2_score_main_etf_full
AA,0.9711233748079134,1.2689384865249937,0.5358011022227652,0.2685552038247496,True,False,83,90,1.8363668403861937,2.2512639478166783,2.138224978598581,0.12478883684371937,-2.0134361417548616,2.2630138154423003,-4.151661120353443,4.401238794040881,0.7777480543186035,0.32110830519536393
