,mae,mae_main_etf,r2_score,r2_score_main_etf,chisquare_normal,chisquare_normal_main_etf,n_days_error_bt_mae,n_days_error_bt_main_etf_mae,mean_abs_diff_when_bt_mae,mean_abs_diff_when_bt_main_etf_mae,stock_std,mean,lower_sigma,upper_sigma,lower_two_sigma,upper_two_sigma,r2_score_full,r2_score_main_etf_full
AA,0.9054930410813086,1.2318955797357385,0.6009023290379008,0.31131630077964223,True,True,86,92,1.687809429544712,2.1568822602367557,2.146256441533652,0.13588672468779903,-2.010369716845853,2.282143166221451,-4.156626158379505,4.428399607755103,0.7725578179385061,0.316678407879042
