,mae,mae_main_etf,r2_score,r2_score_main_etf,chisquare_normal,chisquare_normal_main_etf,n_days_error_bt_mae,n_days_error_bt_main_etf_mae,mean_abs_diff_when_bt_mae,mean_abs_diff_when_bt_main_etf_mae,stock_std,mean,lower_sigma,upper_sigma,lower_two_sigma,upper_two_sigma,r2_score_full,r2_score_main_etf_full
AA,0.9062945705961973,1.2363836895371414,0.5982788442775677,0.30845863071197765,True,True,87,92,1.6773085581227516,2.160344723418063,2.1480369469154574,0.13381207424568847,-2.014224872669769,2.281849021161146,-4.162261819585226,4.429885968076603,0.7761280999512616,0.3220348617097297
