,mae,mae_main_etf,r2_score,r2_score_main_etf,chisquare_normal,chisquare_normal_main_etf,n_days_error_bt_mae,n_days_error_bt_main_etf_mae,mean_abs_diff_when_bt_mae,mean_abs_diff_when_bt_main_etf_mae,stock_std,mean,lower_sigma,upper_sigma,lower_two_sigma,upper_two_sigma,r2_score_full,r2_score_main_etf_full
AA,0.97412247115345,1.2617659595843016,0.5310080696354412,0.26883189891289294,True,False,84,89,1.8351698748751513,2.2532213321308445,2.136013509640844,0.12544199378774742,-2.0105715158530963,2.2614555034285915,-4.14658502549394,4.397469013069435,0.777297248361565,0.32102758750483595
