,mae,mae_main_etf,r2_score,r2_score_main_etf,chisquare_normal,chisquare_normal_main_etf,n_days_error_bt_mae,n_days_error_bt_main_etf_mae,mean_abs_diff_when_bt_mae,mean_abs_diff_when_bt_main_etf_mae,stock_std,mean,lower_sigma,upper_sigma,lower_two_sigma,upper_two_sigma,r2_score_full,r2_score_main_etf_full
AA,0.9621070048915121,1.2719929255304552,0.5417961140222253,0.26997183388325097,True,False,82,90,1.8345548447491773,2.2522372705865923,2.1388579792113895,0.12718073678128894,-2.0116772424301006,2.2660387159926785,-4.150535221641491,4.404896695204068,0.7782969617146364,0.32032478029627276
