,mae,mae_main_etf,r2_score,r2_score_main_etf,chisquare_normal,chisquare_normal_main_etf,n_days_error_bt_mae,n_days_error_bt_main_etf_mae,mean_abs_diff_when_bt_mae,mean_abs_diff_when_bt_main_etf_mae,stock_std,mean,lower_sigma,upper_sigma,lower_two_sigma,upper_two_sigma,r2_score_full,r2_score_main_etf_full
AA,0.9314003461617034,1.2328945166374958,0.5756969124176292,0.30553335873330667,True,True,85,91,1.7393571770553071,2.1638199224436763,2.139488618095563,0.11753464629508255,-2.0219539718004804,2.257023264390645,-4.161442589896043,4.396511882486208,0.7790699287242192,0.3248490407658702
