,mae,mae_main_etf,r2_score,r2_score_main_etf,chisquare_normal,chisquare_normal_main_etf,n_days_error_bt_mae,n_days_error_bt_main_etf_mae,mean_abs_diff_when_bt_mae,mean_abs_diff_when_bt_main_etf_mae,stock_std,mean,lower_sigma,upper_sigma,lower_two_sigma,upper_two_sigma,r2_score_full,r2_score_main_etf_full
X,0.8200392962334143,1.081364791606096,0.4845530884149547,0.2795114031734197,False,False,73,74,1.6505582625087147,2.1146338840414045,2.027818390561404,0.15588881397552234,-1.8719295765858817,2.183707204536926,-3.8997479671472854,4.211525595098331,0.807178050361786,0.6437434200604257
CLF,0.7842653443384805,1.0638088309866214,0.5072308381660517,0.3347815445206994,False,True,65,79,1.829462693419713,2.0674831246880623,2.146952816012521,0.17398642606380463,-1.9729663899487162,2.3209392420763253,-4.119919205961237,4.467892058088847,0.7685120583510775,0.6559511647208393
STLD,0.4691923529801769,0.8197784214354422,0.7857869567493653,0.3925163581813915,True,True,80,84,0.9047189963459124,1.505635159634164,1.6455296537774406,0.16846223409801372,-1.477067419679427,1.8139918878754544,-3.1225970734568675,3.459521541652895,0.8397291171790482,0.634856335464325
TECK,0.6852390812900282,0.9738995467514084,0.6884095232176575,0.4382571864866004,True,True,82,92,1.2972695958870257,1.6745864498346839,2.007852194936038,0.12704696139621363,-1.8808052335398244,2.134899156332252,-3.8886574284758626,4.14275135126829,0.8337772274561627,0.6899148985836158
