,mae,mae_main_etf,r2_score,r2_score_main_etf,chisquare_normal,chisquare_normal_main_etf,n_days_error_bt_mae,n_days_error_bt_main_etf_mae,mean_abs_diff_when_bt_mae,mean_abs_diff_when_bt_main_etf_mae,stock_std,mean,lower_sigma,upper_sigma,lower_two_sigma,upper_two_sigma,r2_score_full,r2_score_main_etf_full
STLD,0.4764363587520114,0.8250424937297728,0.7708825933523276,0.3774188922378897,True,True,78,82,0.9316729464992634,1.5277690286321235,1.6470038232830986,0.15955272362586928,-1.4874510996572292,1.806556546908968,-3.134454922940328,3.4535603701920663,0.8406969951548445,0.6322878931233991
TECK,0.683935725106046,0.9614266863330405,0.688410529738197,0.44227873328034717,True,True,82,90,1.2833600247400352,1.665198445065702,2.01086900232274,0.1186906869437511,-1.8921783153789886,2.129559689266491,-3.9030473177017284,4.14042869158923,0.8335010662086515,0.6913489849592023
X,0.862741842113499,1.1178885015466002,0.44913587538206035,0.2525326044739421,False,False,68,72,1.8137294407887665,2.233832249376859,2.0320887838963033,0.14352164981412505,-1.8885671340821784,2.1756104337104283,-3.9206559179784817,4.207699217606732,0.8079205786151756,0.6459027075299684
CLF,0.8234489559237667,1.10535962072675,0.4910470564542553,0.3149973065595305,False,False,65,75,1.913486045750112,2.195430172301,2.149949697711635,0.16289325133910365,-1.9870564463725313,2.3128429490507387,-4.137006144084166,4.462792646762374,0.7683214491831313,0.6558063232634797
