,mae,mae_main_etf,r2_score,r2_score_main_etf,chisquare_normal,chisquare_normal_main_etf,n_days_error_bt_mae,n_days_error_bt_main_etf_mae,mean_abs_diff_when_bt_mae,mean_abs_diff_when_bt_main_etf_mae,stock_std,mean,lower_sigma,upper_sigma,lower_two_sigma,upper_two_sigma,r2_score_full,r2_score_main_etf_full
STLD,0.47110318328439516,0.8306455036004344,0.761820892788459,0.3428708077158956,True,True,75,82,0.9456061788242454,1.5347801173043456,1.6431844771748767,0.16523780440737185,-1.4779466727675048,1.8084222815822486,-3.1211311499423817,3.451606758757125,0.8399032519657668,0.6336217356316465
X,0.8708034321944484,1.1307424894093832,0.43651382520826076,0.22937648824532642,False,False,68,73,1.8283157836988795,2.245777184636626,2.026953448051966,0.15349379309518696,-1.873459654956779,2.180447241147153,-3.900413103008745,4.207400689199119,0.8059563578676487,0.6428665665427488
CLF,0.8473335923813318,1.1277607805805125,0.4649504765568051,0.2778830757653449,False,False,65,72,1.9694058279864577,2.2900821497581445,2.147158686618713,0.16942454073549512,-1.977734145883218,2.3165832273542084,-4.124892832501931,4.463741913972921,0.7664263568666709,0.6535479769509148
TECK,0.6911581249156198,0.9615284979488771,0.6716740409837172,0.419043503663178,True,True,81,89,1.2961815640468453,1.6716173168833022,2.0055395564277827,0.12804532738788418,-1.8774942290398986,2.133584883815667,-3.8830337854676813,4.1391244402434495,0.8317939066168327,0.6899359755845622
