,mae,mae_main_etf,r2_score,r2_score_main_etf,chisquare_normal,chisquare_normal_main_etf,n_days_error_bt_mae,n_days_error_bt_main_etf_mae,mean_abs_diff_when_bt_mae,mean_abs_diff_when_bt_main_etf_mae,stock_std,mean,lower_sigma,upper_sigma,lower_two_sigma,upper_two_sigma,r2_score_full,r2_score_main_etf_full
TECK,0.683935725106017,0.9614266863330392,0.6884105297382332,0.44227873328034506,True,True,82,90,1.2833600247399686,1.6651984450657071,2.01086900232274,0.11869068694375111,-1.8921783153789886,2.129559689266491,-3.9030473177017284,4.14042869158923,0.8335010662086506,0.6913489849592027
X,0.8627418421134846,1.1178885015466002,0.4491358753820388,0.2525326044739419,False,False,68,72,1.8137294407887463,2.233832249376859,2.0320887838963033,0.14352164981412507,-1.8885671340821784,2.1756104337104283,-3.9206559179784817,4.207699217606732,0.8079205786151751,0.6459027075299688
STLD,0.4764363587520628,0.8250424937297739,0.7708825933522991,0.37741889223788816,True,True,78,82,0.9316729464993253,1.5277690286321253,1.6470038232830988,0.15955272362586928,-1.4874510996572294,1.8065565469089682,-3.1344549229403285,3.4535603701920667,0.8406969951548451,0.6322878931234
CLF,0.8234489559237408,1.1053596207267482,0.49104705645426694,0.3149973065595294,False,False,65,75,1.9134860457500678,2.195430172300999,2.149949697711635,0.16289325133910368,-1.9870564463725313,2.3128429490507387,-4.137006144084166,4.462792646762374,0.7683214491831312,0.6558063232634804
