,mae,mae_main_etf,r2_score,r2_score_main_etf,chisquare_normal,chisquare_normal_main_etf,n_days_error_bt_mae,n_days_error_bt_main_etf_mae,mean_abs_diff_when_bt_mae,mean_abs_diff_when_bt_main_etf_mae,stock_std,mean,lower_sigma,upper_sigma,lower_two_sigma,upper_two_sigma,r2_score_full,r2_score_main_etf_full
X,0.874136441993803,1.1451140932529533,0.44235531722297383,0.23045547902960217,False,False,66,72,1.8610250898411291,2.2786410024851893,2.029245613055683,0.15566034658918582,-1.8735852664664971,2.184905959644869,-3.90283087952218,4.214151572700552,0.8059367253413398,0.6426758107032
TECK,0.6906922557956311,0.9630269662562345,0.6731544839864434,0.42200164390642203,True,True,82,89,1.2889294232154542,1.6714012021002729,2.008324973419312,0.1288834057966266,-1.8794415676226852,2.1372083792159384,-3.887766541041997,4.14553335263525,0.8318800801287705,0.6888459913627016
CLF,0.8473968182204533,1.137374550232209,0.47203324725582985,0.28616157516214535,False,False,65,72,1.9821973489028113,2.3118169936986006,2.149863707149171,0.16749154851614578,-1.9823721586330252,2.317355255665317,-4.132235865782197,4.467218962814488,0.767719837570231,0.6551915624445378
STLD,0.46769594026576367,0.8308445953389488,0.7629160550331062,0.3394929818046779,True,True,73,81,0.9502046195902458,1.5430046037113323,1.6439528485754606,0.16880498159859986,-1.4751478669768607,1.8127578301740606,-3.1191007155523214,3.456710678749521,0.8402334380357327,0.633388120496196
