,mae,mae_main_etf,r2_score,r2_score_main_etf,chisquare_normal,chisquare_normal_main_etf,n_days_error_bt_mae,n_days_error_bt_main_etf_mae,mean_abs_diff_when_bt_mae,mean_abs_diff_when_bt_main_etf_mae,stock_std,mean,lower_sigma,upper_sigma,lower_two_sigma,upper_two_sigma,r2_score_full,r2_score_main_etf_full
CLF,0.8362340942108962,1.1306429010202728,0.47021409377427625,0.27710569823940945,False,False,67,74,1.923109113024367,2.266143485133387,2.1437497623913666,0.17091092715194528,-1.9728388352394213,2.3146606895433117,-4.116588597630788,4.458410451934679,0.7663903442090495,0.6525549359953116
STLD,0.4754451540471372,0.8339890634829557,0.7607144246157175,0.3412368289998863,True,True,77,83,0.9401004355450867,1.5359124221742628,1.6413100852298375,0.1667308558623297,-1.4745792293675077,1.8080409410921672,-3.115889314597345,3.4493510263220046,0.839497536970534,0.6326687068012871
TECK,0.6864022346455814,0.9610253051835713,0.6728781568288766,0.4171108122785363,True,True,83,89,1.27908880746719,1.672762599253595,2.0017051832602917,0.12695050543435324,-1.8747546778259385,2.128655688694645,-3.87645986108623,4.130360871954936,0.8316046271397664,0.6892655709744828
X,0.8718076470536524,1.1326591829424553,0.4339137280834331,0.22607970788145337,False,False,68,73,1.8306456082371476,2.2453608236639404,2.0234762387151815,0.15280448571624433,-1.8706717529989372,2.1762807244314257,-3.8941479917141186,4.199756963146608,0.8058749171347205,0.642064194252798
