,mae,mae_main_etf,r2_score,r2_score_main_etf,chisquare_normal,chisquare_normal_main_etf,n_days_error_bt_mae,n_days_error_bt_main_etf_mae,mean_abs_diff_when_bt_mae,mean_abs_diff_when_bt_main_etf_mae,stock_std,mean,lower_sigma,upper_sigma,lower_two_sigma,upper_two_sigma,r2_score_full,r2_score_main_etf_full
CLF,0.8502577711122922,1.1368511305502533,0.47093083421270854,0.2971581230807585,False,False,66,73,1.974192878173772,2.294208672930906,2.148677556593893,0.1689959663168554,-1.9796815902770375,2.317673522910748,-4.12835914687093,4.4663510795046415,0.7673749172653014,0.6581201586177485
TECK,0.6870975341309306,0.9568887190601828,0.6736741001983971,0.4327278665472851,True,True,82,89,1.287958979536868,1.6578691730711217,2.007355246669794,0.1294687964977177,-1.8778864501720762,2.1368240431675116,-3.88524169684187,4.1441792898373055,0.831950483169873,0.692506263176272
STLD,0.4686634442432924,0.8249798719657359,0.7627298943879515,0.36071111125502986,True,True,73,81,0.9560420166378151,1.5286713978768083,1.643854330017597,0.16568344417627126,-1.4781708858413256,1.8095377741938683,-3.1220252158589226,3.4533921042114653,0.8400001568902541,0.6376987021071714
X,0.8707835200474838,1.1359027135652882,0.44404807240173183,0.2428400327870206,False,False,66,74,1.859965969817615,2.2332260392078975,2.028415412170232,0.1537162478677887,-1.8746991643024433,2.1821316600380207,-3.9031145764726753,4.210547072208253,0.8061135469826339,0.6461210993247143
