,mae,mae_main_etf,r2_score,r2_score_main_etf,chisquare_normal,chisquare_normal_main_etf,n_days_error_bt_mae,n_days_error_bt_main_etf_mae,mean_abs_diff_when_bt_mae,mean_abs_diff_when_bt_main_etf_mae,stock_std,mean,lower_sigma,upper_sigma,lower_two_sigma,upper_two_sigma,r2_score_full,r2_score_main_etf_full
STLD,0.46238544819992317,0.8029337182057014,0.7906282003086663,0.4085111379001919,True,True,81,83,0.8811930587192639,1.4880900824685652,1.6433987346116004,0.16766060291258347,-1.4757381316990168,1.811059337524184,-3.119136866310617,3.4544580721357843,0.8390572677692858,0.6227221324420795
TECK,0.6761379325444685,0.9678138763280855,0.6958241166129842,0.4473128226286369,True,True,82,90,1.284770370098337,1.6872846123240075,2.0044861567846786,0.1273114077058095,-1.877174749078869,2.131797564490488,-3.881660905863548,4.136283721275166,0.8341852254010527,0.6865245007882753
CLF,0.7766117569604292,1.060034216494761,0.5104611998968053,0.34845917032795704,False,True,66,80,1.8053207077719826,2.0457047219693476,2.143153982188589,0.1730084975013456,-1.9701454846872435,2.3161624796899347,-4.113299466875833,4.459316461878523,0.7688813330014977,0.6522695662263504
X,0.7776605300421253,1.0429344778148801,0.5602531609449857,0.3229901036106263,False,False,76,80,1.5036591905600727,1.9334329060644584,2.0255138841027307,0.1533838425095785,-1.872130041593152,2.178897726612309,-3.897643925695883,4.20441161071504,0.8075097157311046,0.6413923532129335
