,mae,mae_main_etf,r2_score,r2_score_main_etf,chisquare_normal,chisquare_normal_main_etf,n_days_error_bt_mae,n_days_error_bt_main_etf_mae,mean_abs_diff_when_bt_mae,mean_abs_diff_when_bt_main_etf_mae,stock_std,mean,lower_sigma,upper_sigma,lower_two_sigma,upper_two_sigma,r2_score_full,r2_score_main_etf_full
STLD,0.4623854481999731,0.8029337182057033,0.7906282003086325,0.408511137900187,True,True,81,83,0.8811930587193174,1.4880900824685712,1.6433987346116004,0.16766060291258347,-1.4757381316990168,1.811059337524184,-3.119136866310617,3.4544580721357843,0.8390572677692854,0.6227221324420796
CLF,0.7766117569604218,1.0600342164947616,0.5104611998968028,0.3484591703279598,False,True,66,80,1.805320707772003,2.045704721969343,2.143153982188589,0.17300849750134561,-1.9701454846872433,2.3161624796899347,-4.113299466875833,4.459316461878523,0.7688813330014986,0.6522695662263502
X,0.7776605300421422,1.0429344778148808,0.5602531609449799,0.3229901036106225,False,False,76,80,1.5036591905601095,1.933432906064466,2.0255138841027307,0.15338384250957846,-1.8721300415931523,2.178897726612309,-3.897643925695883,4.20441161071504,0.8075097157311044,0.6413923532129342
TECK,0.6761379325444836,0.967813876328091,0.6958241166129356,0.4473128226286449,True,True,82,90,1.284770370098347,1.6872846123239849,2.0044861567846786,0.12731140770580945,-1.877174749078869,2.131797564490488,-3.881660905863548,4.136283721275166,0.8341852254010524,0.6865245007882752
