,mae,mae_main_etf,r2_score,r2_score_main_etf,chisquare_normal,chisquare_normal_main_etf,n_days_error_bt_mae,n_days_error_bt_main_etf_mae,mean_abs_diff_when_bt_mae,mean_abs_diff_when_bt_main_etf_mae,stock_std,mean,lower_sigma,upper_sigma,lower_two_sigma,upper_two_sigma,r2_score_full,r2_score_main_etf_full
X,0.8718076470536396,1.132659182942455,0.43391372808342854,0.22607970788145337,False,False,68,73,1.8306456082371163,2.2453608236639626,2.0234762387151815,0.1528044857162443,-1.8706717529989372,2.1762807244314257,-3.8941479917141186,4.199756963146608,0.8058749171347205,0.6420641942527986
STLD,0.47544515404714216,0.8339890634829568,0.7607144246157157,0.34123682899988395,True,True,77,83,0.94010043554507,1.535912422174266,1.6413100852298375,0.1667308558623297,-1.4745792293675077,1.8080409410921672,-3.115889314597345,3.4493510263220046,0.8394975369705338,0.6326687068012868
TECK,0.6864022346455696,0.9610253051835677,0.6728781568288926,0.41711081227853297,True,True,83,89,1.2790888074671585,1.6727625992536024,2.0017051832602917,0.12695050543435324,-1.8747546778259385,2.128655688694645,-3.87645986108623,4.130360871954936,0.8316046271397658,0.6892655709744822
CLF,0.8362340942108762,1.1306429010202668,0.47021409377428225,0.27710569823940856,False,False,67,74,1.9231091130243483,2.2661434851333855,2.1437497623913666,0.17091092715194528,-1.9728388352394213,2.3146606895433117,-4.116588597630788,4.458410451934679,0.7663903442090492,0.6525549359953116
