,mae,mae_main_etf,r2_score,r2_score_main_etf,chisquare_normal,chisquare_normal_main_etf,n_days_error_bt_mae,n_days_error_bt_main_etf_mae,mean_abs_diff_when_bt_mae,mean_abs_diff_when_bt_main_etf_mae,stock_std,mean,lower_sigma,upper_sigma,lower_two_sigma,upper_two_sigma,r2_score_full,r2_score_main_etf_full
STLD,0.4795587317159474,0.8311997466988869,0.7672051519791053,0.3701509525853557,True,True,79,84,0.9387419708167465,1.5299041477943716,1.6456425697285382,0.1645888006361739,-1.4810537690923642,1.8102313703647122,-3.1266963388209024,3.4558739400932503,0.8397420173591368,0.6308646021397062
TECK,0.6882905384533279,0.9715327800241674,0.6808262765358695,0.43294292180557425,True,True,81,92,1.3078464293613743,1.6619553486381988,2.002366197839172,0.11539737843584283,-1.8869688194033292,2.117763576275015,-3.889335017242501,4.1201297741141865,0.8333271017255641,0.6903741784282731
X,0.8509995117480108,1.114960229711059,0.4439879803705299,0.23894040046371867,False,False,68,72,1.8023038472558957,2.2298790481049666,2.0281111769199747,0.15072150621416927,-1.8773896707058053,2.178832683134144,-3.90550084762578,4.2069438600541185,0.8069407262573148,0.643419491534438
CLF,0.7993564401228812,1.0847714969740894,0.49194454485375516,0.3130410355762029,False,False,65,76,1.8667856736015505,2.1489561047548005,2.148126487270885,0.16922720304417985,-1.978899284226705,2.317353690315065,-4.12702577149759,4.46548017758595,0.7687810228568369,0.655431574699645
