,mae,mae_main_etf,r2_score,r2_score_main_etf,chisquare_normal,chisquare_normal_main_etf,n_days_error_bt_mae,n_days_error_bt_main_etf_mae,mean_abs_diff_when_bt_mae,mean_abs_diff_when_bt_main_etf_mae,stock_std,mean,lower_sigma,upper_sigma,lower_two_sigma,upper_two_sigma,r2_score_full,r2_score_main_etf_full
CLF,0.7804798837554007,1.065869683694971,0.5085261277269851,0.3324874223644365,False,True,65,79,1.8169357863222406,2.06748312468806,2.1474158673940416,0.17145146333420794,-1.9759644040598336,2.3188673307282497,-4.123380271453875,4.466283198122291,0.768947185304372,0.6557020445686453
X,0.8199583474017592,1.0803316414015474,0.4817974818617897,0.2765484937159711,False,False,72,74,1.661851525945784,2.1116229897378758,2.0271521040593496,0.15240025497877907,-1.8747518490805706,2.1795523590381287,-3.9019039531399202,4.206704463097479,0.806938454785385,0.6435902501344154
STLD,0.4689700324904238,0.8173213493203099,0.7842050926497698,0.3905187356579899,True,True,79,83,0.9096269423974592,1.5075337889527818,1.6446186495187787,0.16537487260811087,-1.4792437769106679,1.8099935221268895,-3.1238624264294463,3.4546121716456684,0.8394537476237905,0.6348574169895265
TECK,0.6871012866465583,0.9675894340720992,0.6820508930480158,0.4358976233252516,True,True,82,91,1.2972695958870528,1.6673777979339455,2.0049018735479045,0.12210412025241733,-1.8827977532954872,2.1270059938003216,-3.887699626843392,4.131907867348226,0.8331010161691214,0.6905275316707664
