,mae,mae_main_etf,r2_score,r2_score_main_etf,chisquare_normal,chisquare_normal_main_etf,n_days_error_bt_mae,n_days_error_bt_main_etf_mae,mean_abs_diff_when_bt_mae,mean_abs_diff_when_bt_main_etf_mae,stock_std,mean,lower_sigma,upper_sigma,lower_two_sigma,upper_two_sigma,r2_score_full,r2_score_main_etf_full
TECK,0.689433148462333,0.9616931674746622,0.6747586919419799,0.42389124290160207,True,True,81,89,1.2940315422069186,1.6713367592588124,2.0095786631198127,0.12989875642950485,-1.8796799066903078,2.1394774195493174,-3.8892585698101207,4.14905608266913,0.8321491924746677,0.6890612122051126
STLD,0.4674240854874931,0.8321274980818747,0.7653907643527132,0.34582154026845957,True,True,74,81,0.9440416982611581,1.543056218617837,1.6451192889356059,0.16904682254644884,-1.4760724663891571,1.8141661114820546,-3.121191755324763,3.4592854004176607,0.8402637839501096,0.6334094528784746
CLF,0.848628923584995,1.1405028276351903,0.47665777143938726,0.2918893806162641,False,False,65,72,1.9825651175974812,2.311858187160456,2.151418472000395,0.16753398614018752,-1.9838844858602074,2.3189524581405823,-4.135302957860602,4.4703709301409775,0.7677439614191011,0.6551987801251336
X,0.8784983948609154,1.1500201217987738,0.44711398641315925,0.23777271914128073,False,False,67,72,1.8526717549259322,2.281438846044275,2.0307083834634807,0.1559430884130293,-1.8747652950504514,2.18665147187651,-3.905473678513932,4.217359855339991,0.8059721393566528,0.6427060237958337
