,mae,mae_main_etf,r2_score,r2_score_main_etf,chisquare_normal,chisquare_normal_main_etf,n_days_error_bt_mae,n_days_error_bt_main_etf_mae,mean_abs_diff_when_bt_mae,mean_abs_diff_when_bt_main_etf_mae,stock_std,mean,lower_sigma,upper_sigma,lower_two_sigma,upper_two_sigma,r2_score_full,r2_score_main_etf_full
TECK,0.6765810481455745,0.9734179562393881,0.6952700981548583,0.4382565798861545,True,True,84,92,1.266192421376667,1.6746343488105229,2.0064486610152086,0.12697025573134602,-1.8794784052838627,2.1334189167465545,-3.8859270662990713,4.1398675777617635,0.8337188236826466,0.6898383990014127
CLF,0.7843954139594739,1.0617563658712714,0.5049811837866596,0.332540580687272,False,True,65,79,1.828994210937308,2.067493462001173,2.145434267399756,0.17394084242516555,-1.9714934249745903,2.3193751098249216,-4.116927692374347,4.464809377224677,0.768428298614046,0.655897505739383
STLD,0.4692363273431794,0.8144463591991413,0.7841376074886987,0.3912805750696464,True,True,80,83,0.9052252599704993,1.5098056439964267,1.6443985262125216,0.16878930925833832,-1.4756092169541832,1.81318783547086,-3.120007743166705,3.4575863616833815,0.8396519499533536,0.6348679448530111
X,0.8189521047328988,1.0794659711204517,0.4837631735226927,0.277978564122107,False,False,73,75,1.6496555197658933,2.100844928850765,2.026393639710695,0.15621092319222618,-1.870182716518469,2.182604562902921,-3.896576356229164,4.208998202613617,0.8070996920279294,0.6437431941949645
