,mae,mae_main_etf,r2_score,r2_score_main_etf,shapiro_normal,pearson_normal,ks_normal,chisquare_normal,shapiro_normal_main_etf,pearson_normal_main_etf,ks_normal_main_etf,chisquare_normal_main_etf,n_days_error_bt_mae,n_days_error_bt_main_etf_mae,mean_abs_diff_when_bt_mae,mean_abs_diff_when_bt_main_etf_mae,stock_std,mean,lower_sigma,upper_sigma,lower_two_sigma,upper_two_sigma,r2_score_full,r2_score_main_etf_full
TECK,0.7272943199899413,0.9724048825946469,0.6254074603974888,0.4137127839311111,False,False,False,True,False,False,False,True,79,87,1.372568986743944,1.680859837709146,2.01633084732058,0.14286238259875778,-1.873468464721822,2.1591932299193375,-3.889799312042402,4.175524077239918,0.8286725011749281,0.6900225181701464
X,0.8797043325337064,1.101818453013384,0.4505611950615154,0.25294485881610695,False,False,False,False,False,False,False,True,68,75,1.7707611768293836,2.090261695875975,2.026556602171496,0.15971039760696024,-1.8668462045645358,2.1862669997784563,-3.893402806736032,4.212823601949952,0.7984916359541422,0.6400315824320493
CLF,0.90116832161976,1.1281717365369934,0.3857286512341056,0.25675768202719995,False,False,False,False,False,False,False,False,65,70,2.050632216386162,2.302299618166257,2.145589912193354,0.17944167174770229,-1.9661482404456516,2.325031583941056,-4.111738152639005,4.47062149613441,0.7571641350674787,0.6564485798761941
STLD,0.4576849072685996,0.7950913456861789,0.7389879908104637,0.3319077784085227,False,False,False,True,False,False,False,True,73,78,0.9240494991269693,1.4717530360108693,1.6417515066838633,0.17634721143019877,-1.4654042952536646,1.818098718114062,-3.1071558019375276,3.4598502247979255,0.836208324753675,0.6374620527648387
