,mae,mae_main_etf,r2_score,r2_score_main_etf,chisquare_normal,chisquare_normal_main_etf,n_days_error_bt_mae,n_days_error_bt_main_etf_mae,mean_abs_diff_when_bt_mae,mean_abs_diff_when_bt_main_etf_mae,stock_std,mean,lower_sigma,upper_sigma,lower_two_sigma,upper_two_sigma,r2_score_full,r2_score_main_etf_full
XOM,0.23612229620612069,0.23027934292114183,0.9097307245300903,0.9138426246084721,True,True,84,73,0.45265731686387917,0.4628805573989931,1.566597134842091,0.11871441824309363,-1.4478827165989974,1.6853115530851848,-3.0144798514410884,3.251908687927276,0.9406481279878445,0.9349855522903604
