,mae,mae_main_etf,r2_score,r2_score_main_etf,chisquare_normal,chisquare_normal_main_etf,n_days_error_bt_mae,n_days_error_bt_main_etf_mae,mean_abs_diff_when_bt_mae,mean_abs_diff_when_bt_main_etf_mae,stock_std,mean,lower_sigma,upper_sigma,lower_two_sigma,upper_two_sigma,r2_score_full,r2_score_main_etf_full
XOM,0.23954080770667074,0.23343631570362094,0.8966387249076415,0.9018640762543407,True,True,83,70,0.4606092474636096,0.47977345239724806,1.561421809253459,0.1270273384676179,-1.4343944707858411,1.688449147721077,-2.9958162800393002,3.249870956974536,0.9396404723810852,0.9337750951504412
