,mae,mae_main_etf,r2_score,r2_score_main_etf,chisquare_normal,chisquare_normal_main_etf,n_days_error_bt_mae,n_days_error_bt_main_etf_mae,mean_abs_diff_when_bt_mae,mean_abs_diff_when_bt_main_etf_mae,stock_std,mean,lower_sigma,upper_sigma,lower_two_sigma,upper_two_sigma,r2_score_full,r2_score_main_etf_full
XOM,0.23495870484592915,0.2293899033306278,0.8998693638753396,0.9042685943452442,True,True,83,71,0.45100846186678906,0.4655317188011104,1.5597656731358003,0.12519165014776668,-1.4345740229880337,1.6849573232835668,-2.9943396961238338,3.2447229964193673,0.9395185758385945,0.9336016773997721
