,mae,mae_main_etf,r2_score,r2_score_main_etf,chisquare_normal,chisquare_normal_main_etf,n_days_error_bt_mae,n_days_error_bt_main_etf_mae,mean_abs_diff_when_bt_mae,mean_abs_diff_when_bt_main_etf_mae,stock_std,mean,lower_sigma,upper_sigma,lower_two_sigma,upper_two_sigma,r2_score_full,r2_score_main_etf_full
XOM,0.23865486528460933,0.23216986396829248,0.9002478129336589,0.9046323683824147,True,True,85,72,0.45390207051435005,0.4713759032589192,1.5571532418107203,0.1250775850785288,-1.4320756567321915,1.6822308268892492,-2.989228898542912,3.2393840686999695,0.9395250958598504,0.9337017774750979
