,mae,mae_main_etf,r2_score,r2_score_main_etf,chisquare_normal,chisquare_normal_main_etf,n_days_error_bt_mae,n_days_error_bt_main_etf_mae,mean_abs_diff_when_bt_mae,mean_abs_diff_when_bt_main_etf_mae,stock_std,mean,lower_sigma,upper_sigma,lower_two_sigma,upper_two_sigma,r2_score_full,r2_score_main_etf_full
XOM,0.23923200088031557,0.23316922314891408,0.9065753848263318,0.9104179181941585,True,True,85,73,0.4543447442966159,0.47032637706057223,1.5658044747231652,0.11687296577646111,-1.448931508946704,1.6826774404996263,-3.014735983669869,3.2484819152227917,0.9402268415816792,0.934466023583257
