,mae,mae_main_etf,r2_score,r2_score_main_etf,chisquare_normal,chisquare_normal_main_etf,n_days_error_bt_mae,n_days_error_bt_main_etf_mae,mean_abs_diff_when_bt_mae,mean_abs_diff_when_bt_main_etf_mae,stock_std,mean,lower_sigma,upper_sigma,lower_two_sigma,upper_two_sigma,r2_score_full,r2_score_main_etf_full
XOM,0.23618668603252754,0.22934915360020888,0.9099056940250988,0.9142359190458734,True,True,85,74,0.4502734719541902,0.45973029416168976,1.5660538611363777,0.12027886390467589,-1.4457749972317018,1.6863327250410536,-3.0118288583680797,3.252386586177431,0.9406685165171546,0.9350323451698632
