,mae,mae_main_etf,r2_score,r2_score_main_etf,chisquare_normal,chisquare_normal_main_etf,n_days_error_bt_mae,n_days_error_bt_main_etf_mae,mean_abs_diff_when_bt_mae,mean_abs_diff_when_bt_main_etf_mae,stock_std,mean,lower_sigma,upper_sigma,lower_two_sigma,upper_two_sigma,r2_score_full,r2_score_main_etf_full
XOM,0.23520690466211927,0.2289429129390663,0.8997827406602705,0.9046466395940513,True,True,83,71,0.44959173491129373,0.46289900489542934,1.5603167341537991,0.1267789223673351,-1.4335378117864641,1.6870956565211341,-2.993854545940263,3.2474123906749335,0.9395502027659196,0.9337216885653751
