,mae,mae_main_etf,r2_score,r2_score_main_etf,chisquare_normal,chisquare_normal_main_etf,n_days_error_bt_mae,n_days_error_bt_main_etf_mae,mean_abs_diff_when_bt_mae,mean_abs_diff_when_bt_main_etf_mae,stock_std,mean,lower_sigma,upper_sigma,lower_two_sigma,upper_two_sigma,r2_score_full,r2_score_main_etf_full
XOM,0.23735938080647367,0.23060305269201764,0.909403432747046,0.9138265343156844,True,True,85,73,0.45103878003355746,0.46284468976603577,1.5670032335454769,0.11696420387689943,-1.4500390296685775,1.6839674374223763,-3.017042263214054,3.2509706709678534,0.9405959674596326,0.934927079958032
