,mae,mae_main_etf,r2_score,r2_score_main_etf,chisquare_normal,chisquare_normal_main_etf,n_days_error_bt_mae,n_days_error_bt_main_etf_mae,mean_abs_diff_when_bt_mae,mean_abs_diff_when_bt_main_etf_mae,stock_std,mean,lower_sigma,upper_sigma,lower_two_sigma,upper_two_sigma,r2_score_full,r2_score_main_etf_full
XOM,0.2501018617210104,0.23820621750887877,0.9014191038975314,0.9029489604008752,True,True,85,71,0.4662987827106429,0.49283124102386505,1.5634949381123637,0.12111518034246618,-1.4423797577698976,1.6846101184548299,-3.005874695882261,3.248105056567194,0.9349239636084182,0.9241981503882393
