,mae,mae_main_etf,r2_score,r2_score_main_etf,chisquare_normal,chisquare_normal_main_etf,n_days_error_bt_mae,n_days_error_bt_main_etf_mae,mean_abs_diff_when_bt_mae,mean_abs_diff_when_bt_main_etf_mae,stock_std,mean,lower_sigma,upper_sigma,lower_two_sigma,upper_two_sigma,r2_score_full,r2_score_main_etf_full
XOM,0.2392320008871818,0.23316922314888114,0.9065753848214,0.910417918194187,True,True,85,73,0.4543447443067939,0.47032637706050456,1.5658044747231652,0.11687296577646114,-1.448931508946704,1.6826774404996263,-3.014735983669869,3.2484819152227917,0.940226841581679,0.9344660235832574
