,mae,mae_main_etf,r2_score,r2_score_main_etf,chisquare_normal,chisquare_normal_main_etf,n_days_error_bt_mae,n_days_error_bt_main_etf_mae,mean_abs_diff_when_bt_mae,mean_abs_diff_when_bt_main_etf_mae,stock_std,mean,lower_sigma,upper_sigma,lower_two_sigma,upper_two_sigma,r2_score_full,r2_score_main_etf_full
XOM,0.23337656280792604,0.2267890788315061,0.9108504362080269,0.9149654781183695,True,True,85,73,0.4451060969070201,0.457702775595858,1.5650363627429882,0.12087512537722545,-1.4441612373657629,1.6859114881202135,-3.009197600108751,3.2509478508632017,0.9406728133311751,0.9350375016683506
