,mae,mae_main_etf,r2_score,r2_score_main_etf,chisquare_normal,chisquare_normal_main_etf,n_days_error_bt_mae,n_days_error_bt_main_etf_mae,mean_abs_diff_when_bt_mae,mean_abs_diff_when_bt_main_etf_mae,stock_std,mean,lower_sigma,upper_sigma,lower_two_sigma,upper_two_sigma,r2_score_full,r2_score_main_etf_full
XOM,0.23488437312109123,0.22821743437873437,0.8998492155725772,0.9046819105193991,True,True,83,71,0.4495988299228745,0.4630790687420729,1.558709945772169,0.12468034146488094,-1.434029604307288,1.6833902872370499,-2.992739550079457,3.242100233009219,0.9395895790753928,0.9337647937536245
