,mae,mae_main_etf,r2_score,r2_score_main_etf,chisquare_normal,chisquare_normal_main_etf,n_days_error_bt_mae,n_days_error_bt_main_etf_mae,mean_abs_diff_when_bt_mae,mean_abs_diff_when_bt_main_etf_mae,stock_std,mean,lower_sigma,upper_sigma,lower_two_sigma,upper_two_sigma,r2_score_full,r2_score_main_etf_full
CNX,0.5268894933372132,0.637260683758335,0.682251860590595,0.578740220366428,True,True,75,76,1.041988853024908,1.22594465472947,1.8342032848265106,0.03781188055913857,-1.796391404267372,1.8720151653856492,-3.6305946890938827,3.70621845021216,0.769755849104898,0.687311080219031
EOG,0.49031282574467006,0.4119055591188612,0.7433104587419099,0.8249597070013677,True,True,80,83,0.9410528795656401,0.7848534451608749,2.218214240157731,0.07218278674492479,-2.146031453412806,2.290397026902656,-4.364245693570537,4.508611267060387,0.8389094613810582,0.8015784008818105
RRC,0.7146447586214549,0.8630049843679529,0.6884116098912392,0.56047158359777,True,True,75,75,1.3931989968169207,1.6735887940092349,2.267877798901405,0.093813773386916,-2.1740640255144887,2.361691572288321,-4.441941824415894,4.629569371189726,0.744344673910476,0.6366917126406428
SWN,0.6532531883610668,0.6692150030176501,0.6373326255048223,0.5980699790643185,True,True,89,87,1.1496970204228791,1.2164796483957845,2.0261219153606516,0.13988447576400515,-1.8862374395966464,2.1660063911246565,-3.912359354957298,4.1921283064853085,0.6820319686921174,0.5856129977201142
DVN,0.48750683325635213,0.42837496082989074,0.8004607350801661,0.8449762964974894,True,True,73,78,0.9882185989180218,0.8250238080916947,2.602740892698484,0.12303319934391807,-2.4797076933545656,2.725774092042402,-5.08244858605305,5.3285149847408855,0.8712543007235597,0.8551237700862201
AR,0.6639042350581136,0.7331353718139001,0.7366097844474293,0.6592369337131148,True,True,85,86,1.2016282390041066,1.3647373703152341,2.3435753655736433,0.2762994552498854,-2.067275910323758,2.6198748208235285,-4.410851275897401,4.963450186397172,0.6348109175908403,0.6206813971372476
