,mae,mae_main_etf,r2_score,r2_score_main_etf,chisquare_normal,chisquare_normal_main_etf,n_days_error_bt_mae,n_days_error_bt_main_etf_mae,mean_abs_diff_when_bt_mae,mean_abs_diff_when_bt_main_etf_mae,stock_std,mean,lower_sigma,upper_sigma,lower_two_sigma,upper_two_sigma,r2_score_full,r2_score_main_etf_full
EOG,0.49646622094028975,0.4175193278151648,0.7354000960605239,0.8198331550809109,True,True,79,84,0.9631871885394306,0.7925371174743435,2.220571626440691,0.06981172399047858,-2.150759902450212,2.2903833504311697,-4.371331528890903,4.510954976871861,0.8388838944868682,0.8014981000322107
AR,0.6595942577967102,0.7342701820856055,0.7414009521071958,0.6599535850498877,True,True,84,85,1.2014817397141673,1.3750383845133067,2.343887027905705,0.27002253242865387,-2.073864495477051,2.613909560334359,-4.417751523382756,4.957796588240064,0.6343611912654303,0.6206437888597498
DVN,0.4918843691969282,0.4295459680669818,0.8002478361473442,0.8453130134562306,True,True,74,78,0.9838427317093577,0.8243801950215223,2.6056407558016144,0.12017716104366175,-2.4854635947579524,2.7258179168452763,-5.091104350559567,5.331458672646891,0.87118849428643,0.8551093716157607
RRC,0.7136132393692902,0.8726071641593366,0.6960463717287508,0.5595518326638129,True,True,75,75,1.391516060432214,1.6988395948319734,2.268647968976946,0.08837266108674587,-2.1802753078902,2.357020630063692,-4.448923276867146,4.625668599040638,0.7439770895815758,0.6364079427707408
CNX,0.5024368444438121,0.6161826174672926,0.7660000904160605,0.6613058254859872,True,True,81,79,0.933463264217388,1.1457947930009247,1.835077241839846,0.03635042952495948,-1.7987268123148865,1.8714276713648055,-3.6338040541547327,3.7065049132046513,0.769665445904524,0.6868453416725515
