,mae,mae_main_etf,r2_score,r2_score_main_etf,chisquare_normal,chisquare_normal_main_etf,n_days_error_bt_mae,n_days_error_bt_main_etf_mae,mean_abs_diff_when_bt_mae,mean_abs_diff_when_bt_main_etf_mae,stock_std,mean,lower_sigma,upper_sigma,lower_two_sigma,upper_two_sigma,r2_score_full,r2_score_main_etf_full
CNX,0.498826475003907,0.613237965596866,0.7515968312375723,0.6483382802299473,True,True,79,79,0.9386997035195976,1.1252637186892378,1.8330921017791788,0.033021020688953295,-1.8000710810902256,1.866113122468132,-3.633163182869404,3.699205224247311,0.7659393808484793,0.6852956021709748
RRC,0.6818115434246936,0.8430346049980812,0.6877376776749972,0.5476540642991683,True,True,76,73,1.3067834421497657,1.6314947201400707,2.2595328492536453,0.10386861980374756,-2.1556642294498976,2.363401469057393,-4.415197078703543,4.622934318311038,0.7448231286931679,0.6366655981195936
EOG,0.49617703469156904,0.41092009359640813,0.7012768414551529,0.8001483065388677,True,True,81,81,0.9409422276813246,0.7880153771648138,2.214194530639103,0.067502342322871,-2.1466921883162318,2.281696872961974,-4.360886718955335,4.495891403601076,0.8368135233779151,0.7982450672469756
DVN,0.4870465676586097,0.42301473682022783,0.7746897909151257,0.8262113237658136,True,True,73,80,0.9770471038025685,0.803421116541962,2.5993211420931384,0.1306209634642287,-2.4687001786289096,2.729942105557367,-5.068021320722048,5.3292632476505055,0.8693040888922546,0.8526370100339409
AR,0.6397463564567882,0.7192409144145336,0.7253545361523281,0.6318261021906161,True,True,86,85,1.1492198202765282,1.3308587443928404,2.3286354531537405,0.28682755313377567,-2.0418079000199647,2.6154630062875164,-4.370443353173705,4.944098459441257,0.6289960182029674,0.6163599797500618
SWN,0.6305489638345885,0.6807670518489773,0.6513039928806083,0.5566505321136841,True,True,87,84,1.1158178728796704,1.2580598117373176,2.0228868856734215,0.1459925326997416,-1.87689435297368,2.1688794183731632,-3.899781238647101,4.191766304046585,0.6800555918473763,0.5805309279319251
