,mae,mae_main_etf,r2_score,r2_score_main_etf,chisquare_normal,chisquare_normal_main_etf,n_days_error_bt_mae,n_days_error_bt_main_etf_mae,mean_abs_diff_when_bt_mae,mean_abs_diff_when_bt_main_etf_mae,stock_std,mean,lower_sigma,upper_sigma,lower_two_sigma,upper_two_sigma,r2_score_full,r2_score_main_etf_full
AR,0.6393535323121033,0.7124491640323376,0.7248196876406674,0.6351577194955609,True,True,86,84,1.1401439001813671,1.321241371146018,2.3345679164149358,0.29329848914508755,-2.041269427269848,2.6278664055600234,-4.375837343684784,4.962434321974959,0.6283701127855438,0.6168935795864972
RRC,0.6792492692668639,0.8454013373272707,0.6880391031952466,0.5416477873939265,True,True,75,73,1.3044020969532992,1.6377190828257393,2.260395419781969,0.10287025741764794,-2.1575251623643212,2.363265677199617,-4.41792058214629,4.623661096981587,0.7448998344014937,0.6374247658210201
SWN,0.6363352380259004,0.6815798601756905,0.646525789384407,0.5534920025886136,True,True,88,84,1.1125568537523114,1.2573445610757366,2.0245010065626308,0.14802966752620772,-1.876471339036423,2.1725306740888386,-3.9009723455990537,4.197031680651469,0.679665272111875,0.5804966265706073
CNX,0.5003688849000498,0.6112549806201167,0.7490426771616969,0.6478106318800337,True,True,79,78,0.9388629369302005,1.126758774782637,1.8343171950211186,0.0343372879867361,-1.7999799070343825,1.8686544830078546,-3.634297102055501,3.702971678028973,0.7656697959936234,0.6855337612625692
EOG,0.4980871692584487,0.4090339160748743,0.7010742750445202,0.8013616441243716,True,True,81,81,0.9413178029696907,0.7868430368850856,2.216762517107051,0.06981864926858491,-2.1469438678384662,2.286581166375636,-4.363706384945517,4.503343683482687,0.8367830905550346,0.7982433283075474
DVN,0.4896957412850351,0.4241746888097215,0.7753412436186584,0.8268591554270834,True,True,73,79,0.977321929656982,0.8082326647229184,2.602682478477209,0.13198128877712814,-2.470701189700081,2.7346637672543372,-5.07338366817729,5.337346245731546,0.8692737914660164,0.8525972394328776
