,mae,mae_main_etf,r2_score,r2_score_main_etf,chisquare_normal,chisquare_normal_main_etf,n_days_error_bt_mae,n_days_error_bt_main_etf_mae,mean_abs_diff_when_bt_mae,mean_abs_diff_when_bt_main_etf_mae,stock_std,mean,lower_sigma,upper_sigma,lower_two_sigma,upper_two_sigma,r2_score_full,r2_score_main_etf_full
AR,0.6512683862388498,0.7265336066370475,0.7284049169018099,0.6384438288570233,True,True,85,86,1.172560988462493,1.3405309166624426,2.327111349023631,0.29002138651694975,-2.037089962506681,2.6171327355405807,-4.364201311530312,4.944244084564211,0.6292580103618561,0.6165612694774252
CNX,0.50313190994134,0.6180809214115616,0.7564928546124788,0.6514884276287698,True,True,81,79,0.9353822169446495,1.140941950960665,1.8346138312155753,0.03413902521288636,-1.800474806002689,1.8687528564284617,-3.6350886372182645,3.7033666876440368,0.7667336772989913,0.6857543981812126
RRC,0.6974226777362288,0.8580355764582683,0.6873448053443185,0.5551867615335455,True,True,74,75,1.366817243304497,1.6454125201759446,2.2583141198703593,0.107374786775955,-2.150939333094404,2.3656889066463145,-4.409253452964764,4.624003026516673,0.7445637187094138,0.6369240745325602
DVN,0.49109037798974287,0.4266751855553751,0.7797858005481527,0.8302285399040512,True,True,74,79,0.9757932500493975,0.8117808894652666,2.5988707197077576,0.1286039579346261,-2.4702667617731313,2.727474677642384,-5.069137481480889,5.326345397350141,0.8696068910417898,0.8530653459394906
EOG,0.5017919338417368,0.4147108337148957,0.7015888861508782,0.8020144454575262,True,True,80,83,0.959073701799316,0.7837188069468362,2.2120293422120096,0.06743304163311438,-2.144596300578895,2.2794623838451242,-4.356625642790905,4.491491726057133,0.8366598385472611,0.7984823329107356
