,mae,mae_main_etf,r2_score,r2_score_main_etf,chisquare_normal,chisquare_normal_main_etf,n_days_error_bt_mae,n_days_error_bt_main_etf_mae,mean_abs_diff_when_bt_mae,mean_abs_diff_when_bt_main_etf_mae,stock_std,mean,lower_sigma,upper_sigma,lower_two_sigma,upper_two_sigma,r2_score_full,r2_score_main_etf_full
CNX,0.5031319099417952,0.618080921411577,0.7564928546118224,0.6514884276287563,True,True,81,79,0.9353822169459963,1.1409419509606895,1.8346138312155755,0.03413902521288636,-1.8004748060026892,1.868752856428462,-3.635088637218265,3.703366687644037,0.7667336772989916,0.6857543981812126
AR,0.6512683862289688,0.7265336066336421,0.7284049169089349,0.6384438288598817,True,True,85,86,1.1725609884465944,1.3405309166560044,2.327111349023631,0.29002138651694975,-2.037089962506681,2.6171327355405807,-4.364201311530312,4.944244084564211,0.6292580103618568,0.616561269477425
DVN,0.49109037798976857,0.42667518555538936,0.7797858005481397,0.8302285399040343,True,True,74,79,0.9757932500494406,0.8117808894653327,2.5988707197077576,0.12860395793462603,-2.4702667617731318,2.7274746776423835,-5.069137481480889,5.326345397350141,0.8696068910417889,0.8530653459394908
RRC,0.6974226777407811,0.8580355764556297,0.6873448053404745,0.555186761536265,True,True,74,75,1.3668172433052053,1.6454125201711625,2.2583141198703593,0.10737478677595502,-2.150939333094404,2.3656889066463145,-4.409253452964764,4.624003026516673,0.7445637187094145,0.6369240745325604
EOG,0.5017919338410594,0.41471083371490397,0.7015888861524029,0.8020144454575203,True,True,80,83,0.959073701798685,0.78371880694684,2.2120293422120096,0.06743304163311441,-2.144596300578895,2.2794623838451242,-4.356625642790905,4.491491726057133,0.836659838547261,0.798482332910736
