,mae,mae_main_etf,r2_score,r2_score_main_etf,chisquare_normal,chisquare_normal_main_etf,n_days_error_bt_mae,n_days_error_bt_main_etf_mae,mean_abs_diff_when_bt_mae,mean_abs_diff_when_bt_main_etf_mae,stock_std,mean,lower_sigma,upper_sigma,lower_two_sigma,upper_two_sigma,r2_score_full,r2_score_main_etf_full
CNX,0.497589823970188,0.614513469852533,0.7674128469845594,0.6609237651557788,True,True,82,78,0.915588941745538,1.1404680819453787,1.838510514703518,0.026954077498035436,-1.8115564372054824,1.8654645922015534,-3.6500669519090003,3.7039751069050713,0.7681113026079163,0.6884193192929189
EOG,0.5008303557951639,0.41028278863147977,0.7168413189041976,0.8145563350494996,True,True,78,81,0.9725512214597983,0.7873515697480183,2.2195560206978078,0.05793205699484614,-2.1616239637029615,2.277488077692654,-4.381179984400769,4.497044098390462,0.8378404484619026,0.8004109176687275
AR,0.6637297234353245,0.7323790391561016,0.7383843632465603,0.6683801515490746,True,True,84,86,1.2092185087337344,1.3523842019653995,2.3444524725440665,0.27495032217990684,-2.0695021503641597,2.6194027947239733,-4.413954622908226,4.96385526726804,0.6330217833539482,0.6213742476268138
RRC,0.7115833127803154,0.8594665546421034,0.694263161769923,0.5738341307133205,True,True,74,75,1.3916854508201786,1.649521506145342,2.271870632404534,0.08944841945684846,-2.1824222129476856,2.3613190518613822,-4.454292845352219,4.633189684265917,0.7434816523346508,0.6395443387344071
DVN,0.4921709798854258,0.42472188277798906,0.7916861018760306,0.8403848696896593,True,True,74,81,0.9790132143040016,0.8020590532534787,2.6086061533529783,0.11755744470352776,-2.4910487086494504,2.726163598056506,-5.099654862002429,5.3347697514094845,0.8707186188075527,0.8545629636252456
