,mae,mae_main_etf,r2_score,r2_score_main_etf,chisquare_normal,chisquare_normal_main_etf,n_days_error_bt_mae,n_days_error_bt_main_etf_mae,mean_abs_diff_when_bt_mae,mean_abs_diff_when_bt_main_etf_mae,stock_std,mean,lower_sigma,upper_sigma,lower_two_sigma,upper_two_sigma,r2_score_full,r2_score_main_etf_full
SWN,0.6358560142215828,0.683925021351071,0.6466039620263415,0.55177479847673,True,True,87,85,1.1184632183357262,1.2537771474724817,2.025892075182772,0.14743688376017572,-1.8784551914225962,2.1733289589429474,-3.904347266605368,4.19922103412572,0.6797602824902725,0.5805395648746414
RRC,0.686068939558048,0.8381153166271659,0.6837492451922861,0.5451294690865691,True,True,76,73,1.3106376518337675,1.627906580115743,2.261219393071358,0.10060094760031961,-2.1606184454710387,2.361820340671678,-4.421837838542396,4.6230397337430365,0.7447361937899486,0.6378565416148313
CNX,0.5004729744282402,0.6113499642487993,0.7487097096298228,0.6470909028734182,True,True,79,78,0.9387685033857005,1.1270760532476531,1.8352662522356502,0.032955799905360225,-1.80231045233029,1.8682220521410104,-3.6375767045659404,3.7034883043766604,0.7655912403145263,0.6857576976421518
AR,0.6445814717261776,0.7090151126641807,0.7229672237267228,0.6371834255747485,True,True,86,83,1.147247460728568,1.3282698057707096,2.3361710652178465,0.29246239668908425,-2.043708668528762,2.6286334619069307,-4.379879733746609,4.964804527124777,0.6283450690175014,0.617005542387463
EOG,0.5036399700379727,0.4115323945032817,0.6997654564558854,0.80252949814751,True,True,81,81,0.952312833387228,0.7918096446205086,2.2183189673848904,0.06928459521731771,-2.1490343721675726,2.287603562602208,-4.367353339552463,4.505922529987099,0.8368014809918563,0.7982604586177489
DVN,0.4929553818046419,0.4251146641197027,0.776111639432236,0.8280255724061665,True,True,74,79,0.9735845594287822,0.8083026827615019,2.6045630284524104,0.132105078501523,-2.472457949950887,2.7366681069539336,-5.077020978403298,5.3412311354063435,0.8692743946090544,0.8526008186826655
