,mae,mae_main_etf,r2_score,r2_score_main_etf,chisquare_normal,chisquare_normal_main_etf,n_days_error_bt_mae,n_days_error_bt_main_etf_mae,mean_abs_diff_when_bt_mae,mean_abs_diff_when_bt_main_etf_mae,stock_std,mean,lower_sigma,upper_sigma,lower_two_sigma,upper_two_sigma,r2_score_full,r2_score_main_etf_full
AR,0.6621092203360414,0.7363581916093188,0.7418921039318069,0.6613553919092741,True,True,85,86,1.2014975564851647,1.3728318944517641,2.344286728668517,0.2737562762941862,-2.0705304523743306,2.6180430049627033,-4.414817181042848,4.96232973363122,0.6346018131169233,0.6210443742766002
RRC,0.7140780888837137,0.8717726235363544,0.6970897478555398,0.5617001592323587,True,True,76,75,1.3839174377197332,1.698839594824922,2.2687109622506703,0.09161906889007045,-2.1770918933605996,2.360330031140741,-4.44580285561127,4.629040993391411,0.7441903246961592,0.6368457086318275
CNX,0.5299829305447189,0.6454049149298762,0.6909463249253104,0.5796430703638349,True,True,77,76,1.0322693391730187,1.2490914170064495,1.8350772418398456,0.03635042952495949,-1.798726812314886,1.871427671364805,-3.6338040541547314,3.706504913204651,0.7696654459045251,0.687378386837608
EOG,0.49607426238946023,0.4170463177366772,0.7362711042955172,0.8204641891150651,True,True,79,84,0.9631871885400599,0.7925371174743324,2.219778177625232,0.07201958834219459,-2.1477585892830375,2.2917977659674267,-4.36753676690827,4.511575943592659,0.8389740804613748,0.8016067412655588
DVN,0.4897217621379913,0.4301615863766522,0.8009836008816485,0.8453975701023912,True,True,74,79,0.9838427317091619,0.8210655029701762,2.6045541854862893,0.1225482152517732,-2.482005970234516,2.7271024007380626,-5.0865601557208056,5.3316565862243515,0.8712614450093762,0.8551247209896735
SWN,0.6502387455129655,0.6866130168513264,0.6623988135236274,0.5900590261292622,True,True,91,86,1.1322939272149044,1.2605854915487964,2.0275430662414675,0.13980238212381335,-1.887740684117654,2.167345448365281,-3.9152837503591216,4.194888514606748,0.6826486198109867,0.5856249081904561
