,mae,mae_main_etf,r2_score,r2_score_main_etf,chisquare_normal,chisquare_normal_main_etf,n_days_error_bt_mae,n_days_error_bt_main_etf_mae,mean_abs_diff_when_bt_mae,mean_abs_diff_when_bt_main_etf_mae,stock_std,mean,lower_sigma,upper_sigma,lower_two_sigma,upper_two_sigma,r2_score_full,r2_score_main_etf_full
DVN,0.48184081779578086,0.4237719304552168,0.7997356937478847,0.844480270224452,True,True,73,80,0.9852365569489009,0.8118928515483013,2.602625917460356,0.1149759792471445,-2.4876499382132113,2.7176018967075004,-5.090275855673568,5.320227814167856,0.8721600835322493,0.8561267860612884
CNX,0.5284892821064768,0.6354374719969025,0.6809600620939135,0.5786459050367464,True,True,76,77,1.0322504895819278,1.2135273734189018,1.8365107109595604,0.03420720013609166,-1.8023035108234688,1.870717911095652,-3.6388142217830293,3.7072286220552124,0.767308695159049,0.6866950213817011
SWN,0.646517960092585,0.6704792643712444,0.6374790574197071,0.5927721972276828,True,True,89,86,1.1438507641757005,1.2251997531527505,2.0246633655284825,0.13974538332896375,-1.8849179821995188,2.164408748857446,-3.9095813477280013,4.189072114385929,0.6819178261777457,0.5851220343744105
AR,0.6698250960667914,0.7336984766939907,0.730753210674268,0.655418542672304,True,True,85,86,1.2072267920464472,1.3584899746051726,2.337504522518449,0.2834901251114223,-2.054014397407027,2.620994647629871,-4.391518919925476,4.95849917014832,0.6336624946779281,0.6192260119965717
EOG,0.4941451451375474,0.4142103238985741,0.737454341119403,0.8214935992314351,True,True,79,82,0.9566649584645354,0.795127072682695,2.2162591044565967,0.07238141505759457,-2.143877689399002,2.2886405195141912,-4.360136793855599,4.504899623970788,0.8388743559088625,0.8016672240381764
RRC,0.709990107436457,0.8562393318001582,0.6864942552297133,0.5583447874883656,True,True,74,74,1.3970026105946025,1.673777974191829,2.265392703057101,0.09494419510246443,-2.1704485079546365,2.360336898159565,-4.435841211011737,4.625729601216666,0.7446069777381912,0.6370312766141702
