,mae,mae_main_etf,r2_score,r2_score_main_etf,chisquare_normal,chisquare_normal_main_etf,n_days_error_bt_mae,n_days_error_bt_main_etf_mae,mean_abs_diff_when_bt_mae,mean_abs_diff_when_bt_main_etf_mae,stock_std,mean,lower_sigma,upper_sigma,lower_two_sigma,upper_two_sigma,r2_score_full,r2_score_main_etf_full
CNX,0.49758982396392476,0.614513469852539,0.7674128469875269,0.6609237651557733,True,True,82,78,0.9155889417370445,1.1404680819453883,1.838510514703518,0.02695407749803544,-1.8115564372054824,1.8654645922015534,-3.6500669519090003,3.7039751069050713,0.768111302607916,0.6884193192929198
AR,0.6637297234337677,0.7323790391502262,0.7383843632480169,0.6683801515538579,True,True,84,86,1.2092185087304286,1.352384201954468,2.344452472544067,0.27495032217990684,-2.06950215036416,2.6194027947239737,-4.413954622908227,4.963855267268041,0.633021783353948,0.6213742476268138
EOG,0.500830355791633,0.4102827886314705,0.7168413189083233,0.8145563350495081,True,True,78,81,0.9725512214550582,0.7873515697480192,2.2195560206978078,0.05793205699484615,-2.1616239637029615,2.277488077692654,-4.381179984400769,4.497044098390462,0.8378404484619023,0.8004109176687275
DVN,0.4921709798852131,0.42472188277799816,0.7916861018761123,0.8403848696896384,True,True,74,81,0.9790132143036561,0.802059053253569,2.6086061533529783,0.11755744470352779,-2.4910487086494504,2.726163598056506,-5.099654862002429,5.3347697514094845,0.8707186188075551,0.8545629636252463
RRC,0.711583312782176,0.859466554636762,0.6942631617683306,0.5738341307184135,True,True,74,75,1.3916854508221703,1.649521506136014,2.271870632404534,0.08944841945684846,-2.1824222129476856,2.3613190518613822,-4.454292845352219,4.633189684265917,0.7434816523346502,0.6395443387344079
