,mae,mae_main_etf,r2_score,r2_score_main_etf,chisquare_normal,chisquare_normal_main_etf,n_days_error_bt_mae,n_days_error_bt_main_etf_mae,mean_abs_diff_when_bt_mae,mean_abs_diff_when_bt_main_etf_mae,stock_std,mean,lower_sigma,upper_sigma,lower_two_sigma,upper_two_sigma,r2_score_full,r2_score_main_etf_full
DVN,0.4818408177957758,0.42377193045521827,0.7997356937478864,0.8444802702244345,True,True,73,80,0.985236556948883,0.8118928515483761,2.602625917460356,0.1149759792471445,-2.4876499382132113,2.7176018967075004,-5.090275855673568,5.320227814167856,0.8721600835322463,0.8561267860612892
SWN,0.6465179600931362,0.6704792643712509,0.6374790574177894,0.5927721972276777,True,True,89,86,1.1438507641784603,1.225199753152762,2.0246633655284825,0.13974538332896375,-1.8849179821995188,2.164408748857446,-3.9095813477280013,4.189072114385929,0.6819178261777463,0.5851220343744103
CNX,0.528489282102194,0.6354374719968687,0.6809600620947831,0.5786459050367678,True,True,76,77,1.0322504895788682,1.2135273734188532,1.8365107109595604,0.03420720013609164,-1.8023035108234688,1.870717911095652,-3.6388142217830293,3.7072286220552124,0.7673086951590485,0.6866950213817014
AR,0.6698250960540532,0.7336984766976717,0.7307532106856842,0.6554185426691979,True,True,85,86,1.207226792021002,1.358489974612301,2.337504522518449,0.2834901251114223,-2.054014397407027,2.620994647629871,-4.391518919925476,4.95849917014832,0.6336624946779279,0.6192260119965718
EOG,0.4941451451441831,0.4142103238985728,0.7374543411131596,0.8214935992314379,True,True,79,82,0.9566649584728838,0.7951270726826928,2.2162591044565967,0.07238141505759457,-2.143877689399002,2.2886405195141912,-4.360136793855599,4.504899623970788,0.8388743559088632,0.8016672240381767
RRC,0.7099901074370233,0.8562393317958218,0.6864942552288458,0.5583447874922015,True,True,74,74,1.3970026105937228,1.673777974184714,2.265392703057101,0.09494419510246443,-2.1704485079546365,2.360336898159565,-4.435841211011737,4.625729601216666,0.7446069777381896,0.6370312766141704
