,mae,mae_main_etf,r2_score,r2_score_main_etf,shapiro_normal,pearson_normal,ks_normal,chisquare_normal,shapiro_normal_main_etf,pearson_normal_main_etf,ks_normal_main_etf,chisquare_normal_main_etf,n_days_error_bt_mae,n_days_error_bt_main_etf_mae,mean_abs_diff_when_bt_mae,mean_abs_diff_when_bt_main_etf_mae,stock_std,mean,lower_sigma,upper_sigma,lower_two_sigma,upper_two_sigma,r2_score_full,r2_score_main_etf_full
DVN,0.5313355596299445,0.4966930985750096,0.7185786814023766,0.7273730712418083,False,False,False,True,False,False,False,True,64,64,1.1523233091508693,1.0744460695522686,2.6288855307105368,0.12017036480441459,-2.508715165906122,2.7490558955149513,-5.1376006966166585,5.3779414262254885,0.8614043257090206,0.8402494131525822
SWN,0.6272236269636565,0.7190383070536805,0.6248852232039611,0.45791720113029644,False,False,False,True,False,False,False,True,83,75,1.118670827965741,1.3824019721525287,2.03632330932618,0.14466993234938622,-1.8916533769767938,2.180993241675566,-3.927976686302974,4.217316551001747,0.6763673233477198,0.5733548462950999
EOG,0.5106240045693621,0.4524247440612509,0.6781225387545143,0.7265591271998862,False,False,False,True,False,False,False,True,77,75,0.9669914882935972,0.8824747151013421,2.2381798252374407,0.058135316960942734,-2.180044508276498,2.2963151421983836,-4.418224333513939,4.534494967435824,0.831291476853999,0.7864873978281686
CNX,0.5280868921314216,0.6489317280402083,0.6989547667535854,0.5451287413190562,False,False,False,True,False,False,False,True,76,75,0.9989536451755608,1.2198120117048268,1.839635147709083,0.015438326928960657,-1.8241968207801225,1.8550734746380437,-3.6638319684892053,3.694708622347127,0.7563974466879235,0.6689217824538591
RRC,0.7094274121596953,0.8879807205157273,0.6389632479985503,0.45108598205778727,False,False,False,True,False,False,False,True,66,67,1.4676694321208201,1.8355401313910247,2.2685458711547595,0.08807820884054883,-2.1804676623142107,2.356624079995308,-4.44901353346897,4.625169951150068,0.7392840654205223,0.6272306814767434
AR,0.6648227259704523,0.7346101341020309,0.6744402655065724,0.5553933372508895,False,False,False,True,False,False,False,True,76,75,1.2636146776969408,1.463725631458425,2.3520917457199975,0.273172029604921,-2.0789197161150765,2.6252637753249184,-4.431011461835074,4.977355521044916,0.619911500928569,0.6065813901714738
