,mae,mae_main_etf,r2_score,r2_score_main_etf,chisquare_normal,chisquare_normal_main_etf,n_days_error_bt_mae,n_days_error_bt_main_etf_mae,mean_abs_diff_when_bt_mae,mean_abs_diff_when_bt_main_etf_mae,stock_std,mean,lower_sigma,upper_sigma,lower_two_sigma,upper_two_sigma,r2_score_full,r2_score_main_etf_full
DVN,0.4925618572903788,0.4291944083214232,0.8000392931372634,0.8454744727946604,True,True,75,78,0.9785473855185283,0.8244102559743066,2.607053846388237,0.11837549278378766,-2.4886783536044494,2.7254293391720243,-5.095732199992686,5.332483185560261,0.8711846205598905,0.8550782158047667
RRC,0.7161898233580128,0.8651885612599086,0.6956735296683454,0.5665440396655917,True,True,76,74,1.3826336459105257,1.6901770381006398,2.2697790573398815,0.09009520872591119,-2.1796838486139705,2.3598742660657925,-4.449462905953852,4.629653323405674,0.7438728224036726,0.6378567027982058
AR,0.6577348854866574,0.7242887731423874,0.7421925814546293,0.6726391962016498,True,True,85,88,1.190780569320144,1.328526549428511,2.3409751829725183,0.2788348014845199,-2.0621403814879984,2.619809984457038,-4.403115564460517,4.960785167429556,0.6336126564884159,0.6217987560912728
CNX,0.5029712393604812,0.6213680969623852,0.7654852207275672,0.6570485094625435,True,True,81,79,0.9349683861242915,1.155522844393,1.8397195236002248,0.030360010300170992,-1.8093595133000537,1.870079533900396,-3.649079036900279,3.7097990575006206,0.7677426149860215,0.6873489197588629
EOG,0.4955664942116395,0.4141118701939171,0.7339407959233186,0.8205154089671662,True,True,81,83,0.9490663340828369,0.7905533497507469,2.2205017815429446,0.0665997241026448,-2.1539020574403,2.2871015056455892,-4.374403838983245,4.507603287188534,0.8388775465185485,0.8014661797845452
