,mae,mae_main_etf,r2_score,r2_score_main_etf,chisquare_normal,chisquare_normal_main_etf,n_days_error_bt_mae,n_days_error_bt_main_etf_mae,mean_abs_diff_when_bt_mae,mean_abs_diff_when_bt_main_etf_mae,stock_std,mean,lower_sigma,upper_sigma,lower_two_sigma,upper_two_sigma,r2_score_full,r2_score_main_etf_full
RRC,0.6791561729090556,0.8462946974541461,0.6889014393276984,0.5422456617473754,True,True,75,73,1.3044020969512624,1.6377190828399981,2.2595409244124176,0.10065108688534923,-2.1588898375270684,2.360192011297767,-4.418430761939486,4.619732935710185,0.7449751544253337,0.6373967417952804
SWN,0.6327804300702419,0.6835145696815742,0.6497757192173047,0.5544444114988055,True,True,88,85,1.112556853752703,1.2555737649575394,2.024267980537021,0.14537850687583484,-1.878889473661186,2.1696464874128556,-3.9031574541982073,4.1939144679498765,0.6800769828937141,0.5805616216286416
DVN,0.483973524497668,0.41849908884524867,0.7762217027094528,0.8284737137382341,True,True,74,81,0.966545972791108,0.7918030416216234,2.6004140116192866,0.1285161562125289,-2.4718978554067577,2.7289301678318156,-5.072311867026045,5.329344179451102,0.869401736072629,0.8527731636949948
AR,0.6354073131130684,0.7118497676744312,0.7274380420322293,0.6369949792574852,True,True,86,85,1.1375079250282485,1.3125841448511832,2.329143797349144,0.28398775532833365,-2.0451560420208104,2.613131552677477,-4.374299839369954,4.942275350026621,0.6293961677276181,0.6171859530341406
CNX,0.5002450045647556,0.6147010734960497,0.7506930113306316,0.6469865555148067,True,True,79,79,0.9388629369353333,1.1279369029248663,1.8341544341108993,0.031886733167560195,-1.802267700943339,1.8660411672784596,-3.6364221350542385,3.7001956013893587,0.7658609134397169,0.685270541776929
EOG,0.49785421617821185,0.4109827587837234,0.7025546208742066,0.8014502896598366,True,True,81,81,0.9413247032710934,0.7880244053161689,2.2157691768111647,0.06785325537651966,-2.147915921434645,2.2836224321876846,-4.36368509824581,4.499391608998849,0.8368243771790773,0.7982334020101092
