,mae,mae_main_etf,r2_score,r2_score_main_etf,chisquare_normal,chisquare_normal_main_etf,n_days_error_bt_mae,n_days_error_bt_main_etf_mae,mean_abs_diff_when_bt_mae,mean_abs_diff_when_bt_main_etf_mae,stock_std,mean,lower_sigma,upper_sigma,lower_two_sigma,upper_two_sigma,r2_score_full,r2_score_main_etf_full
CNX,0.5639025615698859,0.6132379655968642,0.7127356602418233,0.6483382802299489,True,True,88,79,0.9785860940214473,1.125263718689235,1.8056235334971937,0.04522776316212547,-1.7603957703350683,1.8508512966593191,-3.566019303832262,3.656474830156513,0.7166228177522163,0.6852956021709742
RRC,0.6947265175144809,0.8430346050045697,0.6733491335474325,0.5476540642922931,True,True,74,73,1.358896923452805,1.6314947201516947,2.25444020048139,0.11043755574261738,-2.1440026447387726,2.3648777562240073,-4.3984428452201625,4.619317956705397,0.7174714026693212,0.6366655981195946
EOG,0.4108754482440162,0.4109200935964056,0.8002045275563199,0.8001483065388695,True,True,81,81,0.7880038904121862,0.7880153771648124,2.211430775649732,0.07276388249971116,-2.138666893150021,2.2841946581494432,-4.350097668799753,4.495625433799175,0.7982709530851075,0.7982450672469755
DVN,0.4194149852535812,0.4230147368202298,0.826632020122653,0.8262113237658111,True,True,79,80,0.8039562299533101,0.8034211165419716,2.5993211420931384,0.1306209634642287,-2.4687001786289096,2.729942105557367,-5.068021320722048,5.3292632476505055,0.852909269466076,0.8526370100339404
AR,0.6751536527935406,0.719240914408193,0.6837454296683187,0.6318261021960699,True,True,80,85,1.2454905266435343,1.330858744381243,2.3286354531537405,0.28682755313377567,-2.0418079000199647,2.6154630062875164,-4.370443353173705,4.944098459441257,0.6134563566599389,0.6163599797500624
SWN,0.6448191350147499,0.6807670518489357,0.6323442090143611,0.5566505321137225,True,True,90,84,1.1269861087937358,1.2580598117372472,2.0228868856734215,0.1459925326997416,-1.87689435297368,2.1688794183731632,-3.899781238647101,4.191766304046585,0.6409145350223864,0.5805309279319246
EQT,0.6028042226569662,0.6994460637309536,0.5466811213684613,0.44016327597325944,True,True,77,75,1.165031239756165,1.3754656052769552,1.7382644171448747,0.07293943043780259,-1.665324986707072,1.8112038475826773,-3.4035894038519467,3.549468264727552,0.630544104525766,0.5572851645761732
