,mae,mae_main_etf,r2_score,r2_score_main_etf,chisquare_normal,chisquare_normal_main_etf,n_days_error_bt_mae,n_days_error_bt_main_etf_mae,mean_abs_diff_when_bt_mae,mean_abs_diff_when_bt_main_etf_mae,stock_std,mean,lower_sigma,upper_sigma,lower_two_sigma,upper_two_sigma,r2_score_full,r2_score_main_etf_full
AR,0.673617299890389,0.7124491640377103,0.683023179411347,0.6351577194908813,True,True,79,84,1.2431901755158061,1.321241371155796,2.3345679164149358,0.2932984891450875,-2.041269427269848,2.6278664055600234,-4.375837343684784,4.962434321974959,0.6127730185854383,0.616893579586497
EQT,0.6066673210761467,0.7036176923878661,0.5430682149622803,0.43145618345640013,True,True,78,75,1.1609963234532743,1.3858339588902895,1.739142870808662,0.074818255988606,-1.6643246148200561,1.813961126797268,-3.403467485628718,3.55310399760593,0.6300086863586465,0.5574179558409487
RRC,0.6942007565865352,0.8454013373264443,0.6725350119244359,0.5416477873947885,True,True,74,73,1.3519142562015367,1.637719082824277,2.255294231633767,0.10945658520392697,-2.14583764642984,2.364750816837694,-4.401131878063607,4.620045048471461,0.7174380401755172,0.6374247658210199
SWN,0.6477857489850557,0.6815798601757237,0.6286716539863633,0.5534920025885831,True,True,89,84,1.1329816787559877,1.2573445610757916,2.0245010065626308,0.14802966752620772,-1.876471339036423,2.1725306740888386,-3.9009723455990537,4.197031680651469,0.6405049125138593,0.580496626570608
CNX,0.5628570354274298,0.6112549806200737,0.7109788140834401,0.6478106318800726,True,True,87,78,0.983184382548483,1.1267587747825696,1.8067807171122887,0.046580839833648045,-1.7601998772786407,1.8533615569459367,-3.5669805943909294,3.6601422740582255,0.7163439810709376,0.6855337612625692
EOG,0.40899339785759325,0.40903391607487966,0.8014021508608058,0.801361644124368,True,True,80,81,0.7915303860149947,0.786843036885088,2.2139921413492005,0.07509871669982536,-2.138893424649375,2.289090858049026,-4.352885565998576,4.503082999398226,0.7982716656668153,0.7982433283075473
DVN,0.420214699975137,0.4241746888097263,0.8273142162600396,0.826859155427077,True,True,79,79,0.8039141727324308,0.808232664722943,2.602682478477209,0.13198128877712814,-2.470701189700081,2.7346637672543372,-5.07338366817729,5.337346245731546,0.8528762124759369,0.8525972394328782
