,mae,mae_main_etf,r2_score,r2_score_main_etf,chisquare_normal,chisquare_normal_main_etf,n_days_error_bt_mae,n_days_error_bt_main_etf_mae,mean_abs_diff_when_bt_mae,mean_abs_diff_when_bt_main_etf_mae,stock_std,mean,lower_sigma,upper_sigma,lower_two_sigma,upper_two_sigma,r2_score_full,r2_score_main_etf_full
EQT,0.6147544681892261,0.6990918497275233,0.559135352793739,0.47856444936869735,True,True,77,76,1.19949870681784,1.369115509382019,1.7491201258272369,0.0636341462637013,-1.6854859795635355,1.8127542720909382,-3.4346061053907726,3.561874397918175,0.6329664678122792,0.563322651795056
CNX,0.5715409479654585,0.6145134698525136,0.7218429891518474,0.6609237651557959,True,True,91,78,0.9726694110270014,1.1404680819453474,1.8113685904580865,0.039065776549739056,-1.7723028139083474,1.8504343670078256,-3.583671404366434,3.661802957465912,0.7188031483444595,0.6884193192929199
AR,0.7037904205215828,0.7323790391585092,0.6937882830819677,0.6683801515471147,True,True,76,86,1.3396434977409641,1.3523842019698784,2.3444524725440665,0.27495032217990684,-2.0695021503641597,2.6194027947239733,-4.413954622908226,4.96385526726804,0.6164945705189884,0.6213742476268136
EOG,0.4102907038900408,0.41028278863147133,0.8146217120130423,0.8145563350495073,True,True,81,81,0.787399058596645,0.787351569748019,2.216848985751018,0.06314234290566885,-2.153706642845349,2.2799913286566866,-4.3705556285963665,4.496840314407705,0.8004230806354151,0.8004109176687273
DVN,0.4221335113910366,0.42472188277799305,0.8405019680959247,0.8403848696896503,True,True,81,81,0.7991828889235775,0.8020590532535177,2.6086061533529783,0.1175574447035278,-2.4910487086494504,2.726163598056506,-5.099654862002429,5.3347697514094845,0.8547802416797001,0.8545629636252448
RRC,0.7316630126847832,0.8594665546423401,0.6702605910986865,0.573834130713095,True,True,76,75,1.4325394079432512,1.6495215061457555,2.266900840956281,0.09595031301268102,-2.1709505279436003,2.362851153968962,-4.4378513688998815,4.629751994925243,0.7149752509017496,0.6395443387344075
