,mae,mae_main_etf,r2_score,r2_score_main_etf,chisquare_normal,chisquare_normal_main_etf,n_days_error_bt_mae,n_days_error_bt_main_etf_mae,mean_abs_diff_when_bt_mae,mean_abs_diff_when_bt_main_etf_mae,stock_std,mean,lower_sigma,upper_sigma,lower_two_sigma,upper_two_sigma,r2_score_full,r2_score_main_etf_full
EOG,0.4174965164752933,0.41751932781515505,0.8198762481084773,0.8198331550809201,True,True,84,84,0.7924808459512347,0.7925371174743321,2.2178625722065006,0.07499455657485754,-2.142868015631643,2.292857128781358,-4.360730587838144,4.510719700987859,0.8015883240788966,0.8014981000322099
AR,0.6993633624846288,0.7342701820840106,0.6963499669276465,0.6599535850512297,True,True,77,85,1.3259713716768795,1.3750383845101712,2.343887027905705,0.2700225324286539,-2.073864495477051,2.613909560334359,-4.417751523382756,4.957796588240064,0.6179111160512957,0.6206437888597495
EQT,0.6061617674699084,0.7062987036977818,0.5648264875658727,0.4712669683904056,True,True,79,77,1.1757858202227827,1.3831043600012247,1.745630690048345,0.06174094705351347,-1.6838897429948314,1.8073716371018584,-3.4295204330431766,3.553002327150203,0.6337702687418756,0.5615849634491321
DVN,0.42730728225923886,0.4295459680669814,0.8455967261613849,0.8453130134562369,True,True,82,78,0.8013485133522971,0.8243801950214891,2.605640755801614,0.12017716104366175,-2.485463594757952,2.725817916845276,-5.091104350559566,5.33145867264689,0.8553157091417244,0.8551093716157606
RRC,0.7326881262328333,0.8726071641563035,0.6720130059852599,0.5595518326665332,True,True,77,75,1.43155054355143,1.698839594827014,2.263711804361815,0.09481817332091161,-2.1688936310409037,2.3585299776827267,-4.432605435402719,4.622241782044542,0.7153536446266056,0.6364079427707404
CNX,0.5724845187686495,0.6161826174673193,0.7263009428103783,0.6613058254859647,True,True,93,79,0.9697260539676895,1.145794793000968,1.808009366696102,0.04839017056930506,-1.7596191961267968,1.856399537265407,-3.5676285628228985,3.664408903961509,0.720315892610216,0.6868453416725504
