,mae,mae_main_etf,r2_score,r2_score_main_etf,chisquare_normal,chisquare_normal_main_etf,n_days_error_bt_mae,n_days_error_bt_main_etf_mae,mean_abs_diff_when_bt_mae,mean_abs_diff_when_bt_main_etf_mae,stock_std,mean,lower_sigma,upper_sigma,lower_two_sigma,upper_two_sigma,r2_score_full,r2_score_main_etf_full
SWN,0.6453320932484358,0.6839250213510965,0.6294727377743061,0.5517747984767067,True,True,90,85,1.1276967022738795,1.253777147472523,2.025892075182772,0.14743688376017575,-1.878455191422596,2.1733289589429474,-3.904347266605368,4.19922103412572,0.6405880313801181,0.5805395648746412
RRC,0.699491240453455,0.8381153166291083,0.6699419495874288,0.5451294690844939,True,True,74,73,1.3608500493388072,1.6279065801193415,2.2561205573240652,0.10719346909961003,-2.1489270882244553,2.363314026423675,-4.40504764554852,4.619434583747741,0.7172589525823619,0.6378565416148319
CNX,0.563126644587175,0.6113499642487777,0.7103460692837107,0.6470909028734375,True,True,87,78,0.9833146840050945,1.12707605324762,1.8077151622466878,0.045214913448211345,-1.7625002487984764,1.8529300756948992,-3.5702154110451643,3.660645237941587,0.7162519887569211,0.6857576976421516
AR,0.6778415477056685,0.7090151126598997,0.6820073992004483,0.6371834255785271,True,True,80,83,1.2403368120528513,1.328269805762705,2.336171065217846,0.2924623966890842,-2.0437086685287618,2.6286334619069303,-4.379879733746608,4.964804527124776,0.6127446886067638,0.6170055423874641
EQT,0.6108526022685903,0.7075914609844807,0.5407448107929596,0.42564251648027407,True,True,79,75,1.159120023774804,1.3975286458552871,1.7399206348217695,0.0732825906636761,-1.6666380441580935,1.8132032254854455,-3.406558678979863,3.553123860307215,0.6298139008247134,0.5576975420012387
EOG,0.411740097801973,0.4115323945032619,0.8023397096336441,0.8025294981475231,True,True,82,81,0.7873687459805173,0.7918096446204974,2.2155500524863636,0.07457152104939625,-2.1409785314369674,2.29012157353576,-4.356528583923331,4.5056716260221235,0.7982931526592734,0.7982604586177494
DVN,0.42129892149170106,0.42511466411970855,0.8285003277356882,0.8280255724061594,True,True,79,79,0.8041650787117749,0.8083026827615291,2.6045630284524104,0.13210507850152306,-2.472457949950887,2.7366681069539336,-5.077020978403298,5.3412311354063435,0.8528764609997708,0.8526008186826652
