,mae,mae_main_etf,r2_score,r2_score_main_etf,chisquare_normal,chisquare_normal_main_etf,n_days_error_bt_mae,n_days_error_bt_main_etf_mae,mean_abs_diff_when_bt_mae,mean_abs_diff_when_bt_main_etf_mae,stock_std,mean,lower_sigma,upper_sigma,lower_two_sigma,upper_two_sigma,r2_score_full,r2_score_main_etf_full
CNX,0.5715409479655075,0.6145134698525411,0.7218429891518139,0.6609237651557716,True,True,91,78,0.9726694110270715,1.140468081945392,1.8113685904580867,0.03906577654973907,-1.7723028139083477,1.8504343670078258,-3.5836714043664344,3.6618029574659126,0.7188031483444607,0.6884193192929196
EOG,0.41029070389003414,0.41028278863147233,0.8146217120130468,0.8145563350495064,True,True,81,81,0.7873990585966443,0.787351569748019,2.216848985751018,0.06314234290566886,-2.153706642845349,2.2799913286566866,-4.3705556285963665,4.496840314407705,0.8004230806354155,0.8004109176687274
AR,0.7037904205215298,0.7323790391589198,0.6937882830820127,0.6683801515467804,True,True,76,86,1.3396434977408596,1.3523842019706427,2.3444524725440665,0.27495032217990684,-2.0695021503641597,2.6194027947239733,-4.413954622908226,4.96385526726804,0.6164945705189877,0.6213742476268147
RRC,0.7316630126848614,0.8594665546392911,0.6702605910986106,0.573834130716002,True,True,76,75,1.4325394079433573,1.6495215061404305,2.266900840956281,0.09595031301268102,-2.1709505279436003,2.362851153968962,-4.4378513688998815,4.629751994925243,0.7149752509017495,0.6395443387344075
EQT,0.6147544681892095,0.6990918497275062,0.5591353527937513,0.4785644493687119,True,True,77,76,1.1994987068178138,1.3691155093819902,1.7491201258272369,0.06363414626370129,-1.6854859795635355,1.8127542720909382,-3.4346061053907726,3.561874397918175,0.6329664678122793,0.5633226517950556
DVN,0.4221335113910563,0.42472188277800393,0.8405019680959128,0.8403848696896252,True,True,81,81,0.7991828889236482,0.8020590532536258,2.6086061533529783,0.11755744470352779,-2.4910487086494504,2.726163598056506,-5.099654862002429,5.3347697514094845,0.8547802416796999,0.8545629636252456
