,mae,mae_main_etf,r2_score,r2_score_main_etf,chisquare_normal,chisquare_normal_main_etf,n_days_error_bt_mae,n_days_error_bt_main_etf_mae,mean_abs_diff_when_bt_mae,mean_abs_diff_when_bt_main_etf_mae,stock_std,mean,lower_sigma,upper_sigma,lower_two_sigma,upper_two_sigma,r2_score_full,r2_score_main_etf_full
RRC,0.6934354235281902,0.8462946974492532,0.6735510225175094,0.5422456617524052,True,True,74,73,1.351914256201617,1.6377190828313732,2.254450399631237,0.10722481739220253,-2.1472255822390345,2.361675217023439,-4.401675981870271,4.616125616654676,0.7175414797974455,0.6373967417952799
SWN,0.6447891228273773,0.6835145696815967,0.6319434264314818,0.5544444114987825,True,True,90,85,1.1275764597626465,1.2555737649575813,2.0242679805370214,0.14537850687583484,-1.8788894736611865,2.169646487412856,-3.903157454198208,4.193914467949877,0.640930496976678,0.5805616216286421
DVN,0.4147405161377546,0.4184990888452646,0.8289348595824113,0.8284737137382155,True,True,79,81,0.7965289888929047,0.7918030416216805,2.6004140116192866,0.1285161562125289,-2.4718978554067577,2.7289301678318156,-5.072311867026045,5.329344179451102,0.8530525521264917,0.8527731636949938
AR,0.6696163024215815,0.7118497676774361,0.6859985762907044,0.6369949792549049,True,True,80,85,1.2327214130173292,1.3125841448566409,2.329143797349144,0.28398775532833365,-2.0451560420208104,2.613131552677477,-4.374299839369954,4.942275350026621,0.6138441887560944,0.6171859530341415
CNX,0.5639879498072696,0.6147010734960342,0.7120928766417962,0.6469865555148204,True,True,89,79,0.9741764480894229,1.1279369029248434,1.806671624229516,0.04410929343352062,-1.7625623307959954,1.8507809176630365,-3.569233955025511,3.6574525418925528,0.7164658143805804,0.6852705417769294
EQT,0.6074100322044963,0.707479403972334,0.5459684288955904,0.4319954720466652,True,True,78,76,1.1609963234532619,1.3850177477941792,1.7393712417557252,0.07210622398256429,-1.667265017773161,1.8114774657382895,-3.406636259528886,3.5508487074940147,0.6304232749428025,0.5572406383018361
EOG,0.4109475646612877,0.4109827587837207,0.8014871301871358,0.8014502896598381,True,True,81,81,0.7880164799688356,0.7880244053161676,2.2130048278331094,0.07312288266176112,-2.139881945171348,2.2861277104948705,-4.352886773004458,4.49913253832798,0.7982554963878028,0.798233402010109
