,mae,mae_main_etf,r2_score,r2_score_main_etf,chisquare_normal,chisquare_normal_main_etf,n_days_error_bt_mae,n_days_error_bt_main_etf_mae,mean_abs_diff_when_bt_mae,mean_abs_diff_when_bt_main_etf_mae,stock_std,mean,lower_sigma,upper_sigma,lower_two_sigma,upper_two_sigma,r2_score_full,r2_score_main_etf_full
DVN,0.42653687540765517,0.4291944083214253,0.8458508891139133,0.8454744727946489,True,True,81,78,0.805976594529263,0.824410255974365,2.6070538463882365,0.11837549278378763,-2.488678353604449,2.725429339172024,-5.0957321999926855,5.33248318556026,0.855306816061196,0.8550782158047665
EQT,0.610099809963595,0.7007013208779223,0.5621829474743446,0.4761316911180169,True,True,80,76,1.1722615417068845,1.3770532345628639,1.7464313047554982,0.06319738919393933,-1.683233915561559,1.8096286939494375,-3.429665220317057,3.556059998704936,0.6335952171148098,0.5630278502423856
RRC,0.7336146836024008,0.8651885612630044,0.6721723636821824,0.5665440396628032,True,True,77,74,1.431468912671941,1.6901770381057932,2.264835053208457,0.09655222526975772,-2.168282827938699,2.361387278478215,-4.433117881147156,4.626222331686671,0.7152353706465773,0.6378567027982049
AR,0.6968495218987435,0.7242887731362649,0.6973103285845415,0.6726391962069198,True,True,76,88,1.3274610279064032,1.3285265494166683,2.340975182972518,0.27883480148451983,-2.062140381487998,2.6198099844570377,-4.403115564460516,4.960785167429555,0.6168622654197894,0.6217987560912737
CNX,0.5747507634418454,0.6213680969624268,0.7232349189868119,0.6570485094625093,True,True,93,79,0.9752428803856957,1.1555228443930639,1.8127674813244674,0.04239132600102177,-1.7703761553234456,1.8551588073254892,-3.5831436366479132,3.6679262886499564,0.7185661333263569,0.6873489197588625
EOG,0.4140932645008418,0.41411187019392853,0.8205654704062401,0.820515408967156,True,True,83,83,0.7905039331911634,0.7905533497507573,2.2177962184025315,0.0717853521943947,-2.1460108662081367,2.2895815705969262,-4.363807084610668,4.507377788999458,0.8015192597071855,0.8014661797845448
