,mae,mae_main_etf,r2_score,r2_score_main_etf,chisquare_normal,chisquare_normal_main_etf,n_days_error_bt_mae,n_days_error_bt_main_etf_mae,mean_abs_diff_when_bt_mae,mean_abs_diff_when_bt_main_etf_mae,stock_std,mean,lower_sigma,upper_sigma,lower_two_sigma,upper_two_sigma,r2_score_full,r2_score_main_etf_full
CNX,0.5975641846344489,0.6372606837583358,0.6244610729871389,0.5787402203664276,True,True,88,76,1.0604448649453215,1.225944654729471,1.8071497501230558,0.04983676445459341,-1.7573129856684624,1.8569865145776492,-3.564462735791518,3.664136264700705,0.7204424515167765,0.6873110802190311
EOG,0.4114619061451015,0.411905559118867,0.8256297410191824,0.8249597070013603,True,True,84,83,0.7796450573739361,0.7848534451608855,2.2155011081249047,0.07735432751798407,-2.1381467806069208,2.2928554356428887,-4.3536478887318255,4.5083565437677935,0.8016780546017304,0.801578400881811
RRC,0.7294588968751372,0.863004984360355,0.6648757180439657,0.5604715836043974,True,True,77,75,1.4326359574860206,1.6735887939973841,2.2629372742477787,0.10024883693641391,-2.1626884373113646,2.3631861111841928,-4.425625711559143,4.626123385431971,0.7159392541906744,0.6366917126406424
SWN,0.6796475182675752,0.6692150030176665,0.6064862228767092,0.5980699790643068,True,True,90,87,1.1959908390998142,1.21647964839581,2.0261219153606516,0.1398844757640052,-1.8862374395966464,2.1660063911246565,-3.9123593549572977,4.1921283064853085,0.6421099244015733,0.5856129977201147
DVN,0.42610279007313606,0.4283749608298894,0.8451489153355498,0.8449762964975117,True,True,82,78,0.8026506110796169,0.8250238080915787,2.602740892698484,0.12303319934391807,-2.4797076933545656,2.725774092042402,-5.08244858605305,5.3285149847408855,0.8553385573353335,0.8551237700862204
EQT,0.6097010411170385,0.7029607128578831,0.5484149230708982,0.46481541397561066,True,True,77,78,1.2010478555771296,1.365183697466247,1.7444620296465112,0.06416464338873426,-1.680297386257777,1.8086266730352454,-3.4247594159042882,3.5530887026817566,0.633029155122432,0.5604041474349352
AR,0.7019344863972252,0.7331353718212512,0.6920051310177544,0.6592369337069754,True,True,78,86,1.3206079676518125,1.3647373703296,2.3435753655736433,0.2762994552498854,-2.067275910323758,2.6198748208235285,-4.410851275897401,4.963450186397172,0.6185706753854952,0.6206813971372469
