,mae,mae_main_etf,r2_score,r2_score_main_etf,chisquare_normal,chisquare_normal_main_etf,n_days_error_bt_mae,n_days_error_bt_main_etf_mae,mean_abs_diff_when_bt_mae,mean_abs_diff_when_bt_main_etf_mae,stock_std,mean,lower_sigma,upper_sigma,lower_two_sigma,upper_two_sigma,r2_score_full,r2_score_main_etf_full
EQT,0.6106321908359723,0.7067331505922334,0.5524607928038081,0.44823387846613494,True,True,80,76,1.1606774549098202,1.3824442122436604,1.7402888333668087,0.07191357829850306,-1.6683752550683058,1.8122024116653117,-3.4086640884351143,3.5524912450321207,0.6314683632989176,0.5585028717476349
AR,0.6888200986533768,0.7265336066274243,0.6855029023650885,0.6384438288651009,True,True,78,86,1.2839858268072968,1.3405309166442485,2.327111349023631,0.2900213865169497,-2.037089962506681,2.6171327355405807,-4.364201311530312,4.944244084564211,0.6135437131041316,0.6165612694774252
CNX,0.5747043635227881,0.6180809214115613,0.7139354026207447,0.65148842762877,True,True,91,79,0.9796230954498237,1.1409419509606649,1.8072812305941723,0.04629533839217273,-1.7609858922019996,1.853576568986345,-3.568267122796172,3.6608577995805174,0.716986457951784,0.6857543981812126
RRC,0.7143800981716005,0.8580355764606764,0.6677057051257353,0.5551867615310639,True,True,74,75,1.412936000385735,1.6454125201803085,2.253221329231115,0.1139300023374665,-2.1392913268936486,2.3671513315685817,-4.392512656124764,4.620372660799696,0.7169410923493504,0.6369240745325608
DVN,0.4237128612759778,0.42667518555539075,0.8304236406017278,0.8302285399040327,True,True,81,79,0.7994610471510277,0.8117808894653397,2.5988707197077576,0.12860395793462606,-2.4702667617731318,2.7274746776423835,-5.069137481480889,5.326345397350141,0.853294442965713,0.8530653459394907
EOG,0.4146938554854584,0.4147108337148938,0.8020744020588289,0.8020144454575274,True,True,83,83,0.7837394073672811,0.7837188069468352,2.2092718731520673,0.0726718684557708,-2.1366000046962963,2.2819437416078383,-4.345871877848364,4.491215614759906,0.7984965677640493,0.7984823329107346
