,mae,mae_main_etf,r2_score,r2_score_main_etf,chisquare_normal,chisquare_normal_main_etf,n_days_error_bt_mae,n_days_error_bt_main_etf_mae,mean_abs_diff_when_bt_mae,mean_abs_diff_when_bt_main_etf_mae,stock_std,mean,lower_sigma,upper_sigma,lower_two_sigma,upper_two_sigma,r2_score_full,r2_score_main_etf_full
DVN,0.4213916411727328,0.4237719304552166,0.8447221050377686,0.8444802702244543,True,True,80,80,0.808616160868166,0.8118928515482915,2.602625917460356,0.11497597924714453,-2.4876499382132113,2.7176018967075004,-5.090275855673568,5.320227814167856,0.8563413487486222,0.8561267860612889
SWN,0.6768067110818886,0.670479264371248,0.6026750743149829,0.5927721972276798,True,True,91,86,1.1929104449970003,1.2251997531527574,2.0246633655284825,0.13974538332896375,-1.8849179821995188,2.164408748857446,-3.9095813477280013,4.189072114385929,0.6416768859781401,0.5851220343744099
CNX,0.5988807819050218,0.635437471996894,0.623557519789693,0.5786459050367517,True,True,88,77,1.056396786849566,1.21352737341889,1.8096334031238468,0.046176588462162715,-1.763456814661684,1.8558099915860096,-3.573090217785531,3.665443394709856,0.7179291996416202,0.686695021381702
AR,0.7076901182621298,0.7336984766988318,0.6858378665625549,0.6554185426682189,True,True,76,86,1.3406228581685398,1.3584899746145473,2.337504522518449,0.2834901251114223,-2.054014397407027,2.620994647629871,-4.391518919925476,4.95849917014832,0.6171890683081175,0.619226011996572
EQT,0.6105948743666354,0.6971697494034288,0.5407626566378287,0.46288214988903753,True,True,75,77,1.2173659361589733,1.356180448594201,1.7435747887463293,0.06427807763591047,-1.679296711110419,1.8078528663822397,-3.422871499856748,3.551427655128569,0.6331559448595432,0.5604741314616573
EOG,0.4137526846934223,0.41421032389857404,0.8220558382638208,0.8214935992314352,True,True,82,82,0.7943383563509214,0.795127072682695,2.2135480316084637,0.07753866786835326,-2.1360093637401105,2.291086699476817,-4.349557395348574,4.504634731085281,0.8017633188270427,0.8016672240381764
RRC,0.7248145052255026,0.8562393318003635,0.6623717544540482,0.5583447874881842,True,True,76,74,1.4368942317967772,1.6737779741921652,2.260453933297754,0.10136283948359391,-2.15909109381416,2.3618167727813475,-4.419545027111914,4.622270706079101,0.7162832961337002,0.6370312766141709
