,mae,mae_main_etf,r2_score,r2_score_main_etf,chisquare_normal,chisquare_normal_main_etf,n_days_error_bt_mae,n_days_error_bt_main_etf_mae,mean_abs_diff_when_bt_mae,mean_abs_diff_when_bt_main_etf_mae,stock_std,mean,lower_sigma,upper_sigma,lower_two_sigma,upper_two_sigma,r2_score_full,r2_score_main_etf_full
CNX,0.5747043635228027,0.6180809214115482,0.7139354026207343,0.6514884276287813,True,True,91,79,0.9796230954498453,1.1409419509606449,1.8072812305941723,0.04629533839217273,-1.7609858922019996,1.853576568986345,-3.568267122796172,3.6608577995805174,0.7169864579517855,0.6857543981812132
AR,0.6888200986533771,0.726533606628614,0.6855029023650878,0.6384438288641021,True,True,78,86,1.2839858268072981,1.340530916646498,2.327111349023631,0.29002138651694975,-2.037089962506681,2.6171327355405807,-4.364201311530312,4.944244084564211,0.6135437131041319,0.6165612694774254
DVN,0.42371286127594815,0.42667518555536993,0.8304236406017941,0.8302285399040574,True,True,81,79,0.7994610471508097,0.8117808894652427,2.5988707197077576,0.12860395793462603,-2.4702667617731318,2.7274746776423835,-5.069137481480889,5.326345397350141,0.8532944429657128,0.8530653459394912
RRC,0.7143800981716206,0.8580355764618776,0.66770570512572,0.555186761529826,True,True,74,75,1.4129360003857694,1.6454125201824852,2.253221329231115,0.1139300023374665,-2.1392913268936486,2.3671513315685817,-4.392512656124764,4.620372660799696,0.7169410923493518,0.6369240745325608
EOG,0.41469385548545873,0.41471083371489087,0.8020744020588281,0.8020144454575295,True,True,83,83,0.7837394073672808,0.7837188069468339,2.2092718731520673,0.07267186845577078,-2.1366000046962963,2.2819437416078383,-4.345871877848364,4.491215614759906,0.7984965677640493,0.7984823329107353
EQT,0.6106321908361103,0.7067331505922441,0.5524607928037195,0.4482338784661263,True,True,80,76,1.1606774549099934,1.382444212243677,1.7402888333668087,0.07191357829850305,-1.6683752550683058,1.8122024116653117,-3.4086640884351143,3.5524912450321207,0.6314683632989184,0.5585028717476345
