,mae,mae_main_etf,r2_score,r2_score_main_etf,chisquare_normal,chisquare_normal_main_etf,n_days_error_bt_mae,n_days_error_bt_main_etf_mae,mean_abs_diff_when_bt_mae,mean_abs_diff_when_bt_main_etf_mae,stock_std,mean,lower_sigma,upper_sigma,lower_two_sigma,upper_two_sigma,r2_score_full,r2_score_main_etf_full
AR,0.7076901182621727,0.7336984766925171,0.6858378665625202,0.6554185426735475,True,True,76,86,1.3406228581686128,1.3584899746023191,2.337504522518449,0.2834901251114223,-2.054014397407027,2.620994647629871,-4.391518919925476,4.95849917014832,0.6171890683081174,0.6192260119965725
SWN,0.6768067110818637,0.6704792643712191,0.6026750743149991,0.5927721972277022,True,True,91,86,1.1929104449969536,1.2251997531527066,2.0246633655284825,0.13974538332896377,-1.8849179821995188,2.164408748857446,-3.9095813477280013,4.189072114385929,0.6416768859781399,0.5851220343744101
DVN,0.42139164117274075,0.42377193045521855,0.8447221050377283,0.8444802702244316,True,True,80,80,0.8086161608683307,0.811892851548388,2.602625917460356,0.1149759792471445,-2.4876499382132113,2.7176018967075004,-5.090275855673568,5.320227814167856,0.8563413487486222,0.8561267860612891
EQT,0.6105948743665967,0.6971697494034109,0.5407626566378536,0.4628821498890511,True,True,75,77,1.2173659361589562,1.356180448594176,1.7435747887463293,0.06427807763591044,-1.679296711110419,1.8078528663822397,-3.422871499856748,3.551427655128569,0.6331559448595431,0.5604741314616561
RRC,0.7248145052254579,0.8562393317949102,0.6623717544540932,0.5583447874930079,True,True,76,74,1.436894231796698,1.6737779741832186,2.260453933297754,0.10136283948359391,-2.15909109381416,2.3618167727813475,-4.419545027111914,4.622270706079101,0.7162832961337011,0.6370312766141701
EOG,0.41375268469342913,0.4142103238985755,0.822055838263809,0.8214935992314321,True,True,82,82,0.794338356350933,0.7951270726826972,2.2135480316084637,0.07753866786835326,-2.1360093637401105,2.291086699476817,-4.349557395348574,4.504634731085281,0.8017633188270427,0.8016672240381764
CNX,0.5988807819051088,0.6354374719969001,0.6235575197896499,0.5786459050367478,True,True,88,77,1.0563967868496744,1.2135273734188987,1.8096334031238466,0.04617658846216271,-1.7634568146616838,1.8558099915860093,-3.5730902177855306,3.6654433947098557,0.7179291996416203,0.6866950213817022
