,mae,mae_main_etf,r2_score,r2_score_main_etf,chisquare_normal,chisquare_normal_main_etf,n_days_error_bt_mae,n_days_error_bt_main_etf_mae,mean_abs_diff_when_bt_mae,mean_abs_diff_when_bt_main_etf_mae,stock_std,mean,lower_sigma,upper_sigma,lower_two_sigma,upper_two_sigma,r2_score_full,r2_score_main_etf_full
DVN,0.42139164117273925,0.42377193045521727,0.8447221050377336,0.8444802702244464,True,True,80,80,0.808616160868308,0.8118928515483255,2.602625917460356,0.1149759792471445,-2.4876499382132113,2.7176018967075004,-5.090275855673568,5.320227814167856,0.8563413487486233,0.8561267860612887
CNX,0.5988807819050579,0.6354374719968248,0.6235575197896726,0.5786459050367958,True,True,88,77,1.0563967868496194,1.2135273734187901,1.8096334031238466,0.046176588462162736,-1.7634568146616838,1.8558099915860093,-3.5730902177855306,3.6654433947098557,0.7179291996416206,0.6866950213817015
EQT,0.6105948743665955,0.6971697494033954,0.5407626566378538,0.46288214988906273,True,True,75,77,1.2173659361589628,1.356180448594154,1.7435747887463293,0.06427807763591044,-1.679296711110419,1.8078528663822397,-3.422871499856748,3.551427655128569,0.6331559448595431,0.5604741314616566
SWN,0.6768067110818813,0.670479264371262,0.6026750743149989,0.592772197227669,True,True,91,86,1.1929104449969843,1.2251997531527814,2.0246633655284825,0.13974538332896375,-1.8849179821995188,2.164408748857446,-3.9095813477280013,4.189072114385929,0.6416768859781392,0.5851220343744102
AR,0.707690118262071,0.733698476695338,0.685837866562612,0.655418542671167,True,True,76,86,1.3406228581684096,1.3584899746077819,2.337504522518449,0.2834901251114223,-2.054014397407027,2.620994647629871,-4.391518919925476,4.95849917014832,0.6171890683081175,0.619226011996572
EOG,0.4137526846934334,0.4142103238985718,0.8220558382638175,0.8214935992314402,True,True,82,82,0.7943383563509409,0.7951270726826912,2.2135480316084637,0.07753866786835326,-2.1360093637401105,2.291086699476817,-4.349557395348574,4.504634731085281,0.8017633188270429,0.8016672240381764
RRC,0.7248145052254329,0.8562393317941654,0.6623717544541201,0.5583447874936668,True,True,76,74,1.4368942317966564,1.6737779741819965,2.260453933297754,0.10136283948359393,-2.15909109381416,2.3618167727813475,-4.419545027111914,4.622270706079101,0.7162832961336998,0.6370312766141701
