,XOP,UNG
DVN,0.9257478457490541,0.14040737000459247
SWN,0.7649393092663956,0.3848289851666245
CNX,0.8295715676597848,0.3384996702812512
AR,0.7880167314310909,0.3079489927587373
EQT,0.7493517316494172,0.44924881649966447
EOG,0.8959376199775797,0.13972870330071965
RRC,0.7987376346953476,0.427872525830666
