,XOP,UNG
CNX,0.6352508925518376,0.20737522676293485
EOG,0.8472183624447354,0.08540443518173532
RRC,0.7583647329761696,0.3411983721626279
SWN,0.6519083031845154,0.28065647185035303
DVN,1.026646342548885,0.10418621684633929
EQT,0.5499974787443859,0.25887144648101607
AR,0.7559245593330449,0.23042595311954886
