,XOP,UNG
EOG,0.8378148679768229,0.10876205156029357
SWN,0.6405164104148957,0.314456750219747
DVN,1.0156149967693342,0.1205886691833984
CNX,0.6190049083742637,0.22798095720738618
EQT,0.5386113144789001,0.2777387686578026
RRC,0.7451847655163921,0.3701823325138503
AR,0.7378448478292292,0.25439153678101195
