,DVN,CNX,EQT,SWN,AR,EOG,RRC
DVN,1,0.7971669377407424,0.7791479264909736,0.7911394392248148,0.7073396981738272,0.9281281681833621,0.7464056177808008
CNX,0.8125267278625921,1,0.8147908890339343,0.8045380340869195,0.7032217382619911,0.8303515530297959,0.8133846560288875
EQT,0.7555300244609457,0.7856868145919768,1,0.7713638928362713,0.6773064226232108,0.7704549145787043,0.760407314297824
SWN,0.7529557461341216,0.7643017816378483,0.754102712105352,1,0.6392779139535039,0.7320939839557872,0.7843992205181491
AR,0.7371741960961242,0.7465130301843127,0.7362703730135491,0.7543419158683485,1,0.70770651937412,0.7874043281749407
EOG,0.9292504130078472,0.7998027158134335,0.7931498180203297,0.7781702277378605,0.6675430647749179,1,0.739112833912642
RRC,0.7425576170494308,0.7845561829901009,0.7717151090443202,0.8158168213791426,0.727407198768189,0.7102407877661792,1
