,SWN,RRC,CNX,AR,EQT,EOG,DVN
SWN,1,0.6794823943525684,0.8217462514593358,0.4952133274011353,0.7825296871923456,0.6316948516767669,0.5578779939477609
RRC,0.8528087984453698,1,0.939022874638608,0.6210069979057976,0.8891751323871558,0.6862341536309262,0.6075298533134476
CNX,0.6692801276536379,0.613235721522335,1,0.47849617911467673,0.7762906922684951,0.645657454670385,0.5356923252453145
AR,0.7264092236777215,0.7101906026195064,0.8457309840021626,1,0.8117971588120863,0.6717241390899598,0.6097565578890574
EQT,0.6115718488983147,0.5577498312748266,0.7211246588423798,0.4446910936625263,1,0.5706834619709764,0.47565711910376646
EOG,0.7511501414501613,0.6540059392753224,0.9171381114779036,0.5543467065685457,0.8875222524119291,1,0.7673038836886222
DVN,0.8871924948009228,0.7650552503789532,1.0453724813158443,0.6751578731153018,0.9671937914111666,1.0492646612035734,1
