,AR,EQT,RRC,SWN,CNX,EOG,DVN
AR,1,0.7316202452025111,0.7820683420842278,0.7569437780099494,0.7559439531936734,0.7062253536851009,0.7353988935326312
EQT,0.6703156450722919,1,0.7561674443171792,0.7700483436847289,0.7876985414173177,0.7711050178670683,0.7536309855861922
RRC,0.7218745036714718,0.7688227035162706,1,0.8156687554408387,0.7928686621002489,0.7106438166767356,0.7418365364496997
SWN,0.6341840485531174,0.750524165712229,0.7821884966201019,1,0.7685171117577947,0.7291634557243172,0.7494230013797681
CNX,0.6984334497453357,0.8106702142861243,0.8114690749165688,0.8008977444886561,1,0.8304254254531467,0.8111947433192049
EOG,0.6649744131752036,0.7944445407063571,0.7420706493100908,0.7770846666276082,0.8090570339129454,1,0.9287639211734506
DVN,0.703236225220461,0.7765314691843046,0.7458674235236976,0.7883631650386271,0.8059319349962403,0.9274669129279961,1
