,CNX,EOG,RRC,SWN,DVN,EQT,AR
CNX,1,0.6480050469047567,0.6142627917639614,0.6739957270176438,0.538537464343123,0.7814055788525046,0.4825291768534637
EOG,0.9021207053098691,1,0.6481712354240363,0.7547136610481842,0.7679365844038589,0.8869201866454846,0.5557266113043564
RRC,0.9218588620564505,0.6888471833789995,1,0.8579653983862038,0.6105704092640953,0.898505565038951,0.6274864911504779
SWN,0.8101804330297034,0.6362767385170442,0.6791873674527888,1,0.5618410449451672,0.7860983869575668,0.49818750264918
DVN,1.0271019272558317,1.0504965713066001,0.7590528616011409,0.8916534997725172,1,0.9700267980316236,0.677051100499087
EQT,0.7167342669065866,0.5724944328398003,0.5605866796142717,0.6139673463313249,0.47826983339072576,1,0.4497395224433007
AR,0.8372013650790477,0.6800592564008572,0.7156012145740284,0.735069716698814,0.616960932462904,0.8266597700351379,1
