,AR,EQT,RRC,SWN,CNX,EOG,DVN
AR,1,0.8116637249810695,0.7099664804390634,0.7264611157566002,0.8456669462508092,0.6717635352006471,0.609742174222829
EQT,0.4447780683222617,1,0.5578360756086899,0.6116877781824285,0.7212807872020968,0.5707710513406784,0.47562880277158504
RRC,0.6211432493093341,0.8894824946278249,1,0.8529815449200273,0.9392840237771778,0.6863664983468712,0.6074886130061669
SWN,0.49523411255008243,0.7823180134221415,0.679207163933263,1,0.8216069692784673,0.6317157019917363,0.5578666757462474
CNX,0.4785742805164865,0.7763513392800814,0.6132312011050072,0.6693762067933328,1,0.645729633209357,0.5356701047713681
EOG,0.5543599150698839,0.887252681998748,0.6537276347080607,0.7511625201628438,0.9169423715772195,1,0.7672946832704368
DVN,0.6751183482414916,0.9666627362195646,0.7644992541931276,0.8871314418540422,1.0449616317940438,1.0492206524875147,1
