,XOP,UNG
EOG,0.8877534093920533,0.1685470267467974
SWN,0.7575938593058178,0.4055477360392754
DVN,0.9172016570556779,0.15197383917219137
CNX,0.8196538235564103,0.3486290475919863
EQT,0.7433585346212747,0.4645756438685722
RRC,0.7928664787380999,0.43980756711573415
AR,0.7800054190575912,0.3232436129271615
