,XOP,UNG
AR,0.7864099664583541,0.33104362288548467
EQT,0.747218836974407,0.47253267963695494
RRC,0.7989886793543284,0.4514983760195059
SWN,0.7619163410812342,0.41155993629116683
CNX,0.8291954617977916,0.36004694771756596
EOG,0.8942450032155963,0.18050588403252796
DVN,0.9239036013004619,0.16344203594332274
