,CNX,EOG,RRC,SWN,DVN,EQT,AR
CNX,1,0.8304543397878205,0.8133036769772652,0.8043682308371187,0.8126939542314997,0.8145792222632566,0.7032429983913234
EOG,0.7998454765391738,1,0.7392696298566949,0.7783791815003217,0.9294825418222691,0.7932697362305512,0.6676959858934194
RRC,0.7844106262732389,0.7103438518507768,1,0.8157626480100363,0.7424913444294495,0.7716129195639488,0.7273363642222378
SWN,0.7640895797952507,0.7322374848731348,0.7843509464371649,1,0.7528046312863673,0.7537118498884748,0.6393206118404419
DVN,0.7973670959384158,0.9281701847824866,0.7458891441049579,0.7902064508440072,1,0.7786309014047686,0.7069828229016349
EQT,0.7854484751753812,0.7705790298416805,0.7603595715492553,0.7710262037555589,0.7554652239612922,1,0.6774473540009284
AR,0.7472247008201018,0.7081184129428579,0.7878974235293376,0.75482137097192,0.7377166963104727,0.7352624249436565,1
