,EOG,AR,EQT,DVN,RRC,CNX
EOG,1,0.667527013702444,0.794102889970537,0.929447840908455,0.7391487511460086,0.8092758426982243
AR,0.7082068263525211,1,0.7358530219243257,0.7378319411467056,0.7873521909776298,0.7595204284029223
EQT,0.7713853830142641,0.6777212554811454,1,0.7561115251878349,0.7607636416684241,0.7901209161181757
DVN,0.9281309985358722,0.7068177186507031,0.7793072634127081,1,0.7457354769704364,0.8067709373238907
RRC,0.7103351739214185,0.7267704831172674,0.7720893057260527,0.742529551801453,1,0.7944146509786123
CNX,0.8301186695280476,0.7023096941261149,0.8125978043223144,0.8126883060605417,0.8126298140267758,1
