,XOP,UNG
CNX,0.8290656133967361,0.3623712363810705
RRC,0.7984758137491452,0.4536299927472665
EOG,0.8942675610022134,0.18190092446109765
DVN,0.9239224155064746,0.16480591214592533
AR,0.7861711867595195,0.32861736065987435
SWN,0.7619416450354883,0.4130226916740615
EQT,0.747155066993197,0.4745384641926994
