,XOP,UNG
AR,0.7529753291261857,0.22993170752539555
SWN,0.6504619867468234,0.28093591053299527
DVN,1.0253079767039242,0.10552021255109369
EQT,0.5490853428305527,0.2592388393620329
RRC,0.7567980278027127,0.34144404783220567
EOG,0.8454929982188426,0.08598488467150536
CNX,0.6337477430069188,0.2114380958194481
