,CNX,EOG,AR,RRC,EQT,DVN
CNX,1,0.8322440513224589,0.7027324640723692,0.8125241812478251,0.8144637065421636,0.8131175671886272
EOG,0.8108353174038812,1,0.6694285414986305,0.7426787008294835,0.7973895625820532,0.9294827227935593
AR,0.7578007836469628,0.709727438342662,1,0.7861794365875153,0.735996750205362,0.7382373998344358
RRC,0.7936046247169577,0.7128970663518567,0.7259726248375021,1,0.7713878701893285,0.7438959558554298
EQT,0.7906119028923106,0.7736972345188786,0.6765315306803155,0.7599328928552366,1,0.7571890325481914
DVN,0.8079686479400469,0.9281558759558084,0.7078563579227393,0.7478993579109212,0.7806106696158767,1
