,XOP,UNG
EQT,0.5524653237045125,0.26882142414528504
CNX,0.6356742872582335,0.22359643417730826
AR,0.7564534786574069,0.23642523446615213
EOG,0.8467902218001628,0.10508982242234693
DVN,1.0274616385026352,0.11532922850932505
RRC,0.7608185310978619,0.3527204238958199
