,XOP,UNG
CNX,0.8308001573192091,0.34875838591517155
EOG,0.8954340871458675,0.1671289600246172
AR,0.7892131091578551,0.3079292619005407
RRC,0.8003745268865655,0.42962917215303664
EQT,0.7512348103978724,0.45299955117452617
DVN,0.9249456491944021,0.15018466869705682
