,XOP,UNG
DVN,0.925228786312869,0.14356865272214864
EQT,0.7511223042466018,0.44755150810131133
RRC,0.7993783897966398,0.4264562470376551
AR,0.7894853165563478,0.3009216114028729
CNX,0.8301598798415911,0.34235357390775545
EOG,0.8959551032223931,0.14820479660969738
