,DVN,SWN,CNX,AR,EQT,EOG,RRC
DVN,1,0.8930301479747295,1.0280805802469286,0.6784387984834039,0.9716323029704789,1.0508051721904503,0.7606342298117953
SWN,0.5622126674822938,1,0.8104086036980829,0.49843059243020815,0.7864678087685285,0.636286038708805,0.6794982504696057
CNX,0.5387148642064449,0.674242922859288,1,0.4828239617710662,0.7815999582705438,0.6480981113593465,0.6146371487086422
AR,0.6157046472840846,0.732958892281459,0.8350825430892916,1,0.8251468988284772,0.6783126110653651,0.7142343528631774
EQT,0.478647502751192,0.6144496512072304,0.7171165855746235,0.4500022070197381,1,0.5726565323039404,0.5609792311857147
EOG,0.7679758459991484,0.7545063115551821,0.9019577527121955,0.5558391438713554,0.8866089101098369,1,0.648251833417103
RRC,0.6106835714741184,0.857744145668023,0.9216904461263989,0.6276653562556187,0.8982058153441641,0.6886321152699253,1
