,XOP,UNG
DVN,1.0253079767039242,0.1055202125510937
SWN,0.6504619867468231,0.2809359105329953
CNX,0.6337477430069183,0.21143809581944809
AR,0.752975329126186,0.2299317075253955
EQT,0.5490853428305527,0.2592388393620329
EOG,0.8454929982188427,0.08598488467150543
RRC,0.7567980278027132,0.3414440478322058
