,RRC,SWN,DVN,AR,CNX,EQT,EOG
RRC,1,0.852993064352097,0.6078204118968406,0.6212898481902708,0.9392421966842207,0.8893778569385153,0.6865830867683576
SWN,0.679530031584649,1,0.5581937918820447,0.4955939431860194,0.8218992838805093,0.7826312506606005,0.6320728163019496
DVN,0.7642116953905276,0.8863906834558639,1,0.674933297719776,1.043834648921147,0.9654638999415862,1.0487981224405718
AR,0.7102518838774745,0.7267332709098178,0.6101896554280667,1,0.8458826388419802,0.8118890293602097,0.6720897769195701
CNX,0.6135504321118199,0.6696859200074802,0.5359047927196287,0.4789038946818165,1,0.7765616646754643,0.6460400382089694
EQT,0.5582536736558962,0.6121608549403849,0.4759397567415708,0.4452114815578965,0.7217181633471347,1,0.5711737451643761
EOG,0.6538516924052579,0.7511327189866096,0.7675832658907512,0.5544744628901523,0.9167745216687245,0.886960833614609,1
