,DVN,CNX,EQT,SWN,AR,EOG,RRC
DVN,1,1.0280805802469282,0.9716323029704796,0.8930301479747293,0.6784387984834037,1.0508051721904503,0.7606342298117952
CNX,0.5387148642064448,1,0.7815999582705452,0.6742429228592882,0.48282396177106646,0.6480981113593479,0.6146371487086418
EQT,0.47864750275119206,0.7171165855746235,1,0.6144496512072309,0.45000220701973814,0.5726565323039404,0.5609792311857148
SWN,0.5622126674822935,0.8104086036980831,0.7864678087685285,1,0.49843059243020765,0.6362860387088056,0.6794982504696059
AR,0.6157046472840849,0.8350825430892914,0.8251468988284777,0.7329588922814588,1,0.6783126110653648,0.7142343528631768
EOG,0.767975845999148,0.9019577527121952,0.8866089101098366,0.7545063115551819,0.5558391438713552,1,0.6482518334171035
RRC,0.610683571474118,0.9216904461263983,0.8982058153441641,0.8577441456680238,0.6276653562556179,0.6886321152699255,1
