,XOP,UNG
EOG,0.6989879699153205,0.07633358843882072
RRC,0.7221306921491983,0.32220708669605186
CNX,0.6762760355362755,0.22746044274468885
DVN,0.9078376026884362,0.051221420571327066
AR,0.7714387698064213,0.2216012700567809
CRC,0.522953022684353,0.06256384117037071
SWN,0.6307723257356977,0.19240589435014385
CHK,0.31202664629813676,0.07362745664542794
EQT,0.5882667266078503,0.22595453749605499
