,EOG,RRC,CNX,DVN,AR,CRC,SWN,CHK,EQT
EOG,1,0.4285176564344531,0.7258424826221694,0.6238544340030759,0.5878679240500759,0.5375474139575434,0.6136819329789047,0.677699320777281,0.4981887463853347
RRC,0.7866221660528101,1,0.9032935657868971,0.5977285401309325,0.7963344716319705,0.5245865169693398,0.831947892361765,0.6109634557532846,0.7031050118446105
CNX,0.8461770992945107,0.5977020186677773,1,0.5739637130942841,0.7160040404340148,0.493044339686878,0.7330668798138644,0.6807856665837044,0.7093854962969597
DVN,1.0940974366866527,0.5699794966639665,0.851330361592561,1,0.7682173389808888,0.695554700850454,0.7831110644063993,0.7190070527953829,0.6095439607462811
AR,0.8285687167614731,0.5853335644639559,0.8100419954171592,0.6264307979284949,1,0.4906962800949932,0.8082004351369383,0.5536331501280184,0.7411334235702965
CRC,0.5813179917159695,0.35264666139919676,0.4489850122786057,0.4123667210930649,0.4069314305578092,1,0.4717803266241702,0.49716535036442283,0.32769031958656536
SWN,0.7018269782211698,0.5301977652022672,0.6943423979170942,0.5293274423925144,0.6771563881396176,0.47371034265051404,1,0.5339563232303196,0.5822817285816092
CHK,0.3723755596474048,0.2140081530551651,0.3359621268380044,0.2647370515369943,0.2435592304637868,0.27955716102931466,0.26766598620443377,1,0.21059119348611338
EQT,0.6578044815774388,0.49485943590626963,0.6825165562584549,0.4831843680198476,0.656882187647877,0.41525474553261105,0.6203993503704374,0.524171332779411,1
