,XOP,UNG
CNX,0.6341750949040033,0.23256468664224816
RRC,0.757548413175967,0.37211452009316776
EOG,0.8476059493180127,0.1140017291757853
DVN,1.0275280349365283,0.12594659272861405
AR,0.7510054203305329,0.2507396209797527
SWN,0.6492463005070196,0.31055487122257763
EQT,0.5485141514184954,0.2800479081508871
