,XOP,UNG
CNX,0.6356742872582338,0.2235964341773083
EOG,0.8467902218001628,0.10508982242234692
AR,0.756453478657407,0.23642523446615202
RRC,0.7608185310978622,0.3527204238958198
EQT,0.5524653237045122,0.2688214241452849
DVN,1.0274616385026347,0.115329228509325
