,EQT,CNX,AR,EOG,DVN,RRC
EQT,1,0.7267685703116734,0.44916666820739015,0.5757094103404027,0.47991943448849095,0.5606172810630463
CNX,0.7791252425747859,1,0.4802764372690396,0.6491645061981235,0.5384374165657178,0.6115909486950801
AR,0.8230934946362223,0.852856769657819,1,0.6805376921956636,0.6165863070642026,0.7121626151076921
EOG,0.8883060958706592,0.9187209552913443,0.5558931802905251,1,0.7674308150320758,0.6494567745971007
DVN,0.9713520511819376,1.0488616795197616,0.6777682453561946,1.0515042045687215,1,0.7608958764234731
RRC,0.8966848508022974,0.9385817717453065,0.6257782616640406,0.6917513474193783,0.6118513521652533,1
