,XOP,UNG
CNX,0.8292705027244813,0.36098344134724347
AR,0.7863342357677056,0.32930422385775293
DVN,0.9241508495548351,0.16578897546836058
RRC,0.7986099987007524,0.45262503589460573
EOG,0.8943660140554789,0.18287800343801022
EQT,0.7479679342503791,0.47254010818933595
