,EOG,SWN,DVN,CNX,EQT,RRC,AR
EOG,1,0.777624431997121,0.929065113072734,0.8117374637780694,0.800449782141245,0.7396544459243933,0.6600267794982644
SWN,0.729688002711665,1,0.7500340089700459,0.7692121308872862,0.7513492485853593,0.7835120417429627,0.6291031899476484
DVN,0.9289525666339039,0.7901657597532767,1,0.8084248198202271,0.7836683411628973,0.7454242513735193,0.70056300033407
CNX,0.8317390556600047,0.80565977943231,0.8116259498863978,1,0.8139238387610267,0.8116409223430111,0.6966424198731178
EQT,0.7731420026571805,0.770325345554605,0.7559354451455415,0.7886987148696996,1,0.7558180446782311,0.6648666382139853
RRC,0.7107952155750328,0.8145832724604763,0.7414010182339246,0.7921927307551236,0.7699272556048545,1,0.7166767810483015
AR,0.7058453144360494,0.7544447647572957,0.7341953812052442,0.7564142754178672,0.7286862107575414,0.7787243694719876,1
