,XOP,UNG
EOG,0.8028309807817392,0.11642203484985955
RRC,0.6897238389357817,0.3913718749626601
CNX,0.7272825672981424,0.31132057396491
DVN,0.8412477770066564,0.06247615674248126
AR,0.7738677845099362,0.30672951312965413
CRC,0.7024009826772999,0.1096571108448133
SWN,0.7073919915351565,0.2772872500537862
CHK,0.6507306949236819,0.20244171658624358
EQT,0.7377398894365335,0.3639704757460744
