,EQT,AR,CNX,RRC,DVN,EOG
EQT,1,0.44665184994079626,0.7231608569507776,0.5581630766070984,0.477342494382719,0.5727334687913755
AR,0.8146265506996494,1,0.8480607713517029,0.7112296448367762,0.6116061005351595,0.6740461205976118
CNX,0.7778796580742637,0.48003842613334996,1,0.6126520467202079,0.5369786248667323,0.6474129756767223
RRC,0.8900862421514623,0.6226546371865115,0.9394013272936117,1,0.6082345842474641,0.6870373759760339
DVN,0.9670702290950389,0.6757306642105189,1.0446127105079541,0.7629577457071591,1,1.0500646792415604
EOG,0.8859261595818609,0.5540237103001256,0.9155150978909201,0.6507205035595358,0.7669253320589261,1
