,CNX,RRC,EOG,DVN,AR,SWN,EQT
CNX,1,0.6131895595257219,0.6459773629229757,0.5359484610631703,0.47886127625316277,0.6697577219414766,0.7766532035865148
RRC,0.9397185608520271,1,0.6864136124755703,0.6077546673534718,0.6196160862083449,0.853270852035048,0.8898503054376269
EOG,0.9164615024172946,0.6527968516261625,1,0.7673853643310538,0.5539614608989455,0.7510432012187566,0.8867593922033649
DVN,1.0442931499783454,0.7635522268480134,1.049077198264024,1,0.6746432580283679,0.8867804058861449,0.9659738094291079
AR,0.8480741020514269,0.7105140561454958,0.6734222029805158,0.6111421946669224,1,0.7277912720304965,0.8141908125396762
SWN,0.821834444697474,0.6788765212224366,0.6320298776455335,0.5581463868525298,0.4954069880462236,1,0.7826210220490163
EQT,0.7217302386837882,0.5578512529315334,0.5711232107064621,0.47595632974717217,0.4451093449090909,0.6122052338126547,1
