,DVN,SWN,CNX,AR,EQT,EOG,RRC
DVN,1,0.7911394392248148,0.797166937740743,0.7073396981738271,0.7791479264909732,0.9281281681833621,0.7464056177808011
SWN,0.752955746134122,1,0.7643017816378487,0.6392779139535038,0.7541027121053525,0.7320939839557865,0.784399220518149
CNX,0.8125267278625922,0.8045380340869197,1,0.7032217382619909,0.8147908890339333,0.8303515530297947,0.8133846560288881
AR,0.7371741960961243,0.7543419158683491,0.7465130301843134,1,0.7362703730135491,0.7077065193741199,0.787404328174941
EQT,0.7555300244609452,0.7713638928362704,0.7856868145919766,0.6773064226232107,1,0.7704549145787047,0.760407314297824
EOG,0.9292504130078477,0.7781702277378605,0.7998027158134335,0.6675430647749182,0.7931498180203298,1,0.7391128339126417
RRC,0.7425576170494309,0.8158168213791419,0.7845561829901013,0.7274071987681895,0.7717151090443201,0.7102407877661788,1
