,CNX,AR,DVN,RRC,EOG,EQT
CNX,1,0.48003842613334974,0.5369786248667328,0.6126520467202077,0.6474129756767217,0.7778796580742641
AR,0.8480607713517024,1,0.6116061005351594,0.7112296448367763,0.674046120597612,0.8146265506996493
DVN,1.0446127105079535,0.6757306642105191,1,0.7629577457071594,1.0500646792415598,0.9670702290950399
RRC,0.9394013272936117,0.6226546371865116,0.6082345842474639,1,0.6870373759760338,0.8900862421514624
EOG,0.91551509789092,0.5540237103001259,0.7669253320589259,0.6507205035595355,1,0.8859261595818616
EQT,0.7231608569507776,0.44665184994079626,0.4773424943827189,0.5581630766070982,0.5727334687913757,1
