,XOP,UNG
EOG,0.8959482513779162,0.13817176631323239
AR,0.7886128445783671,0.30443837255104134
EQT,0.7502267948577822,0.44735647703944853
DVN,0.9252498191116134,0.13822866663197922
RRC,0.7985319178838022,0.4259154318293297
CNX,0.8299326432237889,0.33169598425676416
