,XOP,UNG
CNX,0.830117155769618,0.3325846186985574
EOG,0.8960060833769342,0.13885386449554085
RRC,0.7986570046431627,0.4274066672701055
SWN,0.765273261737658,0.3845197189109141
DVN,0.9252683444587397,0.13918875003299544
EQT,0.7494235531454233,0.448943291012457
AR,0.7887088816964737,0.30727969663250454
