,XOP,UNG
DVN,1.027006273070509,0.10877150420799093
EQT,0.5511596315675664,0.2609437712012212
RRC,0.7586910288300642,0.3441649675650754
AR,0.7551932874409529,0.22696848966826147
CNX,0.6352517335148377,0.2163547211783083
EOG,0.8469951629642402,0.09210495574979154
