,AR,SWN,DVN,EQT,RRC,EOG,CNX
AR,1,0.7543419158683492,0.7371741960961243,0.736270373013549,0.7874043281749407,0.7077065193741199,0.7465130301843129
SWN,0.6392779139535036,1,0.7529557461341213,0.7541027121053526,0.784399220518149,0.7320939839557866,0.7643017816378491
DVN,0.7073396981738274,0.791139439224815,1,0.7791479264909732,0.746405617780801,0.9281281681833617,0.7971669377407425
EQT,0.6773064226232111,0.771363892836271,0.7555300244609455,1,0.7604073142978237,0.7704549145787051,0.7856868145919763
RRC,0.727407198768189,0.8158168213791418,0.7425576170494308,0.7717151090443202,1,0.7102407877661792,0.7845561829901007
EOG,0.667543064774918,0.7781702277378602,0.9292504130078475,0.7931498180203296,0.739112833912642,1,0.7998027158134337
CNX,0.7032217382619909,0.8045380340869197,0.8125267278625921,0.8147908890339342,0.8133846560288881,0.8303515530297948,1
