,RRC,SWN,DVN,AR,CNX,EQT,EOG
RRC,1,0.8158230193362953,0.741900211266612,0.7220783901369148,0.7930309730470602,0.7690164302015576,0.7108093796849009
SWN,0.7823438577674187,1,0.749338015473441,0.6345223446335863,0.7687911457139627,0.7508784572825516,0.7293226563467791
DVN,0.7460073967260732,0.788349145387305,1,0.7034648025098804,0.8057230399447568,0.7763896010135739,0.9274760503349414
AR,0.7822266168363786,0.757222523864935,0.7355055028965204,1,0.7562132415282624,0.7319652414030189,0.7064073320027133
CNX,0.8115885615557721,0.8011396131244692,0.810911126526927,0.698715337520346,1,0.8109391578856778,0.8304821677650771
EQT,0.7563220842955581,0.7703393418248116,0.7533785307560396,0.6706437042391474,0.7879872386369468,1,0.7711794935688098
EOG,0.742224932599066,0.7772425970558724,0.9287422963956017,0.6651890249888819,0.8091657089516412,0.7945547510374124,1
