,XOP,UNG
AR,0.7880167314310905,0.3079489927587373
SWN,0.764939309266396,0.38482898516662434
DVN,0.9257478457490541,0.1404073700045925
EQT,0.7493517316494173,0.44924881649966447
RRC,0.7987376346953475,0.42787252583066593
EOG,0.8959376199775797,0.13972870330071963
CNX,0.829571567659785,0.3384996702812511
