,XOP,UNG
AR,0.7494062721264697,0.2534473523727641
EQT,0.5481384147437046,0.27923163580172916
RRC,0.757336380553013,0.37089989110568056
SWN,0.6489191380102854,0.31008713538963906
CNX,0.6338718136723012,0.23147477743376554
EOG,0.8474849577858874,0.11339037248205619
DVN,1.0275305645120683,0.12524816512923523
