,CNX,AR,DVN,RRC,EOG,EQT
CNX,1,0.7000030593864977,0.8115894956293618,0.8120428468994475,0.8304494874284797,0.8120111038453415
AR,0.7577778789404801,1,0.7355519268317424,0.7842759373053235,0.7067011464232117,0.7325993451125233
DVN,0.8066269405070331,0.7045162872251844,1,0.7468712830546508,0.9274921407252785,0.7777567535000816
RRC,0.7933637703991905,0.7229241326563318,0.7418015193463112,1,0.7104925849631014,0.7693472522053565
EOG,0.8094428774741416,0.6656988901715981,0.9288225845410844,0.7417340605260546,1,0.795019086006217
EQT,0.789166616197748,0.6723602700688488,0.7545342920056477,0.7576594286122271,0.7714067588800843,1
