,XOP,UNG
RRC,0.7571402463719081,0.37119439165360796
SWN,0.6489660251102035,0.31092307258831864
DVN,1.026883825872015,0.1258010064177361
AR,0.7494633471509902,0.24969201574868344
CNX,0.633824599648024,0.23248208442105686
EQT,0.548221677099768,0.28023814294016586
EOG,0.8472136582325317,0.11447482361437229
