,AR,SWN,DVN,EQT,RRC,EOG,CNX
AR,1,0.732958892281459,0.6157046472840846,0.8251468988284771,0.7142343528631769,0.678312611065365,0.8350825430892916
SWN,0.49843059243020776,1,0.5622126674822936,0.7864678087685286,0.6794982504696057,0.6362860387088051,0.8104086036980832
DVN,0.678438798483404,0.8930301479747293,1,0.9716323029704788,0.7606342298117951,1.0508051721904499,1.0280805802469286
EQT,0.4500022070197384,0.6144496512072306,0.478647502751192,1,0.5609792311857147,0.5726565323039405,0.7171165855746234
RRC,0.6276653562556184,0.857744145668023,0.6106835714741178,0.898205815344164,1,0.6886321152699256,0.9216904461263983
EOG,0.5558391438713552,0.754506311555182,0.7679758459991485,0.8866089101098367,0.6482518334171035,1,0.9019577527121954
CNX,0.4828239617710662,0.6742429228592882,0.5387148642064449,0.7815999582705448,0.6146371487086424,0.648098111359347,1
