,XOP,UNG
DVN,1.0156769118188824,0.11610706397766829
SWN,0.6405689352331977,0.312207330290154
EOG,0.8378304515675981,0.10551394218393204
CNX,0.6189039395359704,0.2276140062734162
RRC,0.7452036724444916,0.3689028272460799
AR,0.7378905329119203,0.25150673919274225
EQT,0.5385419120894902,0.2768801924114368
