,DVN,EQT,RRC,AR,CNX,EOG
DVN,1,0.7801734916498952,0.7464940209907214,0.7080064611123278,0.8067293805510302,0.9282434902975372
EQT,0.7567892912497128,1,0.7606624393817387,0.6775137040508158,0.79069655318094,0.7729192099330056
RRC,0.7431322711239835,0.7719907263192258,1,0.7266454018848074,0.794520314050178,0.7116997197335562
AR,0.7385277124773963,0.7368709631170988,0.7867471139541277,1,0.7585329065874579,0.7102967344813973
CNX,0.812753931015005,0.8141466493078922,0.8131874941453189,0.7032444759539935,1,0.8307223904601142
EOG,0.9296021235451238,0.7959461829937517,0.7408432595060769,0.6697357882087884,0.8094427796558628,1
