,XOP,UNG
EQT,0.5500120975850806,0.2781109004156426
AR,0.7515523453941432,0.24945111275684473
CNX,0.6352079499867453,0.23081544972420573
RRC,0.7581029258571134,0.3686293583179033
DVN,1.0280140125061314,0.12618543996257403
EOG,0.8472118977279183,0.1139587562997194
