,AR,RRC,CNX,EOG,DVN,EQT,SWN
AR,1,0.715280212228391,0.8367800273099061,0.6800058013098279,0.6168621486191589,0.8263913614791129,0.7350093033856867
RRC,0.6273032853150364,1,0.9216116975717757,0.6888050780420558,0.6104911908667072,0.8985362192784278,0.8579259900209985
CNX,0.48245280648151706,0.6142310606503338,1,0.6479761704511857,0.5384863479997147,0.781687962237808,0.6739677995892952
EOG,0.5560181148290215,0.6485412437386756,0.9024651168226385,1,0.76794476603465,0.8880648114555635,0.7547104389632838
DVN,0.6773232342284092,0.7593944319170356,1.0273921329637359,1.0504902127738864,1,0.9711030673945281,0.8916425163899497
EQT,0.44938275134431366,0.5602056799689682,0.7163007580172066,0.5724430482680168,0.47817586544430857,1,0.6139149524642818
SWN,0.4984569686249705,0.679592840608928,0.8104989564880053,0.6362763352360051,0.5618454979261853,0.7871592321786025,1
