,XOP,UNG
SWN,0.6489218955575258,0.3113543880603856
RRC,0.7573476948579599,0.3710399290176709
CNX,0.6338760652755412,0.23160913215036186
AR,0.7494078561141292,0.2541572620767179
EQT,0.5481455797315552,0.27950303347125627
EOG,0.8474861315812658,0.11360151848321806
DVN,1.0275301135955615,0.12611217682607878
