,CNX,RRC,EOG,DVN,AR,SWN,EQT
CNX,1,0.8115501518835719,0.8302931281720731,0.81108127241904,0.6988163294092061,0.8011381179189008,0.8109748133821032
RRC,0.7929594744422335,1,0.7101076286081706,0.7414592504784676,0.7213603189282821,0.8155050651953034,0.7688342715835067
EOG,0.8089916902371656,0.7415627120571902,1,0.9287467044311352,0.6648240615931471,0.7771752053092829,0.7944390523072437
DVN,0.8058845073222183,0.7456005456820819,0.9274517603734961,1,0.7031808941193654,0.7883948779359907,0.7765119741760345
AR,0.7571983492721248,0.7825421404803662,0.7062962993304481,0.7351838478805396,1,0.7556826271744722,0.7319232999293003
SWN,0.768800367277094,0.7820954448550329,0.7292522327161097,0.7494448342350396,0.6344963809601848,1,0.7509017245409344
EQT,0.7880290790831799,0.7562308302100088,0.7710482029324298,0.7535393109689338,0.6706838932831429,0.7703557665476807,1
