,DVN,SWN,EOG,CNX,RRC,AR,EQT
DVN,1,0.8908428110821774,1.0537147423302553,1.0494521636462057,0.7682250714513331,0.6738147797642322,0.9901844693018059
SWN,0.5563816633269576,1,0.6309805698837442,0.8229285619474248,0.6816658154780164,0.49066147519316117,0.7911273965803401
EOG,0.7672702714526075,0.7520346169020579,1,0.9204972623684149,0.6541766972283461,0.5518303657111259,0.9067473804585675
CNX,0.5311826883197135,0.6689837240539479,0.6436777680626447,1,0.6099870510245439,0.4737465729589902,0.7821713783835892
RRC,0.6042216397923671,0.8517114646505197,0.6847180406885434,0.9363816990391369,1,0.6142788220702851,0.9005181054443224
AR,0.6064995377283776,0.7217883454729344,0.6706002211378357,0.8426970579502789,0.7067030462978957,1,0.8177686854684104
EQT,0.47296414837067263,0.6062540133512352,0.5685213094015819,0.7161347476990939,0.5555651468499048,0.43805451879760793,1
