,XOP,UNG
DVN,0.9257478457490539,0.14040737000459252
CNX,0.8295715676597851,0.33849967028125116
EQT,0.749351731649417,0.44924881649966447
SWN,0.7649393092663967,0.3848289851666246
AR,0.7880167314310906,0.3079489927587374
EOG,0.8959376199775791,0.13972870330071963
RRC,0.7987376346953468,0.4278725258306659
