,XOP,UNG
AR,0.788894394436239,0.3054056123286535
RRC,0.7987871704235705,0.42653043667766005
CNX,0.830187175151409,0.331695984256764
EOG,0.8960150257405841,0.13909270336325844
DVN,0.9252669344490513,0.13906202598111284
EQT,0.7497638694702278,0.4470973919680083
SWN,0.7652801914313402,0.3855850256866859
