,XOP,UNG
DVN,0.9172346762085758,0.14729236590920006
SWN,0.75720645900464,0.4049969689033138
EOG,0.8877469395715846,0.164559484366183
CNX,0.8194281686925096,0.3486864951606706
RRC,0.7926435495206849,0.440620602403083
AR,0.7798423067555814,0.32161577829092486
EQT,0.7423880953217095,0.46512740978740036
