,AR,RRC,CNX,EOG,DVN,EQT,SWN
AR,1,0.7877236411454234,0.7470979022876664,0.7084076963283517,0.7379299105654432,0.7349128683709777,0.7552267629876112
RRC,0.727159254382661,1,0.7843050476876149,0.7105520036314289,0.7426522559623477,0.7714034298926628,0.8160087334686266
CNX,0.7030861714755822,0.8131997128821264,1,0.8306087911070277,0.812798163807655,0.8145096833861422,0.8045314616605456
EOG,0.6678413487748772,0.7394360111980715,0.7999712870970405,1,0.929485007446871,0.7937190205473325,0.77837837942849
DVN,0.707062712200812,0.7459809279831344,0.7974282820210249,0.9281746276890792,1,0.7789422060731129,0.7902146068458101
EQT,0.677213259859697,0.7601921339537074,0.7854107689008428,0.7711153979023129,0.7558937426542831,1,0.7715901880129572
SWN,0.6394748512615922,0.7845673752448872,0.7642243794444021,0.7322368381438579,0.7528050294267999,0.754192015850161,1
