,XOP,UNG
SWN,0.7619462922929521,0.412122859004025
RRC,0.7992996033664166,0.4506385335168584
CNX,0.8293716784524106,0.3593526595068671
AR,0.7864587830521897,0.3310408241366437
EQT,0.7474430842848643,0.47188181145019975
EOG,0.8942637949512298,0.18034204059420086
DVN,0.9239037877857856,0.16410373276853576
