,XOP,UNG
EQT,0.7512348103978725,0.4529995511745262
CNX,0.8308001573192089,0.3487583859151714
AR,0.789213109157855,0.30792926190054093
EOG,0.8954340871458674,0.16712896002461725
DVN,0.9249456491944025,0.15018466869705682
RRC,0.8003745268865655,0.42962917215303675
