,XOP,UNG
AR,0.7557618000990171,0.22950604196131197
RRC,0.7582346070534048,0.3412786513615935
CNX,0.6351704250308448,0.20733153748760527
EOG,0.8472440951084473,0.08579017700389495
DVN,1.0266531563002221,0.10438315026460492
EQT,0.5498356375046268,0.2582123678146839
SWN,0.6519267519207117,0.28220287972424235
