,CNX,EOG,AR,RRC,EQT,DVN
CNX,1,0.6491645061981237,0.48027643726903985,0.6115909486950796,0.779125242574785,0.5384374165657181
EOG,0.9187209552913442,1,0.5558931802905255,0.6494567745971004,0.8883060958706591,0.7674308150320754
AR,0.8528567696578193,0.6805376921956635,1,0.712162615107692,0.8230934946362221,0.6165863070642028
RRC,0.9385817717453069,0.6917513474193786,0.6257782616640404,1,0.8966848508022965,0.6118513521652532
EQT,0.7267685703116734,0.5757094103404027,0.4491666682073901,0.560617281063046,1,0.4799194344884905
DVN,1.0488616795197623,1.0515042045687222,0.6777682453561946,0.7608958764234723,0.9713520511819377,1
