,EOG,SWN,DVN,CNX,EQT,RRC,AR
EOG,1,0.7530857224108549,0.7672244136620024,0.9268183799541619,0.9085089626012812,0.6560466866844131,0.5517968112516073
SWN,0.6311506391402838,1,0.5565440020452296,0.8249037896799674,0.7915877869175144,0.6832047032074785,0.4904275341118216
DVN,1.053626603438026,0.8921403835411396,1,1.056424627436714,0.9925072365280018,0.770369623146491,0.6739537555976434
CNX,0.6440311770255553,0.6692040792104322,0.5313540607858389,1,0.7851040455149111,0.6123389993482886,0.47448545037559586
EQT,0.5683694608926413,0.60600809705873,0.47298048942023674,0.7200230837674325,1,0.556865611444554,0.4373312996894753
RRC,0.6848467387561612,0.8519433522771847,0.6043151400124765,0.9405301583833908,0.9015773430109929,1,0.6142775004636521
AR,0.6702903557566547,0.7220464262112793,0.6063705090730827,0.847834789130688,0.8178217629936086,0.708506728884426,1
