,DVN,SWN,EOG,CNX,RRC,AR,EQT
DVN,1,0.7893321151717559,0.9289942476733026,0.8052247284906029,0.7450379804815156,0.7005137364025138,0.7825406576082987
SWN,0.7494098655916482,1,0.7290488615730687,0.7689497204621876,0.7830954666259043,0.6291672912164319,0.7511170927862891
EOG,0.9291088837693708,0.7768473517868137,1,0.8083405184261364,0.739203911840632,0.6601668040523896,0.799661113294307
CNX,0.8112574635332895,0.8051487371416368,0.8311544555813295,1,0.810136534625435,0.6955774527255518,0.8113941911701525
RRC,0.741086558058013,0.8146537879535851,0.710516723545926,0.7907577773455163,1,0.7167228353763163,0.7697761460345737
AR,0.7341517332499031,0.7542307143047507,0.7059454609492142,0.7536419462714593,0.7783207838078728,1,0.729066124491701
EQT,0.7549985059510034,0.7699586287015042,0.7724133481290405,0.7856260394533893,0.7549009481315816,0.66526571445512,1
