,EOG,AR,EQT,DVN,RRC,CNX
EOG,1,0.5559209092460631,0.8880793924896992,0.7678523508227854,0.6484709451929377,0.9179434013849419
AR,0.679333031426472,1,0.8264042730691002,0.6163416279542135,0.7146188256834718,0.8563764043482717
EQT,0.5728275783905963,0.4500159927341235,1,0.47843463574769435,0.5610241691277953,0.7250081365438987
DVN,1.0504711519786598,0.6773148919337736,0.9711244193246148,1,0.759405663852992,1.0481544020159166
RRC,0.6882844790239515,0.6269101001397241,0.8985603469152369,0.610074999173121,1,0.9440082536123415
CNX,0.6467877584203592,0.4811459252997983,0.7790924986383652,0.5374208492338489,0.612947963258351,1
