,EQT,AR,CNX,RRC,DVN,EOG
EQT,1,0.6723602700688485,0.789166616197748,0.7576594286122273,0.7545342920056479,0.771406758880084
AR,0.7325993451125231,1,0.7577778789404799,0.7842759373053234,0.7355519268317424,0.7067011464232116
CNX,0.8120111038453414,0.7000030593864979,1,0.8120428468994476,0.8115894956293617,0.8304494874284802
RRC,0.7693472522053563,0.7229241326563319,0.7933637703991905,1,0.7418015193463114,0.7104925849631015
DVN,0.7777567535000811,0.7045162872251842,0.8066269405070331,0.7468712830546509,1,0.9274921407252787
EOG,0.7950190860062167,0.6656988901715976,0.8094428774741418,0.741734060526055,0.9288225845410848,1
