,SWN,RRC,CNX,AR,EQT,EOG,DVN
SWN,1,0.7822669480715811,0.7685292836315294,0.6341622900935129,0.7505529537899639,0.7291522116008915,0.7494649918318035
RRC,0.8157774817389254,1,0.7927846073707274,0.7219605564803685,0.768679329680612,0.7107608776208154,0.7421634354166493
CNX,0.8009283841319014,0.8113757756279146,1,0.698448022176819,0.8105751594463484,0.8304880836287897,0.8113943900430987
AR,0.7569249591820643,0.7820822823321247,0.7559069434920056,1,0.731586967439406,0.7062137422182649,0.7354571656617749
EQT,0.7701047577206362,0.7560134539768318,0.787609618690951,0.6703495369772217,1,0.7712005350941914,0.7538908259188741
EOG,0.7770691619516663,0.7421406891114273,0.8090925542912715,0.664956511709146,0.7944942449799196,1,0.9287918670881511
DVN,0.7883902978869213,0.7461375856343422,0.8060948962871122,0.7032585095116473,0.7767427220835376,0.9274908913269823,1
