,DVN,EQT,RRC,AR,CNX,EOG
DVN,1,0.9721604138071059,0.7601352527604072,0.6786819779103718,1.0479868309881661,1.0511416906958897
EQT,0.47881198975441064,1,0.5609191080601647,0.4500030716646621,0.72543141334411,0.5742165555988443
RRC,0.6105312879849312,0.8984345191817973,1,0.6270046150925399,0.9384721224753115,0.6899320542271833
AR,0.6158304447612512,0.8249170411014212,0.7128072853146494,1,0.852462396815986,0.6801899539050282
CNX,0.5384775120084455,0.7810465320585799,0.6134121473629138,0.4819860856506825,1,0.6484349483032564
EOG,0.7675387055307842,0.8894778183678185,0.6494478559317257,0.5576056421435789,0.9174651400459388,1
