,XOP,UNG
CNX,0.6352079499867456,0.2308154497242058
AR,0.751552345394143,0.2494511127568449
DVN,1.0280140125061314,0.12618543996257398
RRC,0.7581029258571133,0.3686293583179031
EOG,0.847211897727918,0.11395875629971944
EQT,0.5500120975850805,0.27811090041564285
