,EQT,CNX,AR,EOG,DVN,RRC
EQT,1,0.7906119028923106,0.6765315306803154,0.7736972345188787,0.757189032548192,0.7599328928552369
CNX,0.8144637065421644,1,0.7027324640723689,0.8322440513224589,0.813117567188627,0.8125241812478253
AR,0.735996750205362,0.7578007836469626,1,0.709727438342662,0.7382373998344356,0.7861794365875159
EOG,0.7973895625820531,0.8108353174038813,0.6694285414986304,1,0.9294827227935594,0.7426787008294837
DVN,0.7806106696158763,0.8079686479400461,0.7078563579227396,0.9281558759558075,1,0.747899357910922
RRC,0.7713878701893288,0.7936046247169576,0.7259726248375022,0.7128970663518561,0.7438959558554298,1
