,XOP,UNG
EQT,0.7479679342503792,0.4725401081893359
AR,0.7863342357677056,0.32930422385775276
CNX,0.8292705027244813,0.3609834413472434
RRC,0.7986099987007524,0.4526250358946059
DVN,0.9241508495548351,0.1657889754683607
EOG,0.8943660140554792,0.18287800343801017
