,EOG,RRC,CNX,DVN,AR,CRC,SWN,CHK,EQT
EOG,1,0.5980284143749177,0.7891886892446531,0.8618119772246282,0.7043106808810146,0.583449658792281,0.6612092023363858,0.5888847937346524,0.564588827771185
RRC,0.6652935790176879,1,0.7994776554581015,0.686375855219654,0.7926858301927608,0.4668872658990249,0.7439741828043825,0.4233679459722247,0.6386433264893939
CNX,0.8018448802386452,0.7602790096869448,1,0.741376817873493,0.8009619796686684,0.49604556539174777,0.7379184599109567,0.5311811480212847,0.7299173651292274
DVN,0.889786988963537,0.6387830728629117,0.7510641383217085,1,0.7380430021283523,0.6138229324061522,0.6750526366988769,0.5049489634340476,0.557733272381365
AR,0.740352069160955,0.7385789206408362,0.7876772568195025,0.760032103472132,1,0.4721603942809894,0.7702019289673973,0.43142059024823914,0.7466157585207038
CRC,0.6865304209704621,0.568967033071153,0.5656610231145527,0.6657580855302264,0.5681242675265634,1,0.5939978894006384,0.4775448537677289,0.4311016608682494
SWN,0.6939180246521379,0.7171122143235364,0.723624864943302,0.7143445479583287,0.7905471111594052,0.49778056801472775,1,0.44452841636450247,0.6349694259864798
CHK,0.6859160291557792,0.546076935854444,0.6690076518702166,0.6767465007126152,0.5455884372945128,0.5459077801107892,0.5415410141440202,1,0.4290666366484779
EQT,0.725933536915697,0.7396786761727722,0.7867493634810929,0.7261800396002942,0.7338088100492758,0.4844819281121074,0.7321360219819284,0.47834129617538185,1
