,XOP,UNG
EOG,0.8473820759079852,0.08518183234827853
AR,0.7551823302907359,0.22848290668885507
EQT,0.5504900620204143,0.2584513310970924
DVN,1.0269265037516337,0.10372604887269092
RRC,0.7578423909220905,0.3405520396890511
CNX,0.633953625491488,0.20733153748760538
