,mae,mae_main_etf,r2_score,r2_score_main_etf,chisquare_normal,chisquare_normal_main_etf,n_days_error_bt_mae,n_days_error_bt_main_etf_mae,mean_abs_diff_when_bt_mae,mean_abs_diff_when_bt_main_etf_mae,stock_std,mean,lower_sigma,upper_sigma,lower_two_sigma,upper_two_sigma,r2_score_full,r2_score_main_etf_full
AR,0.6645464978860632,0.7363581916074593,0.7291028037888685,0.6613553919108273,True,True,77,86,1.2661276960874415,1.3728318944481115,2.359330272416636,0.2843542054489394,-2.0749760669676967,2.643684477865575,-4.4343063393843325,5.003014750282211,0.6201658016414955,0.6210443742766009
RRC,0.6839005228048894,0.8717726235432072,0.7090927202944828,0.5617001592263263,True,True,70,75,1.3932310098602674,1.6988395948358395,2.2680685878835787,0.09194458846039662,-2.176123999423182,2.3600131763439753,-4.444192587306761,4.628081764227554,0.7533289694656975,0.6368457086318274
CNX,0.5474892406200796,0.6454049149298747,0.6702822693956354,0.5796430703638358,True,True,81,76,1.0266486871368299,1.2490914170064473,1.8178472666661583,0.055910594153487446,-1.7619366725126708,1.8737578608196457,-3.579783939178829,3.691605127485804,0.7577755258360845,0.6873783868376087
EOG,0.44454204929467594,0.4170463177366799,0.8075986981558761,0.8204641891150621,True,True,82,84,0.8261472431209856,0.7925371174743364,2.217065707726642,0.07719821305071403,-2.139867494675928,2.294263920777356,-4.35693320240257,4.511329628503998,0.8161282221807138,0.8016067412655591
DVN,0.4552755443626329,0.4301615863766524,0.8368222255777595,0.8453975701024025,True,True,82,79,0.8505573913246393,0.8210655029701194,2.6122096479486965,0.10961587498328419,-2.502593772965412,2.7218255229319808,-5.114803420914109,5.334035170880677,0.8666536476047739,0.8551247209896737
EQT,0.5734851307639588,0.7086658864318418,0.5994947125335799,0.4682378801142315,True,True,72,78,1.1826777893346514,1.3809826396710698,1.7444024762379309,0.06165411027847336,-1.6827483659594575,1.8060565865164042,-3.4271508421973884,3.550459062754335,0.677518029855295,0.560823504478996
