,mae,mae_main_etf,r2_score,r2_score_main_etf,chisquare_normal,chisquare_normal_main_etf,n_days_error_bt_mae,n_days_error_bt_main_etf_mae,mean_abs_diff_when_bt_mae,mean_abs_diff_when_bt_main_etf_mae,stock_std,mean,lower_sigma,upper_sigma,lower_two_sigma,upper_two_sigma,r2_score_full,r2_score_main_etf_full
AR,0.6717249826698216,0.7336984767022834,0.7173544639380136,0.6554185426653063,True,True,79,86,1.2586624432324485,1.3584899746212316,2.3525145275037627,0.2940439948543141,-2.058470532649449,2.6465585223580765,-4.4109850601532115,4.999073049861839,0.6189116327895929,0.6192260119965727
DVN,0.4472741036554428,0.4237719304552182,0.837053592686239,0.844480270224435,True,True,81,80,0.843770522019185,0.8118928515483737,2.610212364568757,0.10213756290152515,-2.508074801667232,2.7123499274702825,-5.118287166235989,5.32256229203904,0.8677167009591396,0.8561267860612889
EQT,0.572025316954233,0.6971697494034023,0.5827670987390199,0.4628821498890575,True,True,72,77,1.1802293585134522,1.3561804485941642,1.7435747887463293,0.06427807763591044,-1.679296711110419,1.8078528663822397,-3.422871499856748,3.551427655128569,0.6779985307289083,0.5604741314616561
RRC,0.6841453063136529,0.8562393317952859,0.6981112274165797,0.5583447874926755,True,True,69,74,1.3989991054336492,1.673777974183835,2.2647516106100576,0.09526835076397638,-2.169483259846081,2.360019961374034,-4.434234870456139,4.624771571984091,0.7538398369517036,0.6370312766141702
EOG,0.4388356519040553,0.4142103238985743,0.8124013200273674,0.8214935992314345,True,True,81,82,0.8197088324171183,0.7951270726826953,2.2135480316084637,0.07753866786835323,-2.1360093637401105,2.291086699476817,-4.349557395348574,4.504634731085281,0.8162212986793416,0.8016672240381763
CNX,0.5449994080292934,0.6354374719968703,0.6607290729538908,0.5786459050367669,True,True,81,77,1.021775744423916,1.2135273734188554,1.8194146102927784,0.053658090101890384,-1.765756520190888,1.8730727003946688,-3.5851711304836664,3.692487310687447,0.7560258565349444,0.6866950213817015
