,mae,mae_main_etf,r2_score,r2_score_main_etf,chisquare_normal,chisquare_normal_main_etf,n_days_error_bt_mae,n_days_error_bt_main_etf_mae,mean_abs_diff_when_bt_mae,mean_abs_diff_when_bt_main_etf_mae,stock_std,mean,lower_sigma,upper_sigma,lower_two_sigma,upper_two_sigma,r2_score_full,r2_score_main_etf_full
RRC,0.6550309372344532,0.846294697447777,0.6982182963205712,0.542245661753923,True,True,73,73,1.292190051541523,1.6377190828287707,2.2588826171096223,0.10098265181912433,-2.157899965290498,2.3598652689287465,-4.416782582400121,4.618747886038369,0.754167331328076,0.6373967417952797
DVN,0.44382626008277754,0.41849908884524667,0.8187425682691952,0.8284737137382364,True,True,76,81,0.8601908015719314,0.7918030416216164,2.608255221150101,0.1153436953044661,-2.492911525845635,2.7235989164545673,-5.1011667469957365,5.331854137604668,0.8647824126094048,0.8527731636949938
AR,0.6365195483410387,0.7118497676760432,0.7160791852667128,0.6369949792561009,True,True,79,85,1.1841772245540882,1.3125841448541111,2.344544942961978,0.2947713345558346,-2.0497736084061433,2.6393162775178123,-4.394318551368121,4.98386122047979,0.615256805539173,0.6171859530341409
CNX,0.5257741764350021,0.6147010734959882,0.7317781528049684,0.6469865555148615,True,True,87,79,0.9331328412016481,1.1279369029247774,1.8166907121869222,0.051753833332341785,-1.7649368788545805,1.868444545519264,-3.5816275910415025,3.6851352577061864,0.7531035347559499,0.6852705417769293
EQT,0.5757565733924155,0.7074794039723927,0.5775085661794199,0.43199547204661903,True,True,70,76,1.1867165646545192,1.3850177477942691,1.739371241755725,0.07210622398256429,-1.6672650177731607,1.8114774657382893,-3.4066362595288857,3.5508487074940143,0.6744176465932692,0.5572406383018358
EOG,0.43891562708937537,0.41098275878374646,0.7856361290579537,0.801450289659823,True,True,78,81,0.8345622570893482,0.788024405316181,2.2130048278331094,0.07312288266176112,-2.139881945171348,2.2861277104948705,-4.352886773004458,4.49913253832798,0.8129946106560502,0.7982334020101087
