,mae,mae_main_etf,r2_score,r2_score_main_etf,chisquare_normal,chisquare_normal_main_etf,n_days_error_bt_mae,n_days_error_bt_main_etf_mae,mean_abs_diff_when_bt_mae,mean_abs_diff_when_bt_main_etf_mae,stock_std,mean,lower_sigma,upper_sigma,lower_two_sigma,upper_two_sigma,r2_score_full,r2_score_main_etf_full
AR,0.6403436131828905,0.7124491640331528,0.7134599538155635,0.6351577194948508,True,True,78,84,1.1941255588737185,1.3212413711475015,2.349882967703346,0.304068515630497,-2.045814452072849,2.653951483333843,-4.395697419776194,5.003834451037189,0.6139111773090766,0.6168935795864958
EQT,0.5754624862488705,0.7036176923878966,0.5746888801944519,0.43145618345637593,True,True,70,75,1.1867165646383415,1.3858339588903363,1.739142870808662,0.07481825598860602,-1.6643246148200561,1.813961126797268,-3.403467485628718,3.55310399760593,0.6740250914142897,0.557417955840949
RRC,0.6555957157283236,0.8454013373285343,0.6973420233165111,0.5416477873926084,True,True,73,73,1.2921900515535887,1.637719082827975,2.259736091915782,0.1032022966932453,-2.1565337952225367,2.362938388609027,-4.416269887138318,4.622674480524809,0.7540960886572324,0.6374247658210201
CNX,0.5249663544108443,0.6112549806200529,0.7306225545240532,0.6478106318800912,True,True,85,78,0.9412985632571462,1.1267587747825376,1.8168029063149822,0.05423276972318163,-1.7625701365918005,1.871035676038164,-3.579373042906783,3.687838582353146,0.7529756377026295,0.6855337612625693
EOG,0.4375989620837016,0.4090339160748739,0.7853160612576914,0.8013616441243718,True,True,78,81,0.8343439601500313,0.7868430368850854,2.2139921413492005,0.0750987166998254,-2.138893424649375,2.289090858049026,-4.352885565998576,4.503082999398226,0.8129997332261409,0.7982433283075473
DVN,0.44944023551298223,0.4241746888097367,0.8176201791683548,0.8268591554270632,True,True,78,79,0.8553709762480932,0.8082326647229958,2.6105390743990706,0.11877990308340017,-2.4917591713156706,2.7293189774824707,-5.102298245714741,5.339858051881541,0.8646537210916709,0.8525972394328779
