,mae,mae_main_etf,r2_score,r2_score_main_etf,chisquare_normal,chisquare_normal_main_etf,n_days_error_bt_mae,n_days_error_bt_main_etf_mae,mean_abs_diff_when_bt_mae,mean_abs_diff_when_bt_main_etf_mae,stock_std,mean,lower_sigma,upper_sigma,lower_two_sigma,upper_two_sigma,r2_score_full,r2_score_main_etf_full
CNX,0.5458015695808778,0.6372606837583079,0.6606379049550788,0.5787402203664453,True,True,79,76,1.0363397032077173,1.2259446547294268,1.8169737626694766,0.0573446115766868,-1.7596291510927897,1.8743183742461635,-3.5766029137622666,3.69129213691564,0.7578120519039993,0.6873110802190311
EOG,0.43662953778358726,0.4119055591188705,0.8154656133841939,0.8249597070013561,True,True,81,83,0.814386511545784,0.7848534451608915,2.2155011081249047,0.07735432751798406,-2.1381467806069208,2.2928554356428887,-4.3536478887318255,4.5083565437677935,0.8161285883825097,0.8015784008818092
RRC,0.6848343434928046,0.8630049843672496,0.7007297889766358,0.5604715835983836,True,True,70,75,1.3932689204350837,1.6735887940081382,2.267235774806,0.09413883704747979,-2.1730969377585203,2.36137461185348,-4.440332712564521,4.62861038665948,0.7534605664635852,0.6366917126406426
DVN,0.4526117932596443,0.4283749608298923,0.8367313286946767,0.8449762964974638,True,True,82,78,0.846426866614815,0.8250238080918287,2.610398418792577,0.11011773125044205,-2.500280687542135,2.7205161500430193,-5.110679106334712,5.330914568835596,0.8666498639414105,0.8551237700862194
EQT,0.5761689368306409,0.7029607128578726,0.5869720610948812,0.46481541397561865,True,True,73,78,1.1793213504305233,1.3651836974662324,1.744462029646511,0.06416464338873425,-1.6802973862577768,1.8086266730352452,-3.424759415904288,3.553088702681756,0.6775895196448147,0.5604041474349354
AR,0.6681178397202772,0.7331353718165282,0.7229200393591959,0.6592369337109198,True,True,78,86,1.2606974170627414,1.3647373703203705,2.358591652515625,0.28687863817338266,-2.0717130143422424,2.645470290689008,-4.430304666857868,5.004061943204633,0.6202277025419569,0.6206813971372469
