,mae,mae_main_etf,r2_score,r2_score_main_etf,chisquare_normal,chisquare_normal_main_etf,n_days_error_bt_mae,n_days_error_bt_main_etf_mae,mean_abs_diff_when_bt_mae,mean_abs_diff_when_bt_main_etf_mae,stock_std,mean,lower_sigma,upper_sigma,lower_two_sigma,upper_two_sigma,r2_score_full,r2_score_main_etf_full
DVN,0.4472741036554513,0.42377193045521855,0.8370535926862306,0.8444802702244313,True,True,81,80,0.8437705220192125,0.8118928515483894,2.610212364568757,0.10213756290152515,-2.508074801667232,2.7123499274702825,-5.118287166235989,5.32256229203904,0.8677167009591396,0.856126786061289
CNX,0.5449994080292667,0.635437471996874,0.6607290729539015,0.5786459050367645,True,True,81,77,1.0217757444238809,1.2135273734188607,1.8194146102927784,0.053658090101890384,-1.765756520190888,1.8730727003946688,-3.5851711304836664,3.692487310687447,0.7560258565349421,0.6866950213817016
EQT,0.5720253169518869,0.6971697494033925,0.5827670987405451,0.46288214988906495,True,True,72,77,1.1802293585105537,1.3561804485941498,1.7435747887463295,0.06427807763591044,-1.6792967111104191,1.80785286638224,-3.4228714998567487,3.5514276551285695,0.6779985307289067,0.5604741314616566
AR,0.6717249826744099,0.7336984766918371,0.7173544639342027,0.6554185426741213,True,True,79,86,1.2586624432414013,1.3584899746010024,2.3525145275037627,0.2940439948543141,-2.058470532649449,2.6465585223580765,-4.4109850601532115,4.999073049861839,0.6189116327895925,0.6192260119965722
EOG,0.4388356519040528,0.4142103238985723,0.8124013200273656,0.821493599231439,True,True,81,82,0.8197088324171403,0.7951270726826921,2.2135480316084637,0.07753866786835326,-2.1360093637401105,2.291086699476817,-4.349557395348574,4.504634731085281,0.8162212986793418,0.8016672240381766
RRC,0.6841453063146217,0.8562393317944391,0.6981112274148504,0.5583447874934246,True,True,69,74,1.3989991054374455,1.673777974182446,2.264751610610057,0.09526835076397643,-2.1694832598460807,2.3600199613740336,-4.434234870456138,4.62477157198409,0.7538398369517031,0.6370312766141699
