,mae,mae_main_etf,r2_score,r2_score_main_etf,chisquare_normal,chisquare_normal_main_etf,n_days_error_bt_mae,n_days_error_bt_main_etf_mae,mean_abs_diff_when_bt_mae,mean_abs_diff_when_bt_main_etf_mae,stock_std,mean,lower_sigma,upper_sigma,lower_two_sigma,upper_two_sigma,r2_score_full,r2_score_main_etf_full
DVN,0.4472741036554537,0.4237719304552168,0.8370535926862149,0.8444802702244524,True,True,81,80,0.8437705220192657,0.8118928515482997,2.610212364568757,0.10213756290152519,-2.508074801667232,2.7123499274702825,-5.118287166235989,5.32256229203904,0.8677167009591379,0.8561267860612891
CNX,0.5449994080294429,0.6354374719969466,0.660729072953823,0.5786459050367184,True,True,81,77,1.0217757444240492,1.2135273734189649,1.8194146102927784,0.05365809010189036,-1.765756520190888,1.8730727003946688,-3.5851711304836664,3.692487310687447,0.7560258565349439,0.686695021381702
AR,0.6717249826701918,0.733698476698031,0.7173544639374003,0.6554185426688945,True,True,79,86,1.2586624432340627,1.358489974612997,2.3525145275037627,0.2940439948543141,-2.058470532649449,2.6465585223580765,-4.4109850601532115,4.999073049861839,0.6189116327895932,0.619226011996572
EQT,0.5720253169511565,0.6971697494034138,0.582767098741043,0.46288214988904897,True,True,72,77,1.18022935850972,1.3561804485941802,1.7435747887463293,0.06427807763591047,-1.679296711110419,1.8078528663822397,-3.422871499856748,3.551427655128569,0.6779985307289076,0.5604741314616556
EOG,0.4388356519040607,0.4142103238985749,0.8124013200273678,0.8214935992314334,True,True,81,82,0.8197088324171262,0.7951270726826964,2.2135480316084637,0.07753866786835326,-2.1360093637401105,2.291086699476817,-4.349557395348574,4.504634731085281,0.8162212986793412,0.8016672240381769
RRC,0.6841453063143321,0.8562393317993868,0.6981112274160586,0.5583447874890481,True,True,69,74,1.3989991054349318,1.6737779741905632,2.2647516106100576,0.09526835076397643,-2.169483259846081,2.360019961374034,-4.434234870456139,4.624771571984091,0.7538398369517034,0.6370312766141706
