,mae,mae_main_etf,r2_score,r2_score_main_etf,chisquare_normal,chisquare_normal_main_etf,n_days_error_bt_mae,n_days_error_bt_main_etf_mae,mean_abs_diff_when_bt_mae,mean_abs_diff_when_bt_main_etf_mae,stock_std,mean,lower_sigma,upper_sigma,lower_two_sigma,upper_two_sigma,r2_score_full,r2_score_main_etf_full
CNX,0.5262990522274966,0.6132379655968991,0.7321640605473243,0.6483382802299176,True,True,86,79,0.9366756696237497,1.1252637186892902,1.8156309518780063,0.052859820141249445,-1.762771131736757,1.8684907720192556,-3.578402083614763,3.684121723897262,0.7532046067054708,0.6852956021709742
RRC,0.656602967925178,0.8430346050022036,0.6981193779316488,0.5476540642948003,True,True,72,73,1.3062879721431728,1.631494720147456,2.2588750079316413,0.1041997117490294,-2.154675296182612,2.3630747196806707,-4.413550304114254,4.621949727612312,0.7539781893016256,0.6366655981195939
EOG,0.4389168897439403,0.41092009359641185,0.7843246032579433,0.8001483065388652,True,True,78,81,0.8345460205664451,0.788015377164816,2.211430775649732,0.07276388249971115,-2.138666893150021,2.2841946581494432,-4.350097668799753,4.495625433799175,0.813015319967694,0.798245067246976
DVN,0.4480323803906704,0.42301473682021956,0.8169288093764476,0.8262113237658253,True,True,78,80,0.8553940429675899,0.8034211165419199,2.607168170267263,0.11746136173321703,-2.489706808534046,2.7246295320004803,-5.096874978801309,5.331797702267743,0.8646813656711766,0.852637010033941
AR,0.6426116714970266,0.7192409144053207,0.7133914447557423,0.6318261021985405,True,True,78,85,1.2049729250866916,1.3308587443759892,2.3440053177871616,0.2975913309411705,-2.046413986845991,2.641596648728332,-4.390419304633153,4.985601966515493,0.6148622250692195,0.6163599797500618
EQT,0.5704974028311651,0.6994460637309252,0.5790431836453598,0.440163275973283,True,True,69,75,1.189124432476376,1.3754656052769103,1.7382644171448747,0.07293943043780256,-1.665324986707072,1.8112038475826773,-3.4035894038519467,3.549468264727552,0.6745170345236066,0.5572851645761732
