,mae,mae_main_etf,r2_score,r2_score_main_etf,shapiro_normal,pearson_normal,ks_normal,chisquare_normal,shapiro_normal_main_etf,pearson_normal_main_etf,ks_normal_main_etf,chisquare_normal_main_etf,n_days_error_bt_mae,n_days_error_bt_main_etf_mae,mean_abs_diff_when_bt_mae,mean_abs_diff_when_bt_main_etf_mae,stock_std,mean,lower_sigma,upper_sigma,lower_two_sigma,upper_two_sigma,r2_score_full,r2_score_main_etf_full
DVN,0.5144731613931223,0.49669309857501087,0.7438852250666779,0.7273730712418082,False,False,False,True,False,False,False,True,67,64,1.0725510667179146,1.0744460695522746,2.6368141260376916,0.10651164658173476,-2.530302479455957,2.7433257726194262,-5.167116605493648,5.380139898657118,0.8555518227324466,0.8402494131525836
EOG,0.4739398333947556,0.45242474406126504,0.7295191227777684,0.7265591271998961,False,False,False,True,False,False,False,True,75,75,0.9094694717437879,0.8824747151013496,2.2353976916352503,0.06358733997670059,-2.1718103516585496,2.298985031611951,-4.4072080432938,4.534382723247201,0.8043196377606069,0.7864873978281685
CNX,0.5564555096161584,0.6489317280401674,0.6767519117939784,0.5451287413190784,False,False,False,True,False,False,False,True,76,75,1.0333902378381756,1.2198120117047755,1.8217042970610422,0.036101290156723094,-1.7856030069043192,1.8578055872177652,-3.6073073039653614,3.6795098842788074,0.7450228305075719,0.6689217824538594
RRC,0.7038853666353787,0.8879807205183815,0.6483113126453396,0.45108598205576433,False,False,False,True,False,False,False,True,69,67,1.4167555053352143,1.8355401313949773,2.26786675349235,0.08842256411301552,-2.1794441893793346,2.3562893176053654,-4.447310942871685,4.624156071097715,0.7488893076551193,0.6272306814767434
AR,0.6666865623247106,0.7346101341011055,0.663356199995444,0.5553933372514899,False,False,False,True,False,False,False,True,71,75,1.3045908808244266,1.4637256314567488,2.367886844630894,0.284345425169705,-2.083541419461189,2.652232269800599,-4.451428264092083,5.020119114431493,0.605869132502171,0.6065813901714747
EQT,0.5591687515446586,0.7013940465598487,0.5731208759514401,0.38417102614822507,False,False,False,True,False,False,False,True,72,72,1.089715355383719,1.3945535742546258,1.737946107805359,0.055122127869991024,-1.6828239799353681,1.79306823567535,-3.420770087740727,3.531014343480709,0.6692459247683162,0.5498229113152622
