,TAN,XOP,SPY
SPWR,0.8691738720427692,0.6408263428238912,0.798410278583913
CSIQ,0.8904337213013943,0.6441621512894838,0.8047318261262052
NOVA,0.8139438773258243,0.621803891971253,0.7494580726469435
SEDG,0.8918497406486966,0.6762774087589131,0.8469702665903167
ENPH,0.8871895169428045,0.6860554371937494,0.8505497010874002
RUN,0.8394158283963699,0.633868077157701,0.8062509248018135
BLDP,0.7473204227788006,0.6338707652925537,0.7205239396455769
JKS,0.7691574094340539,0.5536990151814831,0.6397207637232992
FSLR,0.88266602886125,0.6039910024156375,0.7747907164019158
