,TAN,XOP,SPY
SPWR,0.9640487273620095,0.48963810520366446,1.4468875438482907
CSIQ,0.8384347158359398,0.40913859144754866,1.2693299428275244
NOVA,0.8360836722216659,0.4258081735180276,1.2494640109933133
SEDG,0.9572714237170499,0.5186239862025814,1.5722892136808946
ENPH,1.0986759107139852,0.6104282196622653,1.8327116605331077
RUN,1.0339460301671135,0.5346333064595048,1.6565033150054158
BLDP,1.044019233150607,0.5947933542697583,1.606139649030033
JKS,0.9388604621805864,0.4900757454503337,1.3467815386633788
FSLR,0.7102437141194807,0.35935266780931285,1.1319030290666265
