,SPWR,CSIQ,NOVA,SEDG,ENPH,RUN,BLDP,JKS,FSLR
SPWR,1,0.7621408325443976,0.7405632225128649,0.7253655822745428,0.7943827029742754,0.7398733671689177,0.6429223297693252,0.6898634433775451,0.7766102752804326
CSIQ,0.6932009596062629,1,0.7402538880349011,0.7321971506573939,0.7796379231678309,0.7537134764981747,0.6901669544505238,0.7393874828221428,0.7480564863356892
NOVA,0.6637549584057576,0.6942538245846369,1,0.6482667520547033,0.7289738662131412,0.7665203168745192,0.6100866352740788,0.5735224342247682,0.6860156049193131
SEDG,0.6840770983779058,0.7558706129728933,0.7406065731642508,1,0.858234701844035,0.7649714231909266,0.6995923054014823,0.6784125164252296,0.7314515168007487
ENPH,0.7113984075484812,0.7597605809655049,0.7456377169875967,0.7821307294447419,1,0.7765119685856411,0.6933364691881929,0.6546145211935886,0.7253789147511321
RUN,0.6748381330055352,0.7192818445617883,0.7553822665113087,0.6812206360121638,0.7300866886449031,1,0.6523895716309218,0.678525532460805,0.6946779164414614
BLDP,0.5948735573593756,0.6596823328161798,0.6311478790874709,0.5978030367804077,0.6594304119760419,0.6158365751887362,1,0.55567725856848,0.5898958093232133
JKS,0.5857603109562086,0.7126359120986027,0.6093590826422155,0.6446006339203395,0.6399275569709054,0.6346115324968757,0.568204966470873,1,0.5913344413099951
FSLR,0.718570091921039,0.7804519808736688,0.7445411605867766,0.7154716024232651,0.7589933904650058,0.7142521082192836,0.6009300535296974,0.6522835342463095,1
