,SPWR,CSIQ,NOVA,SEDG,ENPH,RUN,BLDP,JKS,FSLR
SPWR,1,0.799731642696781,0.7039654163911536,0.5911474045040466,0.5931324114405758,0.6139123544413527,0.44956572910302256,0.55226492733549,0.888846953844707
CSIQ,0.45666682308123013,1,0.5654426538928774,0.5063559706083403,0.49303135492505795,0.5302691772582552,0.39180683890671536,0.4852673034124195,0.7199429819986064
NOVA,0.4802791419681395,0.6601020612713502,1,0.49053451917914703,0.5121872778670988,0.5896100450844072,0.38199289038966644,0.4029972380118828,0.7140915122794155
SEDG,0.5102386027917168,0.7580801636942254,0.6516444478053769,1,0.647504164483239,0.6029535437095335,0.4711410216655611,0.521533629730119,0.7860313605958212
ENPH,0.6175010798494098,0.8747133451507652,0.7703825353904332,0.7773201929937147,1,0.7270906227530108,0.5198322474633855,0.5699442601220251,0.9095226342260794
RUN,0.5475721660866157,0.8247611327047191,0.7881290921009353,0.6195461963445305,0.6242732836799182,1,0.4710853991256727,0.5441694785690275,0.8330648168224442
BLDP,0.5537328789981134,0.8507023398803418,0.673476432651725,0.6204807466710736,0.5963954408948949,0.5908790745217563,1,0.5226865838549136,0.7914446611257427
JKS,0.506166486550852,0.8122997202523541,0.6112367823676285,0.588593404826399,0.5330649695042361,0.5733757425758512,0.4286192607931802,1,0.7210528579673313
FSLR,0.4169220709261031,0.6046623978406965,0.506271299888235,0.4320936533309093,0.4292324010520267,0.44800190054546846,0.302528768036822,0.368113856343235,1
