,mae,mae_main_etf,r2_score,r2_score_main_etf,chisquare_normal,chisquare_normal_main_etf,n_days_error_bt_mae,n_days_error_bt_main_etf_mae,mean_abs_diff_when_bt_mae,mean_abs_diff_when_bt_main_etf_mae,stock_std,mean,lower_sigma,upper_sigma,lower_two_sigma,upper_two_sigma,r2_score_full,r2_score_main_etf_full
CCJ,0.6185507090439916,0.7234168771058003,0.6147249895122435,0.49880365210477584,True,True,43,52,1.334004640596151,1.4414009056590125,1.5193505634440339,0.21765727528852313,-1.3016932881555108,1.737007838732557,-2.8210438515995446,3.256358402176591,0.6744433806366114,0.49328298509552493
