,mae,mae_main_etf,r2_score,r2_score_main_etf,chisquare_normal,chisquare_normal_main_etf,n_days_error_bt_mae,n_days_error_bt_main_etf_mae,mean_abs_diff_when_bt_mae,mean_abs_diff_when_bt_main_etf_mae,stock_std,mean,lower_sigma,upper_sigma,lower_two_sigma,upper_two_sigma,r2_score_full,r2_score_main_etf_full
CCJ,0.6203238176826839,0.720920570383776,0.6132072552605434,0.499760515092712,True,True,43,52,1.3338375989167615,1.434429174925628,1.5177230771813135,0.2173528327591837,-1.3003702444221297,1.7350759099404973,-2.818093321603443,3.252798987121811,0.6742913768006629,0.492600177324539
