,mae,mae_main_etf,r2_score,r2_score_main_etf,chisquare_normal,chisquare_normal_main_etf,n_days_error_bt_mae,n_days_error_bt_main_etf_mae,mean_abs_diff_when_bt_mae,mean_abs_diff_when_bt_main_etf_mae,stock_std,mean,lower_sigma,upper_sigma,lower_two_sigma,upper_two_sigma,r2_score_full,r2_score_main_etf_full
CCJ,0.6253534687759082,0.726119223980969,0.6128962840136996,0.4980396001014714,True,True,44,52,1.3188818228922443,1.4418035819154147,1.5207088352299716,0.21903301712791357,-1.301675818102058,1.7397418523578851,-2.82238465333203,3.2604506875878565,0.674285382611937,0.4930037056955746
