,mae,mae_main_etf,r2_score,r2_score_main_etf,chisquare_normal,chisquare_normal_main_etf,n_days_error_bt_mae,n_days_error_bt_main_etf_mae,mean_abs_diff_when_bt_mae,mean_abs_diff_when_bt_main_etf_mae,stock_std,mean,lower_sigma,upper_sigma,lower_two_sigma,upper_two_sigma,r2_score_full,r2_score_main_etf_full
CCJ,0.6344528104760815,0.7339466799135045,0.6081789997304028,0.4945007736974881,True,True,44,52,1.3362738738579134,1.4529315752264087,1.5223457730368328,0.2193482279683391,-1.3029975450684936,1.741694001005172,-2.8253433181053267,3.2640397740420046,0.6742878641899728,0.49303423090431564
