,mae,mae_main_etf,r2_score,r2_score_main_etf,chisquare_normal,chisquare_normal_main_etf,n_days_error_bt_mae,n_days_error_bt_main_etf_mae,mean_abs_diff_when_bt_mae,mean_abs_diff_when_bt_main_etf_mae,stock_std,mean,lower_sigma,upper_sigma,lower_two_sigma,upper_two_sigma,r2_score_full,r2_score_main_etf_full
SBUX,0.3470711166806893,0.32974695330181203,0.3176358320360384,0.3193369409188762,True,True,71,72,0.7503216440368972,0.7321639087351257,1.2396351536487746,0.0718149395433883,-1.1678202141053864,1.3114500931921629,-2.407455367754161,2.5510852468409375,0.8277218996513995,0.8271451521564175
MCD,0.271950430241367,0.28369156191802736,0.33259382822067696,0.1715376101144055,True,True,83,77,0.5040006403580837,0.5680283912595846,1.0295726389476743,0.06190336802904751,-0.9676692709186268,1.0914760069767218,-1.997241909866301,2.1210486459243962,0.830993586766513,0.8002844033210533
