,mae,mae_main_etf,r2_score,r2_score_main_etf,chisquare_normal,chisquare_normal_main_etf,n_days_error_bt_mae,n_days_error_bt_main_etf_mae,mean_abs_diff_when_bt_mae,mean_abs_diff_when_bt_main_etf_mae,stock_std,mean,lower_sigma,upper_sigma,lower_two_sigma,upper_two_sigma,r2_score_full,r2_score_main_etf_full
SBUX,0.3394342685957541,0.3254531355374188,0.38423974504853764,0.368878487903444,True,True,74,73,0.718655294834141,0.721220322425984,1.2398245781944404,0.07342330368740632,-1.166401274507034,1.3132478818818467,-2.4062258527014744,2.553072460076287,0.8284120926289851,0.8256775172618664
MCD,0.26510023837747443,0.28258837229021416,0.381558462526423,0.20530577607878175,True,True,85,76,0.4865557637713624,0.5741673936098116,1.0245533999498704,0.06590563994325215,-0.9586477600066182,1.0904590398931224,-1.9832011599564887,2.115012439842993,0.8320802813289034,0.7995398644751655
