,mae,mae_main_etf,r2_score,r2_score_main_etf,chisquare_normal,chisquare_normal_main_etf,n_days_error_bt_mae,n_days_error_bt_main_etf_mae,mean_abs_diff_when_bt_mae,mean_abs_diff_when_bt_main_etf_mae,stock_std,mean,lower_sigma,upper_sigma,lower_two_sigma,upper_two_sigma,r2_score_full,r2_score_main_etf_full
MCD,0.27195043024133425,0.28369156191782,0.3325938282207648,0.1715376101154501,True,True,83,77,0.5040006403580288,0.5680283912591934,1.0295726389476743,0.06190336802904752,-0.9676692709186268,1.0914760069767218,-1.997241909866301,2.1210486459243962,0.8309935867665132,0.800284403321053
SBUX,0.347071116685801,0.32974695330129755,0.3176358320337703,0.3193369409195713,True,True,71,72,0.7503216440456226,0.7321639087339926,1.2396351536487746,0.0718149395433883,-1.1678202141053864,1.3114500931921629,-2.407455367754161,2.5510852468409375,0.8277218996513983,0.8271451521564177
