,mae,mae_main_etf,r2_score,r2_score_main_etf,chisquare_normal,chisquare_normal_main_etf,n_days_error_bt_mae,n_days_error_bt_main_etf_mae,mean_abs_diff_when_bt_mae,mean_abs_diff_when_bt_main_etf_mae,stock_std,mean,lower_sigma,upper_sigma,lower_two_sigma,upper_two_sigma,r2_score_full,r2_score_main_etf_full
MCD,0.26252027048950083,0.27746917637371576,0.38745229502651835,0.22040689470907382,True,True,85,76,0.4805272037289252,0.5636146773519244,1.0192866279947155,0.061024294356257155,-0.9582623336384584,1.0803109223509726,-1.9775489616331738,2.0995975503456883,0.8320768366152386,0.7977193726226885
SBUX,0.33854943537212395,0.32653626313880807,0.38054560837559515,0.36312712547925463,True,True,72,72,0.7330920386811308,0.7310065756414041,1.238245607751365,0.07324363874032408,-1.165001969011041,1.3114892464916892,-2.403247576762406,2.549734854243054,0.8276306638382109,0.8236783584616841
