,mae,mae_main_etf,r2_score,r2_score_main_etf,shapiro_normal,pearson_normal,ks_normal,chisquare_normal,shapiro_normal_main_etf,pearson_normal_main_etf,ks_normal_main_etf,chisquare_normal_main_etf,n_days_error_bt_mae,n_days_error_bt_main_etf_mae,mean_abs_diff_when_bt_mae,mean_abs_diff_when_bt_main_etf_mae,stock_std,mean,lower_sigma,upper_sigma,lower_two_sigma,upper_two_sigma,r2_score_full,r2_score_main_etf_full
SBUX,0.32219640388617554,0.30724697507038146,0.4094789514009842,0.3559860784481058,False,False,False,True,False,False,False,True,70,68,0.6626770192701331,0.6768242209960087,1.2647736981846864,0.07468688194734856,-1.190086816237338,1.339460580132035,-2.454860514422024,2.6042342783167216,0.8300514397461427,0.8285530777558481
MCD,0.2967477385751004,0.3110541767238119,0.22219304633159498,0.011857449448607671,False,False,False,True,False,False,False,True,72,67,0.5846031731106679,0.6623253030145663,1.057348891047672,0.06558778799210788,-0.9917611030555642,1.12293667903978,-2.0491099941032362,2.180285570087452,0.8205109687601411,0.7809066935087672
