,mae,mae_main_etf,r2_score,r2_score_main_etf,chisquare_normal,chisquare_normal_main_etf,n_days_error_bt_mae,n_days_error_bt_main_etf_mae,mean_abs_diff_when_bt_mae,mean_abs_diff_when_bt_main_etf_mae,stock_std,mean,lower_sigma,upper_sigma,lower_two_sigma,upper_two_sigma,r2_score_full,r2_score_main_etf_full
SBUX,0.34854959609212705,0.3321059566992265,0.31676738630572054,0.31659908481218746,True,True,70,71,0.7562991623559795,0.73807405314115,1.2422640965893588,0.07494310754384506,-1.1673209890455136,1.317207204133204,-2.4095850856348724,2.5594713007225627,0.8279938906658973,0.8276433501122094
MCD,0.2723505174608919,0.2845688822353163,0.3365730843746826,0.1771581929858631,True,True,82,76,0.5044732577045818,0.5677789723333135,1.0308684629611777,0.06242921697553618,-0.9684392459856416,1.093297679936714,-1.9993077089468192,2.1241661428978915,0.8315336322772708,0.8005004138431864
