,mae,mae_main_etf,r2_score,r2_score_main_etf,chisquare_normal,chisquare_normal_main_etf,n_days_error_bt_mae,n_days_error_bt_main_etf_mae,mean_abs_diff_when_bt_mae,mean_abs_diff_when_bt_main_etf_mae,stock_std,mean,lower_sigma,upper_sigma,lower_two_sigma,upper_two_sigma,r2_score_full,r2_score_main_etf_full
MCD,0.27056220226391564,0.2822767146191244,0.37791732939887,0.22947939293350927,True,True,83,77,0.5008149693532452,0.5637521256177889,1.030892518119013,0.05680284920680009,-0.9740896689122128,1.087695367325813,-2.0049821870312257,2.118587885444826,0.8312261874828102,0.8005859313169822
SBUX,0.35262729964900796,0.3372115203812004,0.37535565522523295,0.3605430898837283,True,True,72,71,0.7558311727592559,0.7578707273631473,1.2451628769645906,0.06639350034767523,-1.1787693766169154,1.3115563773122658,-2.4239322535815058,2.5567192542768566,0.82845830815832,0.8259105190582312
