,mae,mae_main_etf,r2_score,r2_score_main_etf,chisquare_normal,chisquare_normal_main_etf,n_days_error_bt_mae,n_days_error_bt_main_etf_mae,mean_abs_diff_when_bt_mae,mean_abs_diff_when_bt_main_etf_mae,stock_std,mean,lower_sigma,upper_sigma,lower_two_sigma,upper_two_sigma,r2_score_full,r2_score_main_etf_full
SBUX,0.33854943537241794,0.32653626313884854,0.3805456083756452,0.3631271254792027,True,True,72,72,0.7330920386816115,0.7310065756414934,1.2382456077513648,0.07324363874032405,-1.1650019690110407,1.311489246491689,-2.4032475767624057,2.5497348542430536,0.827630663838208,0.8236783584616852
MCD,0.2625202704895237,0.27746917637360974,0.3874522950264693,0.22040689470956354,True,True,85,76,0.4805272037289561,0.5636146773517293,1.0192866279947155,0.061024294356257176,-0.9582623336384583,1.0803109223509726,-1.9775489616331738,2.0995975503456883,0.8320768366152395,0.7977193726226881
