,mae,mae_main_etf,r2_score,r2_score_main_etf,chisquare_normal,chisquare_normal_main_etf,n_days_error_bt_mae,n_days_error_bt_main_etf_mae,mean_abs_diff_when_bt_mae,mean_abs_diff_when_bt_main_etf_mae,stock_std,mean,lower_sigma,upper_sigma,lower_two_sigma,upper_two_sigma,r2_score_full,r2_score_main_etf_full
MCD,0.270562202263884,0.28227671461874493,0.37791732939894773,0.22947939293532393,True,True,83,77,0.500814969353198,0.5637521256171005,1.030892518119013,0.05680284920680013,-0.9740896689122128,1.0876953673258132,-2.0049821870312257,2.118587885444826,0.831226187482808,0.8005859313169819
SBUX,0.3526272996534633,0.3372115203812271,0.3753556552259717,0.36054308988370665,True,True,72,71,0.7558311727658842,0.7578707273632029,1.2451628769645906,0.06639350034767523,-1.1787693766169154,1.3115563773122658,-2.4239322535815058,2.5567192542768566,0.8284583081583187,0.8259105190582317
