,mae,mae_main_etf,r2_score,r2_score_main_etf,chisquare_normal,chisquare_normal_main_etf,n_days_error_bt_mae,n_days_error_bt_main_etf_mae,mean_abs_diff_when_bt_mae,mean_abs_diff_when_bt_main_etf_mae,stock_std,mean,lower_sigma,upper_sigma,lower_two_sigma,upper_two_sigma,r2_score_full,r2_score_main_etf_full
MCD,0.271595961826364,0.2833905554454142,0.3350004990006551,0.17730633817005725,True,True,82,76,0.5057323313021408,0.5677789723329836,1.0301226926074123,0.06230968857015875,-0.9678130040372536,1.0924323811775711,-1.9979356966446657,2.122555073784983,0.8313688573679131,0.800500652612044
SBUX,0.3475995063738613,0.3308103959707737,0.31704491780855837,0.3165737039613128,True,True,70,71,0.7562991623592548,0.7380740531417456,1.2413637616490212,0.07482122486323105,-1.1665425367857902,1.3161849865122521,-2.407906298434811,2.5575487481612735,0.8280253982776967,0.8276411422766118
