,mae,mae_main_etf,r2_score,r2_score_main_etf,chisquare_normal,chisquare_normal_main_etf,n_days_error_bt_mae,n_days_error_bt_main_etf_mae,mean_abs_diff_when_bt_mae,mean_abs_diff_when_bt_main_etf_mae,stock_std,mean,lower_sigma,upper_sigma,lower_two_sigma,upper_two_sigma,r2_score_full,r2_score_main_etf_full
MCD,0.26252027048953797,0.2774691763736518,0.3874522950264355,0.22040689470936936,True,True,85,76,0.4805272037289752,0.5636146773518066,1.0192866279947155,0.06102429435625716,-0.9582623336384584,1.0803109223509726,-1.9775489616331738,2.0995975503456883,0.8320768366152408,0.7977193726226876
SBUX,0.33854943536998017,0.32653626313900486,0.380545608374926,0.3631271254790015,True,True,72,72,0.733092038677855,0.7310065756418391,1.2382456077513648,0.07324363874032407,-1.1650019690110407,1.311489246491689,-2.4032475767624057,2.5497348542430536,0.8276306638382087,0.823678358461684
