,mae,mae_main_etf,r2_score,r2_score_main_etf,chisquare_normal,chisquare_normal_main_etf,n_days_error_bt_mae,n_days_error_bt_main_etf_mae,mean_abs_diff_when_bt_mae,mean_abs_diff_when_bt_main_etf_mae,stock_std,mean,lower_sigma,upper_sigma,lower_two_sigma,upper_two_sigma,r2_score_full,r2_score_main_etf_full
SBUX,0.33933665792166107,0.3282951970989473,0.37201423176826975,0.3509412907856808,True,True,73,73,0.7240661886916454,0.7269361633107325,1.2402874763071943,0.07208055048147607,-1.1682069258257182,1.3123680267886704,-2.4084944021329124,2.5526555030958646,0.8285674829169063,0.8255662477600078
MCD,0.2662490240914206,0.28345173974987886,0.3785937683543472,0.2052816934355043,True,True,85,76,0.4878200346313715,0.5734193555265551,1.0261592887252697,0.06370216880416818,-0.9624571199211016,1.0898614575294379,-1.9886164086463713,2.1160207462547076,0.8317594215583266,0.7996170175089247
