,mae,mae_main_etf,r2_score,r2_score_main_etf,chisquare_normal,chisquare_normal_main_etf,n_days_error_bt_mae,n_days_error_bt_main_etf_mae,mean_abs_diff_when_bt_mae,mean_abs_diff_when_bt_main_etf_mae,stock_std,mean,lower_sigma,upper_sigma,lower_two_sigma,upper_two_sigma,r2_score_full,r2_score_main_etf_full
SBUX,0.33996423632787703,0.3274168046094018,0.3817736296255757,0.36287893954655837,True,True,74,73,0.7206989914635898,0.7269361633098211,1.2405735051469868,0.07411701822926368,-1.1664564869177232,1.3146905233762505,-2.40702999206471,2.5552640285232373,0.8287018611153929,0.8258952955511786
MCD,0.26698576326004514,0.28522479897812497,0.3765510367871744,0.19838501121476693,True,True,85,76,0.4896846421865328,0.5784386123796381,1.0255317409854434,0.06425823478049981,-0.9612735062049436,1.0897899757659433,-1.986805247190387,2.1153217167513865,0.8316353680792419,0.7990607565901111
