,mae,mae_main_etf,r2_score,r2_score_main_etf,chisquare_normal,chisquare_normal_main_etf,n_days_error_bt_mae,n_days_error_bt_main_etf_mae,mean_abs_diff_when_bt_mae,mean_abs_diff_when_bt_main_etf_mae,stock_std,mean,lower_sigma,upper_sigma,lower_two_sigma,upper_two_sigma,r2_score_full,r2_score_main_etf_full
MCD,0.27109240484034425,0.28219131979734585,0.3363425557324432,0.17783128431632955,True,True,82,76,0.5044594725843994,0.5677139678827454,1.0316152315618843,0.06110539885429749,-0.9705098327075868,1.0927206304161818,-2.002125064269471,2.124335861978066,0.8312595377812616,0.8007240684138075
SBUX,0.3481458393308905,0.3320812323252307,0.31550355196811974,0.31384175150315363,True,True,71,72,0.7514424428663382,0.7361238555335088,1.2421682155535712,0.07119846413975657,-1.1709697514138147,1.3133666796933277,-2.4131379669673856,2.555534895246899,0.8278905806487428,0.8274694619525321
