,mae,mae_main_etf,r2_score,r2_score_main_etf,chisquare_normal,chisquare_normal_main_etf,n_days_error_bt_mae,n_days_error_bt_main_etf_mae,mean_abs_diff_when_bt_mae,mean_abs_diff_when_bt_main_etf_mae,stock_std,mean,lower_sigma,upper_sigma,lower_two_sigma,upper_two_sigma,r2_score_full,r2_score_main_etf_full
SBUX,0.3481427445931334,0.3303449540604126,0.3175541986525062,0.3188853529748973,True,True,70,70,0.7564038744731729,0.742249531413122,1.244719909535485,0.07150632620807432,-1.1732135833274107,1.3162262357435595,-2.417933492862896,2.5609461452790443,0.8281244679806556,0.8278147055862898
MCD,0.2725287400603672,0.2840621792025308,0.3375574059441364,0.17969744878886695,True,True,82,76,0.5044680745785687,0.5678046398611845,1.0340663118499847,0.059088539347854824,-0.9749777725021298,1.0931548511978395,-2.0090440843521145,2.127221163047824,0.8308703436459192,0.8006023575004986
