,mae,mae_main_etf,r2_score,r2_score_main_etf,chisquare_normal,chisquare_normal_main_etf,n_days_error_bt_mae,n_days_error_bt_main_etf_mae,mean_abs_diff_when_bt_mae,mean_abs_diff_when_bt_main_etf_mae,stock_std,mean,lower_sigma,upper_sigma,lower_two_sigma,upper_two_sigma,r2_score_full,r2_score_main_etf_full
CVX,0.23527863537033616,0.23768131014659485,0.8859540421627328,0.8781252603638808,True,True,74,72,0.4560570445930456,0.4764022335388191,1.6256384795204724,0.0978919656433245,-1.5277465138771478,1.723530445163797,-3.15338499339762,3.3491689246842693,0.9132743512180345,0.9128094199199279
