,mae,mae_main_etf,r2_score,r2_score_main_etf,chisquare_normal,chisquare_normal_main_etf,n_days_error_bt_mae,n_days_error_bt_main_etf_mae,mean_abs_diff_when_bt_mae,mean_abs_diff_when_bt_main_etf_mae,stock_std,mean,lower_sigma,upper_sigma,lower_two_sigma,upper_two_sigma,r2_score_full,r2_score_main_etf_full
CVX,0.23484564528373686,0.24037389514871738,0.8839346088411846,0.8721953625323575,True,True,74,71,0.4581238189169811,0.49059540340767044,1.6237797179167528,0.09664850032632497,-1.527131217590428,1.7204282182430777,-3.1509109355071807,3.3442079361598305,0.9129067307478456,0.912284214304391
