,mae,mae_main_etf,r2_score,r2_score_main_etf,chisquare_normal,chisquare_normal_main_etf,n_days_error_bt_mae,n_days_error_bt_main_etf_mae,mean_abs_diff_when_bt_mae,mean_abs_diff_when_bt_main_etf_mae,stock_std,mean,lower_sigma,upper_sigma,lower_two_sigma,upper_two_sigma,r2_score_full,r2_score_main_etf_full
CVX,0.22955556027472002,0.23428896509977162,0.8892999235987891,0.8791522382836303,True,True,79,77,0.4368845710117423,0.46195040226799755,1.6218822903472492,0.09809130611763395,-1.5237909842296151,1.7199735964648832,-3.1456732745768643,3.3418558868121324,0.9126694222335521,0.9122080086418418
