,mae,mae_main_etf,r2_score,r2_score_main_etf,chisquare_normal,chisquare_normal_main_etf,n_days_error_bt_mae,n_days_error_bt_main_etf_mae,mean_abs_diff_when_bt_mae,mean_abs_diff_when_bt_main_etf_mae,stock_std,mean,lower_sigma,upper_sigma,lower_two_sigma,upper_two_sigma,r2_score_full,r2_score_main_etf_full
CVX,0.23339525916544898,0.23769334698555916,0.8866479075732487,0.8770390216060154,True,True,74,72,0.45872948336659275,0.4846399494016524,1.6238946303591097,0.09043740230028924,-1.5334572280588206,1.714332032659399,-3.1573518584179303,3.3382266630185087,0.9127037723022977,0.9123393338705691
