,mae,mae_main_etf,r2_score,r2_score_main_etf,chisquare_normal,chisquare_normal_main_etf,n_days_error_bt_mae,n_days_error_bt_main_etf_mae,mean_abs_diff_when_bt_mae,mean_abs_diff_when_bt_main_etf_mae,stock_std,mean,lower_sigma,upper_sigma,lower_two_sigma,upper_two_sigma,r2_score_full,r2_score_main_etf_full
CVX,0.23417502863623627,0.23962775725270993,0.8862508701003718,0.8752983856600806,True,True,75,73,0.4593816369001046,0.4872956641278051,1.6223377191751231,0.09632382182818654,-1.5260138973469366,1.7186615410033097,-3.14835161652206,3.3409992601784326,0.9126007673888364,0.9121294424139905
