,mae,mae_main_etf,r2_score,r2_score_main_etf,chisquare_normal,chisquare_normal_main_etf,n_days_error_bt_mae,n_days_error_bt_main_etf_mae,mean_abs_diff_when_bt_mae,mean_abs_diff_when_bt_main_etf_mae,stock_std,mean,lower_sigma,upper_sigma,lower_two_sigma,upper_two_sigma,r2_score_full,r2_score_main_etf_full
CVX,0.22946124043714486,0.23454112926404716,0.8890866593474738,0.8786064627246537,True,True,80,78,0.43476907990811126,0.46062965244735676,1.619919275545856,0.09962828532167926,-1.5202909902241768,1.7195475608675352,-3.140210265770033,3.3394668364133913,0.9126646198658446,0.9121739217998502
