,mae,mae_main_etf,r2_score,r2_score_main_etf,chisquare_normal,chisquare_normal_main_etf,n_days_error_bt_mae,n_days_error_bt_main_etf_mae,mean_abs_diff_when_bt_mae,mean_abs_diff_when_bt_main_etf_mae,stock_std,mean,lower_sigma,upper_sigma,lower_two_sigma,upper_two_sigma,r2_score_full,r2_score_main_etf_full
CVX,0.2293766507557671,0.23474005332062556,0.8880216862099377,0.8774434661138624,True,True,75,74,0.4430234453147808,0.467288543525315,1.6227727281698723,0.09580613685005299,-1.5269665913198194,1.7185788650199252,-3.1497393194896914,3.3413515931897977,0.913317917070715,0.9128267623986848
