,mae,mae_main_etf,r2_score,r2_score_main_etf,chisquare_normal,chisquare_normal_main_etf,n_days_error_bt_mae,n_days_error_bt_main_etf_mae,mean_abs_diff_when_bt_mae,mean_abs_diff_when_bt_main_etf_mae,stock_std,mean,lower_sigma,upper_sigma,lower_two_sigma,upper_two_sigma,r2_score_full,r2_score_main_etf_full
CVX,0.22982999861607908,0.23488648952059835,0.8891815434966895,0.8788137994058969,True,True,80,78,0.4350339418987317,0.46068634890716553,1.6210176900271691,0.09920900332819384,-1.5218086866989753,1.720226693355363,-3.1428263767261444,3.341244383382532,0.9126669241975031,0.9121744190222392
