,mae,mae_main_etf,r2_score,r2_score_main_etf,chisquare_normal,chisquare_normal_main_etf,n_days_error_bt_mae,n_days_error_bt_main_etf_mae,mean_abs_diff_when_bt_mae,mean_abs_diff_when_bt_main_etf_mae,stock_std,mean,lower_sigma,upper_sigma,lower_two_sigma,upper_two_sigma,r2_score_full,r2_score_main_etf_full
CVX,0.23339525915548548,0.23769334698753464,0.8866479075840962,0.8770390216042914,True,True,74,72,0.458729483340755,0.48463994940518407,1.6238946303591095,0.09043740230028924,-1.5334572280588203,1.7143320326593987,-3.15735185841793,3.3382266630185082,0.9127037723022975,0.9123393338705684
