,mae,mae_main_etf,r2_score,r2_score_main_etf,chisquare_normal,chisquare_normal_main_etf,n_days_error_bt_mae,n_days_error_bt_main_etf_mae,mean_abs_diff_when_bt_mae,mean_abs_diff_when_bt_main_etf_mae,stock_std,mean,lower_sigma,upper_sigma,lower_two_sigma,upper_two_sigma,r2_score_full,r2_score_main_etf_full
CVX,0.23171439324177814,0.23642993856901673,0.8874446587238687,0.8771910393085203,True,True,75,71,0.4462075944599779,0.47922633790137736,1.6244835189136786,0.0981070643303235,-1.5263764545833551,1.722590583244002,-3.1508599734970337,3.3470741021576806,0.913275398180692,0.9128107514456955
