,mae,mae_main_etf,r2_score,r2_score_main_etf,chisquare_normal,chisquare_normal_main_etf,n_days_error_bt_mae,n_days_error_bt_main_etf_mae,mean_abs_diff_when_bt_mae,mean_abs_diff_when_bt_main_etf_mae,stock_std,mean,lower_sigma,upper_sigma,lower_two_sigma,upper_two_sigma,r2_score_full,r2_score_main_etf_full
CVX,0.23778975976891384,0.241575390693194,0.8761475998719834,0.8655196337843352,True,True,78,73,0.46767956174055003,0.4971743512053027,1.611938851418382,0.09110370649351296,-1.520835144924869,1.7030425579118948,-3.132773996343251,3.3149814093302767,0.9083155351991449,0.9033446947451822
