,mae,mae_main_etf,r2_score,r2_score_main_etf,chisquare_normal,chisquare_normal_main_etf,n_days_error_bt_mae,n_days_error_bt_main_etf_mae,mean_abs_diff_when_bt_mae,mean_abs_diff_when_bt_main_etf_mae,stock_std,mean,lower_sigma,upper_sigma,lower_two_sigma,upper_two_sigma,r2_score_full,r2_score_main_etf_full
CVX,0.22555498891317508,0.2299008250288841,0.8942702840761332,0.8841986758636873,True,True,79,77,0.42365929932413837,0.44700921326844534,1.621177795092955,0.09472588509386229,-1.5264519099990925,1.7159036801868173,-3.1476297050920476,3.337081475279772,0.9134087048350461,0.9129713646393522
