,mae,mae_main_etf,r2_score,r2_score_main_etf,chisquare_normal,chisquare_normal_main_etf,n_days_error_bt_mae,n_days_error_bt_main_etf_mae,mean_abs_diff_when_bt_mae,mean_abs_diff_when_bt_main_etf_mae,stock_std,mean,lower_sigma,upper_sigma,lower_two_sigma,upper_two_sigma,r2_score_full,r2_score_main_etf_full
STLD,0.619056589202963,0.8029337182057019,0.6106578076218585,0.4085111379001902,True,True,80,83,1.2073152569113534,1.4880900824685674,1.6389683759286333,0.1626051822705032,-1.47636319365813,1.8015735581991366,-3.1153315695867634,3.44054193412777,0.7569906813756787,0.62272213244208
CLF,0.8323358893418297,1.0600342164947623,0.5130010679210364,0.34845917032796303,False,True,71,80,1.8199637916699836,2.045704721969339,2.107871564100223,0.17141533052495178,-1.936456233575271,2.2792868946251748,-4.044327797675494,4.387158458725398,0.7833553147708376,0.65226956622635
X,0.8740760131019568,1.0429344778148808,0.42185484237715043,0.3229901036106232,False,False,81,80,1.6622778669729155,1.9334329060644646,2.0119643042665163,0.15265021490127742,-1.859314089365239,2.164614519167794,-3.871278393631755,4.17657882343431,0.7581538746794013,0.6413923532129333
NUE,0.6318671948479074,0.7778873957678433,0.5587072193728839,0.37029669070457194,True,True,78,81,1.2394500904633206,1.4620057484433542,1.5102785471961855,0.11022224010083193,-1.4000563070953536,1.6205007872970174,-2.910334854291539,3.130779334493203,0.7864359108651583,0.6531189245116784
