,mae,mae_main_etf,r2_score,r2_score_main_etf,chisquare_normal,chisquare_normal_main_etf,n_days_error_bt_mae,n_days_error_bt_main_etf_mae,mean_abs_diff_when_bt_mae,mean_abs_diff_when_bt_main_etf_mae,stock_std,mean,lower_sigma,upper_sigma,lower_two_sigma,upper_two_sigma,r2_score_full,r2_score_main_etf_full
CLF,0.8873982286542078,1.1368511305502516,0.4821401136103909,0.29715812308075595,False,False,69,73,1.9748303189022858,2.2942086729309104,2.1126856409936603,0.16734848926061244,-1.9453371517330478,2.280034130254273,-4.0580227927267085,4.392719771247933,0.7835964278641695,0.6581201586177488
STLD,0.630961692940144,0.8249798719657366,0.576547348048462,0.3607111112550283,True,True,78,81,1.2456019246768293,1.5286713978768103,1.6393177502010539,0.16050947719798267,-1.4788082730030712,1.7998272273990366,-3.118126023204125,3.4391449776000904,0.7600925754271746,0.6376987021071714
X,0.95830384396977,1.1359027135652942,0.33788681159444733,0.24284003278701638,False,False,69,74,2.0192074461187905,2.233226039207922,2.0145777709482817,0.15296652544696376,-1.8616112455013178,2.1675442963952456,-3.8761890164495996,4.182122067343527,0.7568617830825236,0.6461210993247148
NUE,0.629314029850113,0.770367555889909,0.5310381610854606,0.3363747522036036,True,True,74,79,1.260366852048869,1.4564982151089492,1.5069625355879226,0.10386023467545319,-1.4031023009124695,1.6108227702633757,-2.910064836500392,3.1177853058512985,0.7869006055192558,0.6588122624856432
