,mae,mae_main_etf,r2_score,r2_score_main_etf,chisquare_normal,chisquare_normal_main_etf,n_days_error_bt_mae,n_days_error_bt_main_etf_mae,mean_abs_diff_when_bt_mae,mean_abs_diff_when_bt_main_etf_mae,stock_std,mean,lower_sigma,upper_sigma,lower_two_sigma,upper_two_sigma,r2_score_full,r2_score_main_etf_full
NUE,0.6269741333215318,0.7838539246366698,0.5548262845329379,0.34734677952370496,True,True,75,81,1.2502439801561254,1.4594465074394782,1.5115980180371438,0.09750550402069108,-1.4140925140164526,1.609103522057835,-2.9256905320535966,3.1207015400949785,0.7875694796577487,0.6573992993410924
X,0.9597781656752005,1.1178885015466002,0.33697453914381414,0.2525326044739419,False,False,68,72,2.0358770644014053,2.233832249376859,2.0184031421508726,0.14274902989822463,-1.875654112252648,2.161152172049097,-3.8940572544035206,4.17955531419997,0.758147123649094,0.6459027075299687
STLD,0.6335619175756273,0.8250424937297676,0.5915139584756756,0.37741889223789826,True,True,77,82,1.2601219272155064,1.5277690286321148,1.6424999173266086,0.15441409435157974,-1.488085822975029,1.7969140116781883,-3.1305857403016373,3.439413929004797,0.7609234903859043,0.6322878931233992
CLF,0.8643614634356426,1.10535962072675,0.5001270902175556,0.31499730655953084,False,False,68,75,1.9289395741939757,2.1954301723009992,2.114292944808689,0.16123368922892123,-1.9530592555797677,2.27552663403761,-4.067352200388457,4.389819578846299,0.783728550346172,0.6558063232634801
