,mae,mae_main_etf,r2_score,r2_score_main_etf,chisquare_normal,chisquare_normal_main_etf,n_days_error_bt_mae,n_days_error_bt_main_etf_mae,mean_abs_diff_when_bt_mae,mean_abs_diff_when_bt_main_etf_mae,stock_std,mean,lower_sigma,upper_sigma,lower_two_sigma,upper_two_sigma,r2_score_full,r2_score_main_etf_full
NUE,0.6294950768041389,0.7787686542165018,0.5480264500781653,0.3479868389200248,True,True,77,81,1.2479878264604392,1.4593730981841657,1.5093898894840674,0.10278499316155515,-1.4066048963225122,1.6121748826456226,-2.91599478580658,3.1215647721296897,0.786122805673312,0.6582984769810925
STLD,0.6416007477599452,0.8311997466988854,0.579365250468879,0.3701509525853586,True,True,79,84,1.2727337881450735,1.5299041477943678,1.6411805809131375,0.1594934519581967,-1.4816871289549407,1.8006740328713342,-3.1228677098680784,3.4418546137844714,0.7575752150923392,0.6308646021397057
X,0.949768496039688,1.1149602297110588,0.3313614091232391,0.23894040046372023,False,False,67,72,2.03158637335573,2.2298790481049657,2.0144883040629664,0.14997501335460595,-1.8645132907083606,2.1644633174175723,-3.879001594771327,4.178951621480539,0.7568702074534532,0.6434194915344387
CLF,0.851382392224088,1.0847714969740951,0.49562186214587634,0.3130410355762029,False,False,69,76,1.8864592327581382,2.1489561047548045,2.1126926368492205,0.16760652934662723,-1.9450861075025934,2.2802991661958476,-4.057778744351814,4.392991803045068,0.7832863359922017,0.6554315746996455
