,mae,mae_main_etf,r2_score,r2_score_main_etf,shapiro_normal,pearson_normal,ks_normal,chisquare_normal,shapiro_normal_main_etf,pearson_normal_main_etf,ks_normal_main_etf,chisquare_normal_main_etf,n_days_error_bt_mae,n_days_error_bt_main_etf_mae,mean_abs_diff_when_bt_mae,mean_abs_diff_when_bt_main_etf_mae,stock_std,mean,lower_sigma,upper_sigma,lower_two_sigma,upper_two_sigma,r2_score_full,r2_score_main_etf_full
X,0.9487953510990553,1.1018184530133812,0.378453598584485,0.2529448588161003,False,False,False,False,False,False,False,True,72,75,1.8728665445751649,2.0902616958759648,2.020286546752885,0.1665951475746103,-1.8536913991782749,2.1868816943274956,-3.87397794593116,4.207168241080381,0.7522889262087767,0.6400315824320487
NUE,0.6198438454472663,0.7416151731558127,0.4845091549089441,0.3157223258536006,False,False,False,True,False,False,False,True,72,79,1.2259156482113003,1.368844387607481,1.494252511178624,0.10959460892717654,-1.3846579022514476,1.6038471201058004,-2.8789104134300714,3.0980996312844247,0.7931067050815513,0.6658565957625379
CLF,0.9039521267747671,1.1281717365369937,0.43673965137812853,0.2567576820271995,False,False,False,False,False,False,False,False,67,70,1.9685588379120964,2.302299618166257,2.1090243881290682,0.17819988162829928,-1.930824506500769,2.2872242697573677,-4.039848894629837,4.396248657886436,0.7821509744018756,0.6564485798761945
STLD,0.6192647621559079,0.7950913456861789,0.538385393236614,0.3319077784085226,False,False,False,True,False,False,False,True,75,78,1.2191854536222053,1.4717530360108697,1.6371001597110122,0.17101006255644566,-1.4660900971545665,1.8081102222674579,-3.1031902568655787,3.44521038197847,0.7604470813750707,0.6374620527648388
