,mae,mae_main_etf,r2_score,r2_score_main_etf,chisquare_normal,chisquare_normal_main_etf,n_days_error_bt_mae,n_days_error_bt_main_etf_mae,mean_abs_diff_when_bt_mae,mean_abs_diff_when_bt_main_etf_mae,stock_std,mean,lower_sigma,upper_sigma,lower_two_sigma,upper_two_sigma,r2_score_full,r2_score_main_etf_full
STLD,0.6335619175706472,0.8250424937297696,0.5915139584811046,0.37741889223789526,True,True,77,82,1.260121927206163,1.5277690286321182,1.6424999173266086,0.15441409435157977,-1.488085822975029,1.7969140116781883,-3.1305857403016373,3.439413929004797,0.7609234903859039,0.6322878931234
X,0.9597781656774033,1.1178885015466016,0.33697453914341535,0.2525326044739412,False,False,68,72,2.035877064411194,2.233832249376863,2.0184031421508726,0.14274902989822466,-1.875654112252648,2.161152172049097,-3.8940572544035206,4.17955531419997,0.7581471236490948,0.6459027075299684
CLF,0.8643614634384418,1.1053596207267489,0.5001270902167751,0.31499730655952984,False,False,68,75,1.9289395741989888,2.1954301723009992,2.114292944808689,0.16123368922892123,-1.9530592555797677,2.27552663403761,-4.067352200388457,4.389819578846299,0.7837285503461717,0.6558063232634797
NUE,0.6269741333154377,0.7838539246366705,0.5548262845236862,0.3473467795237061,True,True,75,81,1.2502439801637573,1.4594465074394773,1.5115980180371438,0.0975055040206911,-1.4140925140164526,1.609103522057835,-2.9256905320535966,3.1207015400949785,0.7875694796577496,0.6573992993410922
