,mae,mae_main_etf,r2_score,r2_score_main_etf,chisquare_normal,chisquare_normal_main_etf,n_days_error_bt_mae,n_days_error_bt_main_etf_mae,mean_abs_diff_when_bt_mae,mean_abs_diff_when_bt_main_etf_mae,stock_std,mean,lower_sigma,upper_sigma,lower_two_sigma,upper_two_sigma,r2_score_full,r2_score_main_etf_full
X,0.9144437690885341,1.0813647916060956,0.37244824871591176,0.2795114031734206,False,False,72,74,1.867158637099906,2.1146338840414045,2.0142336538372723,0.1551591935856335,-1.8590744602516387,2.169392847422906,-3.873308114088911,4.183626501260178,0.757451907182983,0.6437434200604261
NUE,0.6289066454883743,0.7825621881025485,0.5576965280371351,0.3538416826957117,True,True,77,81,1.2479670432020002,1.4742165833244503,1.506066835581054,0.10331589304979354,-1.4027509425312605,1.6093827286308475,-2.9088177781123146,3.1154495642119016,0.7887929702742866,0.657212348089199
CLF,0.8391804700565367,1.0638088309866176,0.5100763798969599,0.33478154452069664,False,True,69,79,1.8529568447626616,2.067483124688059,2.105812337338495,0.16578540890369683,-1.9400269284347984,2.271597746242192,-4.045839265773293,4.3774100835806875,0.7839613529980348,0.6559511647208387
STLD,0.6275988818991537,0.8197784214354437,0.600785049671094,0.39251635818138775,True,True,79,84,1.241870887777419,1.5056351596341682,1.6366406544211682,0.15830900280948523,-1.4783316516116831,1.7949496572306534,-3.1149723060328514,3.4315903116518216,0.7588578032606768,0.6348563354643255
