,mae,mae_main_etf,r2_score,r2_score_main_etf,chisquare_normal,chisquare_normal_main_etf,n_days_error_bt_mae,n_days_error_bt_main_etf_mae,mean_abs_diff_when_bt_mae,mean_abs_diff_when_bt_main_etf_mae,stock_std,mean,lower_sigma,upper_sigma,lower_two_sigma,upper_two_sigma,r2_score_full,r2_score_main_etf_full
NUE,0.6312594561172293,0.775577910126954,0.525254355462083,0.31460110370452465,True,True,75,79,1.2564390549330353,1.4667795003714275,1.5058856971016283,0.10396412824721775,-1.4019215688544107,1.609849825348846,-2.907807265956039,3.1157355224504744,0.7854594251391882,0.6551196610760368
STLD,0.6337214949516133,0.8306455036004379,0.5729567121731536,0.34287080771588707,True,True,78,82,1.249345964222902,1.5347801173043545,1.6386501859441323,0.16007059218223949,-1.4785795937618929,1.7987207781263717,-3.117229779706025,3.437370964070504,0.7594154176278914,0.6336217356316465
X,0.9625138746961662,1.1307424894093834,0.3245870195288645,0.2293764882453262,False,False,68,73,2.042420699248405,2.2457771846366286,2.0131215906663127,0.1527445130733107,-1.860377077593002,2.1658661037396234,-3.8734986682593147,4.178987694405936,0.7558623176913477,0.6428665665427487
CLF,0.8842411446770879,1.1277607805805119,0.4737955486651668,0.27788307576534454,False,False,70,72,1.9435037556907953,2.290082149758145,2.11118707248276,0.16778130240802697,-1.943405770074733,2.2789683748907867,-4.054592842557493,4.390155447373547,0.7821441614966871,0.6535479769509152
