,mae,mae_main_etf,r2_score,r2_score_main_etf,chisquare_normal,chisquare_normal_main_etf,n_days_error_bt_mae,n_days_error_bt_main_etf_mae,mean_abs_diff_when_bt_mae,mean_abs_diff_when_bt_main_etf_mae,stock_std,mean,lower_sigma,upper_sigma,lower_two_sigma,upper_two_sigma,r2_score_full,r2_score_main_etf_full
CLF,0.8364308728580946,1.0658696836949717,0.510712858428767,0.33248742236443685,False,True,68,79,1.8591717414809172,2.06748312468806,2.1120196318456723,0.1698425868693262,-1.942177044976346,2.2818622187149984,-4.054196676822018,4.393881850560671,0.7834305812796002,0.6557020445686454
NUE,0.6293255013915057,0.7768521793561646,0.5498608682612647,0.3516397597342309,True,True,77,80,1.2479670432038092,1.467516614758814,1.5092040957246153,0.10471784618045062,-1.4044862495441648,1.6139219419050659,-2.91369034526878,3.123126037629681,0.7862724531998971,0.6586159801946593
X,0.916232472138143,1.0803316414015476,0.36838466802411896,0.2765484937159717,False,False,72,74,1.8671586371068676,2.111622989737877,2.0135401656995877,0.15165962496262828,-1.8618805407369594,2.165199790662216,-3.875420706436547,4.178739956361803,0.7569818682856474,0.6435902501344164
STLD,0.6294633618089398,0.8173213493203099,0.5967876589104273,0.3905187356579898,True,True,79,83,1.2418708877785511,1.5075337889527818,1.6401611819364967,0.1602877959704289,-1.4798733859660678,1.8004489779069257,-3.1200345679025645,3.4406101598434224,0.757526349497446,0.6348574169895257
