,mae,mae_main_etf,r2_score,r2_score_main_etf,chisquare_normal,chisquare_normal_main_etf,n_days_error_bt_mae,n_days_error_bt_main_etf_mae,mean_abs_diff_when_bt_mae,mean_abs_diff_when_bt_main_etf_mae,stock_std,mean,lower_sigma,upper_sigma,lower_two_sigma,upper_two_sigma,r2_score_full,r2_score_main_etf_full
X,0.9615726987581333,1.1451140932529549,0.3337978702795191,0.23045547902960106,False,False,69,72,2.02666936384843,2.2786410024851964,2.0153966004727595,0.15491519254539435,-1.860481407927365,2.1703117930181537,-3.8758780084001248,4.185708393490914,0.7560852622195844,0.6426758107032011
CLF,0.8861061470004454,1.1373745502322083,0.4807839164687133,0.2861615751621449,False,False,68,72,1.9871521034895063,2.311816993698601,2.1138434009556692,0.16583514286503556,-1.9480082580906337,2.279678543820705,-4.061851659046303,4.393521944776374,0.783240403166958,0.6551915624445386
STLD,0.6301345533685371,0.8308445953389461,0.5742798321730562,0.33949298180468535,True,True,78,81,1.2399313670746972,1.5430046037113248,1.6394200437066229,0.16362807417682135,-1.4757919695298014,1.8030481178834443,-3.1152120132364245,3.442468161590067,0.7599535556452173,0.6333881204961953
NUE,0.6314511563161116,0.7777847186591564,0.525811573359864,0.3143122770003811,True,True,74,78,1.2640691332042344,1.4756342923195243,1.507765227168942,0.1049630905743492,-1.4028021365945926,1.6127283177432912,-2.9105673637635348,3.120493544912233,0.7857547557072514,0.6550589677717336
