,mae,mae_main_etf,r2_score,r2_score_main_etf,chisquare_normal,chisquare_normal_main_etf,n_days_error_bt_mae,n_days_error_bt_main_etf_mae,mean_abs_diff_when_bt_mae,mean_abs_diff_when_bt_main_etf_mae,stock_std,mean,lower_sigma,upper_sigma,lower_two_sigma,upper_two_sigma,r2_score_full,r2_score_main_etf_full
CLF,0.838032149661281,1.0617563658712728,0.5079576615465466,0.33254058068727266,False,True,69,79,1.8532573573739777,2.0674934620011736,2.1100995936488314,0.17234712325135143,-1.93775247039748,2.282446716900183,-4.047852064046311,4.392546310549014,0.783085691509454,0.6558975057393828
STLD,0.6286590535918002,0.8144463591991428,0.5973080333309491,0.3912805750696423,True,True,78,83,1.2516703540343834,1.509805643996431,1.6399632984197778,0.16372129095154778,-1.47624200746823,1.8036845893713256,-3.1162053058880077,3.4436478877911036,0.7580717888821076,0.6348679448530116
NUE,0.6349543780777799,0.7842481626861101,0.5532249187338593,0.3524515147102171,True,True,78,82,1.247834784673585,1.465822215555921,1.5114434388116997,0.1102532704514926,-1.401190168360207,1.6216967092631924,-2.912633607171907,3.133140148074892,0.7864963989672585,0.6570695499904797
X,0.9137577203193127,1.0794659711204517,0.37132365859717853,0.2779785641221073,False,False,73,75,1.8528770131412742,2.100844928850765,2.012814768750632,0.15548325983769815,-1.857331508912934,2.1682980285883304,-3.870146277663566,4.181112797338963,0.7574312297544622,0.6437431941949652
