,mae,mae_main_etf,r2_score,r2_score_main_etf,chisquare_normal,chisquare_normal_main_etf,n_days_error_bt_mae,n_days_error_bt_main_etf_mae,mean_abs_diff_when_bt_mae,mean_abs_diff_when_bt_main_etf_mae,stock_std,mean,lower_sigma,upper_sigma,lower_two_sigma,upper_two_sigma,r2_score_full,r2_score_main_etf_full
NUE,0.6340991550521198,0.7790556325675173,0.5289217077806971,0.3198737491091206,True,True,74,78,1.2644848034932372,1.475648610589451,1.5088490881149685,0.10491790158094794,-1.4039311865340207,1.6137669896959164,-2.912780274648989,3.122616077810885,0.7857626036682648,0.6550615589017796
STLD,0.6334892559394687,0.8321274980818767,0.5774737118685507,0.3458215402684549,True,True,78,81,1.2406437827960648,1.5430562186178411,1.6405856244298302,0.163862834684966,-1.4767227897448643,1.8044484591147962,-3.1173084141746945,3.4450340835446265,0.7599508397854511,0.6334094528784748
CLF,0.8914354250129911,1.140502827635189,0.4842512106367337,0.29188938061626124,False,False,69,72,1.9738453026155192,2.3118581871604613,2.1153788023561315,0.16587536119621954,-1.949503441159912,2.281254163552351,-4.064882243516044,4.396632965908482,0.7832420073084196,0.6551987801251333
X,0.9674280735113036,1.1500201217987729,0.33889890517903176,0.23777271914128129,False,False,70,72,2.020646355123655,2.2814388460442716,2.01685354633212,0.15519767245903943,-1.8616558738730808,2.1720512187911596,-3.878509420205201,4.18890476512328,0.7560858235670879,0.642706023795834
