,mae,mae_main_etf,r2_score,r2_score_main_etf,chisquare_normal,chisquare_normal_main_etf,n_days_error_bt_mae,n_days_error_bt_main_etf_mae,mean_abs_diff_when_bt_mae,mean_abs_diff_when_bt_main_etf_mae,stock_std,mean,lower_sigma,upper_sigma,lower_two_sigma,upper_two_sigma,r2_score_full,r2_score_main_etf_full
X,0.9648506997698573,1.1326591829424553,0.32166639504592487,0.22607970788145348,False,False,67,73,2.0587439365128284,2.245360823663957,2.0096704114831874,0.1520564618003041,-1.8576139496828832,2.1617268732834916,-3.8672843611660705,4.1713972847666785,0.7555930673347379,0.6420641942527973
NUE,0.6275743261136248,0.7845471686212134,0.5276016910382122,0.30728246735318054,True,True,75,80,1.2502869417457791,1.4654660904707617,1.5029757153160057,0.10441506074337618,-1.3985606545726295,1.607390776059382,-2.9015363698886354,3.1103664913753875,0.7849768152496377,0.6533243237975329
STLD,0.6354073084015981,0.833989063482958,0.5727438562709942,0.3412368289998803,True,True,77,83,1.265981325593118,1.5359124221742697,1.636792089187588,0.1615878181580087,-1.4752042710295794,1.7983799073455966,-3.111996360217167,3.435171996533185,0.7588284044724437,0.6326687068012866
CLF,0.8763690048072763,1.1306429010202685,0.4784234480387777,0.27710569823940867,False,False,70,74,1.934098079117342,2.2661434851333855,2.1078632061809124,0.16928119799603356,-1.9385820081848788,2.277144404176946,-4.046445214365791,4.385007610357858,0.7818216521656006,0.652554935995312
