,mae,mae_main_etf,r2_score,r2_score_main_etf,chisquare_normal,chisquare_normal_main_etf,n_days_error_bt_mae,n_days_error_bt_main_etf_mae,mean_abs_diff_when_bt_mae,mean_abs_diff_when_bt_main_etf_mae,stock_std,mean,lower_sigma,upper_sigma,lower_two_sigma,upper_two_sigma,r2_score_full,r2_score_main_etf_full
XOM,0.23547425467982078,0.23316922314886498,0.9067551228920265,0.910417918194201,True,True,80,73,0.46465142460553965,0.47032637706047137,1.5658044747231652,0.11687296577646114,-1.448931508946704,1.6826774404996263,-3.014735983669869,3.2484819152227917,0.9383341385109486,0.934466023583258
CVX,0.22576915576211184,0.2376933469865614,0.890844602857336,0.8770390216051407,True,True,75,72,0.44673634747861246,0.4846399494034441,1.6238946303591097,0.09043740230028924,-1.5334572280588206,1.714332032659399,-3.1573518584179303,3.3382266630185087,0.9095826005750369,0.9123393338705682
