,mae,mae_main_etf,r2_score,r2_score_main_etf,chisquare_normal,chisquare_normal_main_etf,n_days_error_bt_mae,n_days_error_bt_main_etf_mae,mean_abs_diff_when_bt_mae,mean_abs_diff_when_bt_main_etf_mae,stock_std,mean,lower_sigma,upper_sigma,lower_two_sigma,upper_two_sigma,r2_score_full,r2_score_main_etf_full
CVX,0.22261688793290335,0.23474005332121872,0.8913861227005927,0.8774434661135084,True,True,74,74,0.4394247866083789,0.4672885435262003,1.6227727281698725,0.09580613685005296,-1.5269665913198196,1.7185788650199254,-3.149739319489692,3.341351593189798,0.9100366214578569,0.9128267623986851
XOM,0.23165824999182708,0.22821743437873018,0.899451111277519,0.9046819105194028,True,True,80,71,0.4561928249655495,0.4630790687420651,1.5587099457721687,0.12468034146488094,-1.4340296043072878,1.6833902872370496,-2.9927395500794565,3.2421002330092183,0.9375714212048625,0.9337647937536254
