,mae,mae_main_etf,r2_score,r2_score_main_etf,shapiro_normal,pearson_normal,ks_normal,chisquare_normal,shapiro_normal_main_etf,pearson_normal_main_etf,ks_normal_main_etf,chisquare_normal_main_etf,n_days_error_bt_mae,n_days_error_bt_main_etf_mae,mean_abs_diff_when_bt_mae,mean_abs_diff_when_bt_main_etf_mae,stock_std,mean,lower_sigma,upper_sigma,lower_two_sigma,upper_two_sigma,r2_score_full,r2_score_main_etf_full
XOM,0.2960386041539352,0.29286823213554447,0.7903392709091598,0.7949512128688853,False,False,False,True,False,False,False,True,68,61,0.6481324557861325,0.6794784170485223,1.5781333675696845,0.12222496182664051,-1.455908405743044,1.700358329396325,-3.0340417733127283,3.2784916969660096,0.9251809507481668,0.9208028641873908
CVX,0.26299252239374266,0.2722567231014388,0.7821449274329335,0.7774066851493122,False,False,False,True,False,False,False,True,63,63,0.5886708529856494,0.6070239003361463,1.6441995907351208,0.09394866072960867,-1.550250930005512,1.7381482514647295,-3.194450520740633,3.38234784219985,0.8977949956413622,0.9007377026388165
