,mae,mae_main_etf,r2_score,r2_score_main_etf,chisquare_normal,chisquare_normal_main_etf,n_days_error_bt_mae,n_days_error_bt_main_etf_mae,mean_abs_diff_when_bt_mae,mean_abs_diff_when_bt_main_etf_mae,stock_std,mean,lower_sigma,upper_sigma,lower_two_sigma,upper_two_sigma,r2_score_full,r2_score_main_etf_full
CVX,0.22860956112492584,0.2403738951491524,0.8858434847908285,0.8721953625320438,True,True,73,71,0.4569852383461954,0.49059540340832314,1.6237797179167528,0.09664850032632497,-1.527131217590428,1.7204282182430777,-3.1509109355071807,3.3442079361598305,0.9094878615217178,0.912284214304391
XOM,0.23268194453821073,0.22938990333063183,0.8989126835626942,0.9042685943452405,True,True,80,71,0.45936393620678295,0.4655317188011174,1.5597656731358003,0.12519165014776665,-1.4345740229880337,1.6849573232835668,-2.9943396961238338,3.2447229964193673,0.9374223582700789,0.9336016773997726
