,mae,mae_main_etf,r2_score,r2_score_main_etf,chisquare_normal,chisquare_normal_main_etf,n_days_error_bt_mae,n_days_error_bt_main_etf_mae,mean_abs_diff_when_bt_mae,mean_abs_diff_when_bt_main_etf_mae,stock_std,mean,lower_sigma,upper_sigma,lower_two_sigma,upper_two_sigma,r2_score_full,r2_score_main_etf_full
XOM,0.24573732303331883,0.23820621750888707,0.8990430175495542,0.9029489604008698,True,True,78,71,0.4859702250791186,0.49283124102387665,1.5634949381123637,0.12111518034246618,-1.4423797577698976,1.6846101184548299,-3.005874695882261,3.248105056567194,0.9301967877649941,0.924198150388239
CVX,0.22785520600610998,0.24157539069257486,0.8781379528770173,0.8655196337849805,True,True,76,73,0.4617743702171455,0.49717435120402964,1.611938851418382,0.09110370649351296,-1.520835144924869,1.7030425579118948,-3.132773996343251,3.3149814093302767,0.9002108321814264,0.9033446947451834
