,mae,mae_main_etf,r2_score,r2_score_main_etf,chisquare_normal,chisquare_normal_main_etf,n_days_error_bt_mae,n_days_error_bt_main_etf_mae,mean_abs_diff_when_bt_mae,mean_abs_diff_when_bt_main_etf_mae,stock_std,mean,lower_sigma,upper_sigma,lower_two_sigma,upper_two_sigma,r2_score_full,r2_score_main_etf_full
CVX,0.225568471049539,0.23962775724941213,0.8917875465317465,0.8752983856630762,True,True,77,73,0.44142237156086905,0.4872956641210016,1.6223377191751231,0.09632382182818658,-1.5260138973469366,1.7186615410033097,-3.1483516165220595,3.340999260178433,0.9095811860669882,0.9121294424139902
XOM,0.23246525746996288,0.23060305269198875,0.9102810355094935,0.9138265343157086,True,True,82,73,0.4529148172204157,0.46284468976597887,1.5670032335454769,0.11696420387689946,-1.4500390296685775,1.6839674374223763,-3.017042263214054,3.2509706709678534,0.9387895515984415,0.9349270799580328
