,mae,mae_main_etf,r2_score,r2_score_main_etf,chisquare_normal,chisquare_normal_main_etf,n_days_error_bt_mae,n_days_error_bt_main_etf_mae,mean_abs_diff_when_bt_mae,mean_abs_diff_when_bt_main_etf_mae,stock_std,mean,lower_sigma,upper_sigma,lower_two_sigma,upper_two_sigma,r2_score_full,r2_score_main_etf_full
CVX,0.21758303444762706,0.2299008250281824,0.8981183782504916,0.8841986758641152,True,True,78,77,0.41745081554579455,0.44700921326699317,1.621177795092955,0.09472588509386227,-1.5264519099990925,1.7159036801868173,-3.1476297050920476,3.337081475279772,0.9102028356889731,0.912971364639353
XOM,0.23602239874345324,0.23216986396829345,0.8999737807468517,0.9046323683824138,True,True,80,72,0.4653894940982431,0.4713759032589211,1.5571532418107203,0.1250775850785288,-1.4320756567321915,1.6822308268892492,-2.989228898542912,3.2393840686999695,0.9375278356154539,0.9337017774750971
