,mae,mae_main_etf,r2_score,r2_score_main_etf,chisquare_normal,chisquare_normal_main_etf,n_days_error_bt_mae,n_days_error_bt_main_etf_mae,mean_abs_diff_when_bt_mae,mean_abs_diff_when_bt_main_etf_mae,stock_std,mean,lower_sigma,upper_sigma,lower_two_sigma,upper_two_sigma,r2_score_full,r2_score_main_etf_full
CVX,0.22133685218207977,0.23488648952131067,0.8943717365229711,0.8788137994052163,True,True,80,78,0.4231014587383856,0.46068634890869986,1.6210176900271691,0.09920900332819386,-1.5218086866989753,1.720226693355363,-3.1428263767261444,3.341244383382532,0.9096595149370293,0.912174419022239
XOM,0.2319880800640421,0.22934915360021416,0.9105509472958246,0.9142359190458693,True,True,83,74,0.4503567031693824,0.45973029416169914,1.5660538611363777,0.1202788639046759,-1.4457749972317018,1.6863327250410536,-3.0118288583680792,3.2523865861774315,0.9388687587518402,0.9350323451698634
