,mae,mae_main_etf,r2_score,r2_score_main_etf,chisquare_normal,chisquare_normal_main_etf,n_days_error_bt_mae,n_days_error_bt_main_etf_mae,mean_abs_diff_when_bt_mae,mean_abs_diff_when_bt_main_etf_mae,stock_std,mean,lower_sigma,upper_sigma,lower_two_sigma,upper_two_sigma,r2_score_full,r2_score_main_etf_full
CVX,0.22576915576147608,0.23769334698655253,0.8908446028578322,0.8770390216051485,True,True,75,72,0.4467363474773551,0.48463994940342836,1.6238946303591097,0.09043740230028921,-1.5334572280588206,1.714332032659399,-3.1573518584179303,3.3382266630185087,0.9095826005750359,0.912339333870568
XOM,0.23547425468295002,0.23316922314887847,0.9067551228889439,0.9104179181941894,True,True,80,73,0.4646514246115645,0.47032637706049896,1.5658044747231652,0.11687296577646115,-1.448931508946704,1.6826774404996263,-3.014735983669869,3.2484819152227917,0.9383341385109478,0.9344660235832575
