,mae,mae_main_etf,r2_score,r2_score_main_etf,chisquare_normal,chisquare_normal_main_etf,n_days_error_bt_mae,n_days_error_bt_main_etf_mae,mean_abs_diff_when_bt_mae,mean_abs_diff_when_bt_main_etf_mae,stock_std,mean,lower_sigma,upper_sigma,lower_two_sigma,upper_two_sigma,r2_score_full,r2_score_main_etf_full
XOM,0.2457373230335968,0.23820621750890017,0.8990430175492544,0.9029489604008613,True,True,78,71,0.48597022507928644,0.4928312410238948,1.5634949381123637,0.12111518034246618,-1.4423797577698976,1.6846101184548299,-3.005874695882261,3.248105056567194,0.9301967877649934,0.9241981503882393
CVX,0.2278552060087291,0.24157539069333947,0.8781379528745126,0.8655196337841835,True,True,76,73,0.46177437022121426,0.4971743512056019,1.6119388514183821,0.091103706493513,-1.5208351449248692,1.703042557911895,-3.1327739963432513,3.314981409330277,0.9002108321814272,0.903344694745183
