,mae,mae_main_etf,r2_score,r2_score_main_etf,chisquare_normal,chisquare_normal_main_etf,n_days_error_bt_mae,n_days_error_bt_main_etf_mae,mean_abs_diff_when_bt_mae,mean_abs_diff_when_bt_main_etf_mae,stock_std,mean,lower_sigma,upper_sigma,lower_two_sigma,upper_two_sigma,r2_score_full,r2_score_main_etf_full
CVX,0.22500222310749407,0.23642993856775,0.8906535594526224,0.877191039309242,True,True,75,71,0.44010520029351824,0.47922633789955554,1.6244835189136786,0.09810706433032347,-1.5263764545833551,1.722590583244002,-3.1508599734970337,3.3470741021576806,0.9099895177070562,0.9128107514456956
XOM,0.23215234309969943,0.22894291293904578,0.899393160664435,0.9046466395940702,True,True,80,71,0.456190622409678,0.4628990048953893,1.560316734153799,0.1267789223673351,-1.433537811786464,1.687095656521134,-2.9938545459402626,3.247412390674933,0.937529303509258,0.9337216885653759
