,mae,mae_main_etf,r2_score,r2_score_main_etf,shapiro_normal,pearson_normal,ks_normal,chisquare_normal,shapiro_normal_main_etf,pearson_normal_main_etf,ks_normal_main_etf,chisquare_normal_main_etf,n_days_error_bt_mae,n_days_error_bt_main_etf_mae,mean_abs_diff_when_bt_mae,mean_abs_diff_when_bt_main_etf_mae,stock_std,mean,lower_sigma,upper_sigma,lower_two_sigma,upper_two_sigma,r2_score_full,r2_score_main_etf_full
CVX,0.26135895616445975,0.2703415829663181,0.7828623477103114,0.7782795403068775,False,False,False,True,False,False,False,True,62,63,0.5922421527341974,0.6047782703308984,1.6432887696586744,0.092328345387185,-1.5509604242714894,1.7356171150458595,-3.194249193930164,3.3789058847045337,0.8977891492950251,0.9008086704552044
XOM,0.28810733888835405,0.2846606129720689,0.7988592554105378,0.8029621222134962,False,False,False,True,False,False,False,True,68,62,0.6300710941652204,0.6540879996882704,1.57541669566843,0.1197541893187961,-1.4556625063496338,1.695170884987226,-3.0310792020180637,3.270587580655656,0.9252384617366962,0.9208739346127528
