,mae,mae_main_etf,r2_score,r2_score_main_etf,chisquare_normal,chisquare_normal_main_etf,n_days_error_bt_mae,n_days_error_bt_main_etf_mae,mean_abs_diff_when_bt_mae,mean_abs_diff_when_bt_main_etf_mae,stock_std,mean,lower_sigma,upper_sigma,lower_two_sigma,upper_two_sigma,r2_score_full,r2_score_main_etf_full
XOM,0.23616281201150865,0.23343631570360418,0.8969038181689548,0.9018640762543564,True,True,78,70,0.4727052962463456,0.47977345239721436,1.561421809253459,0.1270273384676179,-1.4343944707858411,1.688449147721077,-2.9958162800393002,3.249870956974536,0.9376269315700216,0.933775095150442
CVX,0.2262893236355979,0.23768131014764746,0.8913173638638175,0.8781252603632764,True,True,75,72,0.44160408782053434,0.47640223354041367,1.6256384795204726,0.09789196564332452,-1.527746513877148,1.7235304451637972,-3.1533849933976206,3.3491689246842697,0.9099931431251159,0.9128094199199277
