,mae,mae_main_etf,r2_score,r2_score_main_etf,shapiro_normal,pearson_normal,ks_normal,chisquare_normal,shapiro_normal_main_etf,pearson_normal_main_etf,ks_normal_main_etf,chisquare_normal_main_etf,n_days_error_bt_mae,n_days_error_bt_main_etf_mae,mean_abs_diff_when_bt_mae,mean_abs_diff_when_bt_main_etf_mae,stock_std,mean,lower_sigma,upper_sigma,lower_two_sigma,upper_two_sigma,r2_score_full,r2_score_main_etf_full
CVX,0.2634437851405657,0.27260035611400874,0.7814857914393769,0.7767495043314758,False,False,False,True,False,False,False,True,63,63,0.5902531158873787,0.6080890901578148,1.6461425883687544,0.08992017418116667,-1.5562224141875878,1.736062762549921,-3.202365002556342,3.3822053509186754,0.8978859487085457,0.9008847196456713
XOM,0.296217240994691,0.2925699107366299,0.789833779040389,0.79453309323768,False,False,False,True,False,False,False,True,68,61,0.6481567988574009,0.679482677088017,1.578987165712293,0.12098862000186086,-1.457998545710432,1.6999757857141538,-3.0369857114227248,3.278962951426447,0.925152645996506,0.9207766749668647
