,mae,mae_main_etf,r2_score,r2_score_main_etf,chisquare_normal,chisquare_normal_main_etf,n_days_error_bt_mae,n_days_error_bt_main_etf_mae,mean_abs_diff_when_bt_mae,mean_abs_diff_when_bt_main_etf_mae,stock_std,mean,lower_sigma,upper_sigma,lower_two_sigma,upper_two_sigma,r2_score_full,r2_score_main_etf_full
XOM,0.23202581692917995,0.2302793429211337,0.9103310415137873,0.9138426246084786,True,True,83,73,0.45035670318140386,0.46288055739897777,1.566597134842091,0.11871441824309363,-1.4478827165989974,1.6853115530851848,-3.0144798514410884,3.251908687927276,0.9388425479917563,0.9349855522903602
CVX,0.2213083039513601,0.23428896509723054,0.8943423002093269,0.8791522382860651,True,True,79,77,0.4255777465473212,0.46195040226252376,1.6218822903472492,0.09809130611763395,-1.5237909842296151,1.7199735964648832,-3.1456732745768643,3.3418558868121324,0.9096506461373035,0.9122080086418431
