,mae,mae_main_etf,r2_score,r2_score_main_etf,chisquare_normal,chisquare_normal_main_etf,n_days_error_bt_mae,n_days_error_bt_main_etf_mae,mean_abs_diff_when_bt_mae,mean_abs_diff_when_bt_main_etf_mae,stock_std,mean,lower_sigma,upper_sigma,lower_two_sigma,upper_two_sigma,r2_score_full,r2_score_main_etf_full
XOM,0.24573732303645657,0.23820621750890905,0.8990430175469011,0.9029489604008556,True,True,78,71,0.4859702250835275,0.4928312410239072,1.5634949381123637,0.1211151803424662,-1.4423797577698976,1.6846101184548299,-3.005874695882261,3.248105056567194,0.9301967877649935,0.9241981503882392
CVX,0.22785520600766332,0.24157539069214168,0.8781379528755183,0.8655196337854321,True,True,76,73,0.461774370219526,0.49717435120313885,1.611938851418382,0.09110370649351297,-1.520835144924869,1.7030425579118948,-3.132773996343251,3.3149814093302767,0.9002108321814281,0.9033446947451833
