,mae,mae_main_etf,r2_score,r2_score_main_etf,chisquare_normal,chisquare_normal_main_etf,n_days_error_bt_mae,n_days_error_bt_main_etf_mae,mean_abs_diff_when_bt_mae,mean_abs_diff_when_bt_main_etf_mae,stock_std,mean,lower_sigma,upper_sigma,lower_two_sigma,upper_two_sigma,r2_score_full,r2_score_main_etf_full
XOM,0.23602239873883613,0.23216986396829167,0.8999737807513961,0.9046323683824155,True,True,80,72,0.46538949408956876,0.47137590325891765,1.5571532418107203,0.1250775850785288,-1.4320756567321915,1.6822308268892492,-2.989228898542912,3.2393840686999695,0.9375278356154529,0.9337017774750976
CVX,0.21758303444852967,0.22990082502850379,0.8981183782500686,0.8841986758639192,True,True,78,77,0.417450815547069,0.4470092132676583,1.6211777950929547,0.09472588509386229,-1.5264519099990923,1.715903680186817,-3.147629705092047,3.3370814752797715,0.9102028356889732,0.9129713646393539
