,XOP,XLE,XLF,DIA,SPY
CVX,0.8435400978465821,0.9491848935658682,0.8608066131984122,0.8528638717476125,0.8204161420528208
XOM,0.9015329929727862,0.9596333825887179,0.8391461613929893,0.834764206960131,0.8028457654698985
