,XOM,CVX
XOM,1,0.9258892680936432
CVX,0.9366671348131255,1
