,CVX,XOM
CVX,1,0.9366749508440694
XOM,0.9258980986178066,1
