,XOP,XLE,XLF,DIA,SPY
XOM,0.9057118511680673,0.9663654635051507,0.8448147376961712,0.8410344047766368,0.8124121654334668
CVX,0.8483369922291292,0.9554945228017473,0.8643565644226622,0.857807363762722,0.8278847336318863
