,XOP,XLE,XLF,DIA,SPY
CVX,0.8486996346556177,0.9555772689242877,0.8636636107080431,0.856842138087162,0.8265688155123168
XOM,0.9056275318617988,0.9663202696632953,0.8434279994335099,0.8401080170208748,0.8110465791669029
