,XOM,CVX
XOM,1,0.8856992571585246
CVX,0.9409843374198416,1
