,CVX,XOM
CVX,1,0.9412276236771804
XOM,0.8854730094558405,1
