,CVX,XOM
CVX,1,0.9486652110903511
XOM,0.8779195508348225,1
