,XOM,CVX
XOM,1,0.8780236449907078
CVX,0.9482607716489599,1
