,XOP,XLE,XLF,DIA,SPY
CVX,0.8493178688892552,0.9552215349439596,0.8644723297992363,0.8573196086596595,0.8268358701648704
XOM,0.9068897169233479,0.9667098460036107,0.8444302810243168,0.8410871563143146,0.8110445541871777
