,XOM,CVX
XOM,1,0.9258892680936437
CVX,0.9366671348131256,1
