,CVX,XOM
CVX,1,0.9368208806573005
XOM,0.9256847728762143,1
