,XOM,CVX
XOM,1,0.8856992571585253
CVX,0.9409843374198421,1
