,XOM,CVX
XOM,1,0.8838996792244265
CVX,0.9417481786836532,1
