,XOP,XLE,XLF,DIA,SPY
CVX,0.5695278747475051,0.8900951982818648,0.9546795521984532,1.2903902739481585,1.2913604237044363
XOM,0.5959115233874173,0.8783700729200692,0.9059170768810677,1.230839974588664,1.22938773461594
