,XOP,XLE,XLF,DIA,SPY
XOM,0.9079857418781558,0.9615532269417273,0.8432330537274232,0.8412924884448008,0.8119678702154772
CVX,0.8500255557770412,0.9504530677890128,0.8638711713596948,0.8561633222291073,0.8235590048300687
