,XOM,CVX
XOM,1,0.885299880683702
CVX,0.9413953774000182,1
