,XOM,CVX
XOM,1,0.9259379301794514
CVX,0.9366837422251744,1
