,XOP,XLE,XLF,DIA,SPY
CVX,0.8483273883413346,0.9554952584892198,0.8643551625804438,0.8578096376419996,0.8278430829211088
XOM,0.9057064825285778,0.9663355079477446,0.8448008330691139,0.8410099398718353,0.8124145223548935
