,CVX,XOM
CVX,1,0.9473444522884744
XOM,0.8808563277218172,1
