,CVX,XOM
CVX,1,0.9368056350141777
XOM,0.9256707376961056,1
