,XOP,XLE,XLF,DIA,SPY
XOM,0.5942756454639077,0.8770115618872718,0.8993487522548818,1.2200398072134857,1.2228171072631757
CVX,0.5714679628800087,0.8938787672256457,0.9537188704435192,1.288032930469781,1.2935305043274654
