,CVX,XOM
CVX,1,0.9417481786836535
XOM,0.8838996792244268,1
