,CVX,XOM
CVX,1,0.9366139256938156
XOM,0.9258314928205766,1
