,XOP,XLE,XLF,DIA,SPY
CVX,0.5714048442873735,0.8941561735040057,0.9539286826672315,1.2876234657092347,1.2908078922263624
XOM,0.5941442560617181,0.8769023930270201,0.900691644364597,1.2204437591580166,1.219437125586776
