,XOP,XLE,XLF,DIA,SPY
XOM,0.5954725695425875,0.8779398310646935,0.9037291235273787,1.2262034411034337,1.2293849400335712
CVX,0.5699860946491186,0.8907334345938166,0.9542735014535508,1.288531616152312,1.2956451805316498
