,CVX,XOM
CVX,1,0.9366748627106617
XOM,0.9258980605448299,1
