,XOM,CVX
XOM,1,0.926510450723496
CVX,0.9373681582858421,1
