,XOP,XLE,XLF,DIA,SPY
XOM,0.5941432293846448,0.8769280998916686,0.9007022477860132,1.2204792532955893,1.2194398873377383
CVX,0.5714054625112809,0.8941555695066111,0.9539225952924185,1.2876151669475273,1.290870520124613
