,CVX,XOM
CVX,1,0.936683742225174
XOM,0.9259379301794515,1
