,XOP,XLE,XLF,DIA,SPY
CVX,0.8482965463482016,0.9555074457795679,0.8641251012787947,0.8576380882418262,0.8276684289737287
XOM,0.905684788228586,0.9663564797237215,0.8445856654879891,0.840846536501715,0.811876507495925
