,XOP,XLE,XLF,DIA,SPY
XOM,0.9068897169233479,0.9667098460036112,0.8444302810243169,0.8410871563143144,0.8110445541871778
CVX,0.8493178688892552,0.9552215349439593,0.8644723297992359,0.8573196086596601,0.826835870164871
