,XOP,XLE,XLF,DIA,SPY
XOM,0.9076991269995395,0.9669730020615777,0.8444203346626045,0.841220483669028,0.8116920056431489
CVX,0.848881240081069,0.9551375227772386,0.864825673587436,0.8563065898763562,0.8247306254807866
