,CVX,XOM
CVX,1,0.9413378092293179
XOM,0.8852108395603029,1
