,XOM,CVX
XOM,1,0.92642782926419
CVX,0.9371522362366251,1
