,CVX,XOM
CVX,1,0.9373392485315105
XOM,0.9264823206031043,1
