,XOP,XLE,XLF,DIA,SPY
CVX,0.569557696241335,0.8903195096816199,0.9550432536240744,1.290357966571847,1.2919757679206256
XOM,0.5958145754016014,0.8783593955376984,0.9059245068471765,1.230379960369151,1.2293495499026543
