,XOP,XLE,XLF,DIA,SPY
CVX,0.5699860946491184,0.8907334345938166,0.9542735014535518,1.2885316161523115,1.2956451805316487
XOM,0.5954725695425875,0.8779398310646933,0.9037291235273788,1.2262034411034342,1.229384940033571
