,XOP,XLE,XLF,DIA,SPY
XOM,0.5959634130694724,0.8783597039298523,0.90581105949124,1.230669474730037,1.2298259279563348
CVX,0.5697323845880395,0.8903172123006804,0.9548628897777587,1.2906201548812537,1.292448581396079
