,CVX,XOM
CVX,1,0.9473092552782906
XOM,0.8807938841845404,1
