,XOP,XLE,XLF,DIA,SPY
CVX,0.571467962880009,0.8938787672256455,0.9537188704435196,1.2880329304697808,1.2935305043274667
XOM,0.5942756454639078,0.8770115618872714,0.8993487522548818,1.2200398072134853,1.222817107263177
