,XOP,XLE,XLF,DIA,SPY
XOM,0.5948169134183342,0.8629253754108022,0.9015255883655844,1.23086758158239,1.2293915999618232
CVX,0.569264430095939,0.8748233079023378,0.9501702971849796,1.2891922674500604,1.283800839285713
