,XOM,CVX
XOM,1,0.9256642147964542
CVX,0.9366397685291109,1
