,XOP,XLE,XLF,DIA,SPY
XOM,0.9056275318617988,0.9663202696632958,0.8434279994335101,0.8401080170208753,0.8110465791669023
CVX,0.8486996346556173,0.9555772689242877,0.863663610708043,0.8568421380871623,0.8265688155123163
