,XOM,CVX
XOM,1,0.8808977535811925
CVX,0.9456604060282094,1
