,XOP,XLE,XLF,DIA,SPY
CVX,0.5712433181480087,0.8922801544845439,0.9532987667870323,1.2878240498397298,1.2905873142351887
XOM,0.5940239480498967,0.8753505047607888,0.9002619448607897,1.2208852074198444,1.2195795787399897
