,XOP,XLE,XLF,DIA,SPY
CVX,0.8489031266912209,0.9551231252111781,0.8648374679336288,0.85634027180725,0.8246369645485929
XOM,0.9077651118506544,0.9670001124547749,0.8444940537093162,0.8413222505111695,0.8117923742904141
