,XOM,CVX
XOM,1,0.8808186394035257
CVX,0.9473391417568575,1
