,CVX,XOM
CVX,1,0.9456604060282098
XOM,0.8808977535811922,1
