,CVX,XOM
CVX,1,0.9371522362366251
XOM,0.9264278292641897,1
