,XOP,XLE,XLF,DIA,SPY
XOM,0.5948169134183343,0.8629253754108019,0.9015255883655842,1.23086758158239,1.2293915999618228
CVX,0.5692644300959393,0.8748233079023374,0.9501702971849791,1.2891922674500593,1.2838008392857125
