,XOP,XLE,XLF,DIA,SPY
CVX,0.5662901382233003,0.8864770170361569,0.9426480033679105,1.264651230519135,1.2611530248809855
XOM,0.5877303361609477,0.8653060109019445,0.885813600074815,1.1937269595896691,1.1836678772320426
