,XOP,XLE,XLF,DIA,SPY
XOM,0.58772112732528,0.865240589362688,0.8858639016026867,1.189706702090745,1.1842041500663223
CVX,0.5659327029242005,0.8861345378975126,0.9419801702704945,1.2600983157139598,1.2589378038204653
