,CVX,XOM
CVX,1,0.9412007915467604
XOM,0.8854988227156008,1
