,CVX,XOM
CVX,1,0.937370378353286
XOM,0.9265207021827494,1
