,XOP,XLE,XLF,DIA,SPY
XOM,0.9079857418781563,0.9615532269417266,0.8432330537274236,0.8412924884448008,0.811967870215477
CVX,0.8500255557770405,0.9504530677890128,0.8638711713596949,0.8561633222291077,0.8235590048300687
