,CVX,XOM
CVX,1,0.9373778028982196
XOM,0.9265236104279916,1
