,CVX,XOM
CVX,1,0.9483711383789778
XOM,0.8782468772999729,1
