,XOP,XLE,XLF,DIA,SPY
CVX,0.848895798053568,0.9551226226228304,0.8648656302931162,0.8563521237123851,0.8246578313111406
XOM,0.9077673391352428,0.966997194238506,0.8445489123565373,0.8413527503557006,0.8118361676930292
