,XOM,CVX
XOM,1,0.9258952573677853
CVX,0.9366714796804103,1
