,XOP,XLE,XLF,DIA,SPY
CVX,0.8435252957711387,0.9491475873128802,0.8605132584797561,0.852224445889562,0.8204394648228668
XOM,0.9015593148064862,0.9596807913693767,0.8386482138385627,0.8335687179953213,0.8021168781860071
