,XOP,XLE,XLF,DIA,SPY
CVX,0.5665512569367308,0.8868686039361213,0.9427078907874957,1.2611478008124002,1.2600306429813417
XOM,0.5877575945770697,0.8653088832793093,0.8857666459007358,1.1895911971662456,1.1840230161566707
