,XOM,CVX
XOM,1,0.9258892680936442
CVX,0.936667134813126,1
