,XOP,XLE,XLF,DIA,SPY
XOM,0.5948169134183345,0.8629253754108015,0.9015255883655848,1.2308675815823897,1.2293915999618223
CVX,0.5692644300959389,0.8748233079023378,0.9501702971849793,1.2891922674500604,1.2838008392857128
