,XOP,XLE,XLF,DIA,SPY
XOM,0.9015774582643807,0.9596458963946636,0.8390516695655605,0.8346511490744265,0.8027918870091729
CVX,0.8432752371191714,0.9491059249966214,0.8605907636295569,0.8526734071033861,0.8201534389335674
