,XOM,CVX
XOM,1,0.8856992571585242
CVX,0.9409843374198419,1
