,XOP,XLE,XLF,DIA,SPY
CVX,0.8487941895957469,0.9550963518290572,0.8646942305667604,0.8561733263223511,0.8246696723667941
XOM,0.907659283943541,0.9669427807794907,0.8442558328595008,0.8410750248706644,0.8116272094693608
