,CVX,XOM
CVX,1,0.9472917740473947
XOM,0.8809077885969465,1
