,XOP,XLE,XLF,DIA,SPY
CVX,0.5695175531057416,0.8901132606866075,0.9546800558926083,1.2903684000839382,1.291348153397628
XOM,0.5958907101705445,0.8783604385252265,0.9059189058583428,1.2308103164609354,1.2293729477955366
