,XOP,XLE,XLF,DIA,SPY
XOM,0.9079857418781555,0.9615532269417277,0.8432330537274232,0.8412924884448008,0.8119678702154777
CVX,0.8500255557770406,0.9504530677890133,0.863871171359695,0.856163322229108,0.8235590048300689
