,mae,mae_main_etf,r2_score,r2_score_main_etf,chisquare_normal,chisquare_normal_main_etf,n_days_error_bt_mae,n_days_error_bt_main_etf_mae,mean_abs_diff_when_bt_mae,mean_abs_diff_when_bt_main_etf_mae,stock_std,mean,lower_sigma,upper_sigma,lower_two_sigma,upper_two_sigma,r2_score_full,r2_score_main_etf_full
CAKE,0.7206932960735289,0.7301220469623675,0.25960493186462996,0.25093692535574663,False,False,64,67,1.574680548223,1.577553774472216,1.9043701283005456,0.18379963371904665,-1.720570494581499,2.0881697620195925,-3.6249406228820447,3.992539890320138,0.7628079328796915,0.7002729285939127
SBUX,0.3454085299223949,0.32741680460964345,0.35814133449158814,0.36287893954624706,True,True,75,73,0.7256869732420885,0.7269361633103596,1.2213990809710638,0.07268153359921936,-1.1487175473718443,1.2940806145702832,-2.3701166283429083,2.5154796955413468,0.8456284375251886,0.8258952955511794
MCD,0.26875162788615414,0.2852247989782571,0.3408594112575525,0.19838501121411434,True,True,83,76,0.5006685690757391,0.5784386123799,1.016750551533989,0.0751236029827321,-0.9416269485512568,1.091874154516721,-1.958377500085246,2.10862470605071,0.8326961210674891,0.7990607565901121
