,mae,mae_main_etf,r2_score,r2_score_main_etf,chisquare_normal,chisquare_normal_main_etf,n_days_error_bt_mae,n_days_error_bt_main_etf_mae,mean_abs_diff_when_bt_mae,mean_abs_diff_when_bt_main_etf_mae,stock_std,mean,lower_sigma,upper_sigma,lower_two_sigma,upper_two_sigma,r2_score_full,r2_score_main_etf_full
CAKE,0.7196310622679902,0.7321464218364602,0.2559927776002472,0.24460533371374948,False,False,63,68,1.5849195060115298,1.5679888451453583,1.9032625509067262,0.18509067992572642,-1.7181718709809999,2.088353230832453,-3.621434421887726,3.991615781739179,0.7625909258109572,0.7000074236095193
SBUX,0.3448797059153411,0.3254531355370652,0.3605811699835868,0.368878487903858,True,True,75,73,0.7237485218758982,0.7212203224252077,1.2206598840363052,0.07198490214476624,-1.148674981891539,1.2926447861810715,-2.3693348659278444,2.5133046702173765,0.8453847262210954,0.8256775172618656
MCD,0.2668856564019282,0.2825883722904712,0.344904984903154,0.2053057760775222,True,True,83,76,0.4981957677132181,0.5741673936103117,1.0157403223861445,0.07678046240753755,-0.938959859978607,1.092520784793682,-1.9547001823647516,2.1082611071798265,0.8332472896315599,0.7995398644751657
