,mae,mae_main_etf,r2_score,r2_score_main_etf,chisquare_normal,chisquare_normal_main_etf,n_days_error_bt_mae,n_days_error_bt_main_etf_mae,mean_abs_diff_when_bt_mae,mean_abs_diff_when_bt_main_etf_mae,stock_std,mean,lower_sigma,upper_sigma,lower_two_sigma,upper_two_sigma,r2_score_full,r2_score_main_etf_full
CAKE,0.7546582236307983,0.7441672546609909,0.10076203798745254,0.145761302584009,False,False,58,62,1.769773114237536,1.6901692046485775,1.8982362676764146,0.18780616233880063,-1.710430105337614,2.0860424300152154,-3.6086663730140285,3.98427869769163,0.7623342129204056,0.7047344829552864
SBUX,0.35160560749596886,0.3321059566989344,0.29612202710456936,0.3165990848125997,True,True,73,71,0.7441208763612513,0.7380740531405123,1.222732968013146,0.07348421186065161,-1.1492487561524944,1.2962171798737976,-2.3719817241656402,2.518950147886944,0.8456641513023545,0.8276433501122094
MCD,0.27332767596240065,0.28456888223551835,0.3069374503470773,0.17715819298486024,True,True,81,76,0.5058406052857539,0.5677789723336877,1.0220032836112658,0.07350658969257286,-0.948496693918693,1.0955098733038386,-1.9704999775299588,2.1175131569151047,0.8322788239817182,0.8005004138431866
