,mae,mae_main_etf,r2_score,r2_score_main_etf,chisquare_normal,chisquare_normal_main_etf,n_days_error_bt_mae,n_days_error_bt_main_etf_mae,mean_abs_diff_when_bt_mae,mean_abs_diff_when_bt_main_etf_mae,stock_std,mean,lower_sigma,upper_sigma,lower_two_sigma,upper_two_sigma,r2_score_full,r2_score_main_etf_full
SBUX,0.3516072927454507,0.3303449540603607,0.29665841042514907,0.3188853529749689,True,True,73,70,0.7440344358858104,0.7422495314130095,1.2235800384023972,0.07305394892455766,-1.1505260894778395,1.2966339873269548,-2.3741061278802364,2.520214025729352,0.8457053107502523,0.8278147055862894
MCD,0.274032701567118,0.28406217920252563,0.3070823327093384,0.17969744878889193,True,True,81,76,0.505863445050376,0.567804639861175,1.0227376538907398,0.07328974391317887,-0.9494479099775609,1.0960273978039186,-1.9721855638683008,2.1187650516946586,0.8322809791135359,0.8006023575004985
CAKE,0.7526925972779942,0.7429761939717301,0.1018630949777447,0.14548689307733798,False,False,57,62,1.7804809459547706,1.690191921692941,1.8988504133350195,0.1924594725917061,-1.7063909407433133,2.0913098859267256,-3.605241354078333,3.990160299261745,0.7624803590849788,0.7042039507402416
