,mae,mae_main_etf,r2_score,r2_score_main_etf,chisquare_normal,chisquare_normal_main_etf,n_days_error_bt_mae,n_days_error_bt_main_etf_mae,mean_abs_diff_when_bt_mae,mean_abs_diff_when_bt_main_etf_mae,stock_std,mean,lower_sigma,upper_sigma,lower_two_sigma,upper_two_sigma,r2_score_full,r2_score_main_etf_full
SBUX,0.3500757941132938,0.3297469533015381,0.29674776879293496,0.31933694091924647,True,True,74,72,0.7393551913197723,0.7321639087345222,1.2202110248648108,0.07034603300859148,-1.1498649918562194,1.2905570578734022,-2.37007601672103,2.5107680827382133,0.8451797176271973,0.8271451521564182
MCD,0.27249884215381426,0.2836915619177754,0.30269425074735656,0.17153761011567492,True,True,82,77,0.5059932715812163,0.5680283912591093,1.020759611637184,0.07289717932257962,-0.9478624323146043,1.0936567909597636,-1.9686220439517883,2.1144164025969476,0.8316667797676011,0.8002844033210526
CAKE,0.7521486487418136,0.7486965060542727,0.10565964677577566,0.14525980497283442,False,False,58,64,1.769196912196233,1.6703129891608515,1.8923775497929685,0.1850003280686131,-1.7073772217243555,2.0773778778615815,-3.5997547715173237,3.96975542765455,0.7621546475840484,0.7037442106694247
