,mae,mae_main_etf,r2_score,r2_score_main_etf,chisquare_normal,chisquare_normal_main_etf,n_days_error_bt_mae,n_days_error_bt_main_etf_mae,mean_abs_diff_when_bt_mae,mean_abs_diff_when_bt_main_etf_mae,stock_std,mean,lower_sigma,upper_sigma,lower_two_sigma,upper_two_sigma,r2_score_full,r2_score_main_etf_full
MCD,0.27060002577432635,0.28227671461890386,0.3482570848107669,0.22947939293456376,True,True,81,77,0.507673277830765,0.5637521256173889,1.0221922133679215,0.0677194050601447,-0.9544728083077768,1.0899116184280662,-1.9766650216756985,2.112103831795988,0.8319554493765469,0.8005859313169825
CAKE,0.75070585249338,0.7639902010191845,0.19926748701765484,0.19083969259460754,False,False,58,64,1.761247945869414,1.7175690894708429,1.9083977755911494,0.17252199192878315,-1.7358757836623662,2.0809197675199327,-3.6442735592535156,3.989317543111082,0.7638939314826193,0.7016165633412426
SBUX,0.3554739424613992,0.3372115203810379,0.35416126067163767,0.3605430898838603,True,True,76,71,0.7410249034403407,0.757870727362809,1.2259169480771586,0.06488956572170598,-1.1610273823554527,1.2908065137988645,-2.3869443304326112,2.516723461876023,0.8453450319238385,0.825910519058231
