,mae,mae_main_etf,r2_score,r2_score_main_etf,shapiro_normal,pearson_normal,ks_normal,chisquare_normal,shapiro_normal_main_etf,pearson_normal_main_etf,ks_normal_main_etf,chisquare_normal_main_etf,n_days_error_bt_mae,n_days_error_bt_main_etf_mae,mean_abs_diff_when_bt_mae,mean_abs_diff_when_bt_main_etf_mae,stock_std,mean,lower_sigma,upper_sigma,lower_two_sigma,upper_two_sigma,r2_score_full,r2_score_main_etf_full
SBUX,0.3414701767866986,0.3240287565507496,0.32261982975223,0.28909599566421784,False,False,False,True,False,False,False,True,71,66,0.7059063007232949,0.7350575613575375,1.2448190019916676,0.07805558335413021,-1.1667634186375375,1.3228745853457977,-2.411582420629205,2.5676935873374656,0.8475181650702369,0.8289575093548742
CAKE,0.7476259886117989,0.7535347380469347,0.10409746138505516,0.10902244715428444,False,False,False,False,False,False,False,False,51,59,1.8644787777057166,1.756189263272876,1.920519228555666,0.19965566681714308,-1.7208635617385228,2.1201748953728092,-3.641382790294189,4.040694123928475,0.7630943790638206,0.7031084546380385
MCD,0.28642481230703387,0.3041501498890857,0.2130360193593991,0.0143988055842732,False,False,False,True,False,False,False,True,68,72,0.5738326515996073,0.6162432520263879,1.044115422061646,0.07956211401674267,-0.9645533080449034,1.1236775360783886,-2.008668730106549,2.167792958140035,0.8214174638018634,0.7809974148914471
