,mae,mae_main_etf,r2_score,r2_score_main_etf,chisquare_normal,chisquare_normal_main_etf,n_days_error_bt_mae,n_days_error_bt_main_etf_mae,mean_abs_diff_when_bt_mae,mean_abs_diff_when_bt_main_etf_mae,stock_std,mean,lower_sigma,upper_sigma,lower_two_sigma,upper_two_sigma,r2_score_full,r2_score_main_etf_full
MCD,0.2724988421538132,0.28369156191787576,0.30269425074736134,0.17153761011516921,True,True,82,77,0.5059932715812141,0.5680283912592988,1.020759611637184,0.07289717932257962,-0.9478624323146043,1.0936567909597636,-1.9686220439517883,2.1144164025969476,0.8316667797676003,0.8002844033210541
SBUX,0.3500757941131994,0.3297469533015152,0.29674776879304354,0.31933694091927745,True,True,74,72,0.7393551913196006,0.7321639087344717,1.2202110248648108,0.07034603300859148,-1.1498649918562194,1.2905570578734022,-2.37007601672103,2.5107680827382133,0.8451797176271972,0.8271451521564188
CAKE,0.7521486487419292,0.7486965060542156,0.10565964677584727,0.14525980497295354,False,False,58,64,1.769196912196463,1.6703129891606765,1.8923775497929685,0.1850003280686131,-1.7073772217243555,2.0773778778615815,-3.5997547715173237,3.96975542765455,0.762154647584048,0.7037442106694244
