,mae,mae_main_etf,r2_score,r2_score_main_etf,chisquare_normal,chisquare_normal_main_etf,n_days_error_bt_mae,n_days_error_bt_main_etf_mae,mean_abs_diff_when_bt_mae,mean_abs_diff_when_bt_main_etf_mae,stock_std,mean,lower_sigma,upper_sigma,lower_two_sigma,upper_two_sigma,r2_score_full,r2_score_main_etf_full
MCD,0.2694515349103471,0.2774691763736553,0.3573287535274595,0.22040689470935304,True,True,84,76,0.49216650631255826,0.5636146773518131,1.0094072272410368,0.0741149596094927,-0.9352922676315442,1.0835221868505296,-1.9446994948725809,2.092929414091566,0.8326822625239084,0.7977193726226885
CAKE,0.7129761956132264,0.7316280128825381,0.26237696644864184,0.24543411511028657,False,False,63,67,1.5822644315406453,1.5844272682513583,1.8903367833136455,0.1953019784216331,-1.6950348048920123,2.0856387617352787,-3.585371588205658,3.9759755450489243,0.7637048998754293,0.6987736612359481
SBUX,0.3438435444034959,0.3265362631384356,0.356845843219991,0.3631271254797336,True,True,74,72,0.7322607116554714,0.7310065756405808,1.217983887618289,0.07444078490422161,-1.1435431027140672,1.2924246725225106,-2.361526990332356,2.5104085601407995,0.8442923942740188,0.8236783584616837
