,mae,mae_main_etf,r2_score,r2_score_main_etf,chisquare_normal,chisquare_normal_main_etf,n_days_error_bt_mae,n_days_error_bt_main_etf_mae,mean_abs_diff_when_bt_mae,mean_abs_diff_when_bt_main_etf_mae,stock_std,mean,lower_sigma,upper_sigma,lower_two_sigma,upper_two_sigma,r2_score_full,r2_score_main_etf_full
CAKE,0.7129761956129115,0.7316280128825179,0.262376966448992,0.24543411511029156,False,False,63,67,1.582264431539893,1.5844272682513365,1.8903367833136455,0.19530197842163316,-1.6950348048920123,2.0856387617352787,-3.585371588205658,3.9759755450489243,0.7637048998754288,0.698773661235949
MCD,0.2694515349091998,0.27746917637370877,0.35732875353154914,0.22040689470910613,True,True,84,76,0.49216650631034903,0.5636146773519114,1.0094072272410368,0.0741149596094927,-0.9352922676315442,1.0835221868505296,-1.9446994948725809,2.092929414091566,0.8326822625239085,0.7977193726226874
SBUX,0.34384354440369364,0.3265362631386796,0.3568458432198087,0.36312712547941983,True,True,74,72,0.7322607116558131,0.73100657564112,1.217983887618289,0.07444078490422161,-1.1435431027140672,1.2924246725225106,-2.361526990332356,2.5104085601407995,0.8442923942740188,0.823678358461684
