,mae,mae_main_etf,r2_score,r2_score_main_etf,chisquare_normal,chisquare_normal_main_etf,n_days_error_bt_mae,n_days_error_bt_main_etf_mae,mean_abs_diff_when_bt_mae,mean_abs_diff_when_bt_main_etf_mae,stock_std,mean,lower_sigma,upper_sigma,lower_two_sigma,upper_two_sigma,r2_score_full,r2_score_main_etf_full
MCD,0.27060002577432585,0.28227671461885967,0.34825708481076856,0.22947939293477548,True,True,81,77,0.5076732778307639,0.5637521256173087,1.0221922133679213,0.06771940506014468,-0.9544728083077767,1.089911618428066,-1.976665021675698,2.1121038317959875,0.831955449376547,0.8005859313169817
SBUX,0.35547394246090813,0.33721152038117663,0.35416126067184395,0.3605430898837476,True,True,76,71,0.7410249034394591,0.7578707273630978,1.2259169480771586,0.064889565721706,-1.1610273823554527,1.2908065137988645,-2.3869443304326112,2.516723461876023,0.845345031923835,0.8259105190582314
CAKE,0.7507058524942777,0.7639902010190991,0.19926748701727737,0.19083969259470313,False,False,58,64,1.7612479458719377,1.7175690894705904,1.9083977755911494,0.17252199192878312,-1.7358757836623664,2.0809197675199327,-3.6442735592535156,3.989317543111082,0.7638939314826199,0.7016165633412423
