,mae,mae_main_etf,r2_score,r2_score_main_etf,chisquare_normal,chisquare_normal_main_etf,n_days_error_bt_mae,n_days_error_bt_main_etf_mae,mean_abs_diff_when_bt_mae,mean_abs_diff_when_bt_main_etf_mae,stock_std,mean,lower_sigma,upper_sigma,lower_two_sigma,upper_two_sigma,r2_score_full,r2_score_main_etf_full
CAKE,0.7546484963794214,0.7427083053168072,0.09766106216200898,0.14616911954517475,False,False,58,62,1.779767504349574,1.6901692046484107,1.8970058698115961,0.18673266927473678,-1.7102732005368593,2.0837385390863328,-3.6072790703484556,3.980744408897929,0.7618004776014571,0.7047079065842796
MCD,0.2724527293400807,0.2833905554451531,0.3046953750037704,0.17730633817135588,True,True,82,76,0.5045044327012587,0.5677789723324987,1.0212610698081446,0.07337016730132033,-0.9478909025068243,1.0946312371094649,-1.9691519723149689,2.1158923069176097,0.8320511897929896,0.8005006526120437
SBUX,0.35057691140013303,0.330810395970059,0.29624115939580775,0.31657370396232354,True,True,73,71,0.7441208763628083,0.7380740531401825,1.221840275101591,0.07336357293154581,-1.1484767021700453,1.295203848033137,-2.3703169772716364,2.517044123134728,0.8456830768246781,0.8276411422766121
