,mae,mae_main_etf,r2_score,r2_score_main_etf,chisquare_normal,chisquare_normal_main_etf,n_days_error_bt_mae,n_days_error_bt_main_etf_mae,mean_abs_diff_when_bt_mae,mean_abs_diff_when_bt_main_etf_mae,stock_std,mean,lower_sigma,upper_sigma,lower_two_sigma,upper_two_sigma,r2_score_full,r2_score_main_etf_full
SBUX,0.3438435444034733,0.32653626313912976,0.35684584322001767,0.3631271254788411,True,True,74,72,0.7322607116554328,0.7310065756421148,1.217983887618289,0.07444078490422162,-1.1435431027140672,1.2924246725225106,-2.361526990332356,2.5104085601407995,0.8442923942740201,0.8236783584616841
MCD,0.2694515349090863,0.27746917637406887,0.3573287535319628,0.22040689470744212,True,True,84,76,0.49216650631012804,0.563614677352574,1.0094072272410368,0.0741149596094927,-0.9352922676315442,1.0835221868505296,-1.9446994948725809,2.092929414091566,0.8326822625239095,0.7977193726226878
CAKE,0.7129761956134828,0.7316280128823935,0.26237696644835695,0.24543411511032298,False,False,63,67,1.5822644315412553,1.5844272682512022,1.8903367833136455,0.19530197842163316,-1.6950348048920123,2.0856387617352787,-3.585371588205658,3.9759755450489243,0.7637048998754286,0.6987736612359476
