,mae,mae_main_etf,r2_score,r2_score_main_etf,chisquare_normal,chisquare_normal_main_etf,n_days_error_bt_mae,n_days_error_bt_main_etf_mae,mean_abs_diff_when_bt_mae,mean_abs_diff_when_bt_main_etf_mae,stock_std,mean,lower_sigma,upper_sigma,lower_two_sigma,upper_two_sigma,r2_score_full,r2_score_main_etf_full
SBUX,0.34366508065644624,0.3290137339689636,0.3498774485875892,0.35176626888920914,True,True,74,73,0.7284946556255164,0.7269044948754251,1.2217284020346346,0.06973271187017761,-1.151995690164457,1.2914611139048122,-2.3737240921990916,2.513189515939447,0.8455418041339446,0.825499536784976
MCD,0.26685363302314635,0.2818268955888411,0.3403015188126518,0.20513909862821778,True,True,82,76,0.4989849233596057,0.5688520919230942,1.0171644739613106,0.07291561175318374,-0.9442488622081269,1.0900800857144943,-1.9614133361694375,2.107244559675805,0.8327656387671658,0.7999131028363929
CAKE,0.7323272189740914,0.7441861109239973,0.2386139785165282,0.23449096275566217,False,False,61,66,1.655554686861758,1.6181791772856449,1.9057556260670503,0.17735994285722803,-1.7283956832098222,2.083115568924278,-3.6341513092768727,3.9888711949913285,0.7631453399518793,0.7005667129063666
