,mae,mae_main_etf,r2_score,r2_score_main_etf,shapiro_normal,pearson_normal,ks_normal,chisquare_normal,shapiro_normal_main_etf,pearson_normal_main_etf,ks_normal_main_etf,chisquare_normal_main_etf,n_days_error_bt_mae,n_days_error_bt_main_etf_mae,mean_abs_diff_when_bt_mae,mean_abs_diff_when_bt_main_etf_mae,stock_std,mean,lower_sigma,upper_sigma,lower_two_sigma,upper_two_sigma,r2_score_full,r2_score_main_etf_full
SBUX,0.34303532079147686,0.3259528206455428,0.32440977043689745,0.2897593159089079,False,False,False,True,False,False,False,True,71,67,0.7061554289179081,0.7316385220500143,1.245775833494207,0.0779200797783858,-1.1678557537158212,1.323695913272593,-2.4136315872100282,2.5694717467668,0.8475182715299556,0.8289688799849897
MCD,0.28689757725594567,0.30540794046010333,0.21412758523671105,0.014772130042786658,False,False,False,True,False,False,False,True,68,73,0.5738572936489841,0.6126048122719837,1.0451396790170313,0.07731456866996292,-0.9678251103470684,1.1224542476869943,-2.0129647893640996,2.1675939267040256,0.8217940007926646,0.7812863829837418
CAKE,0.7483622404883281,0.7550291103928459,0.10591030931996759,0.11010672826335699,False,False,False,False,False,False,False,False,51,59,1.864309918038347,1.7561664188954487,1.9220432378775612,0.1998607803306373,-1.7221824575469238,2.1219040182081983,-3.644225695424485,4.04394725608576,0.7630968870934851,0.7031531962992376
