,mae,mae_main_etf,r2_score,r2_score_main_etf,shapiro_normal,pearson_normal,ks_normal,chisquare_normal,shapiro_normal_main_etf,pearson_normal_main_etf,ks_normal_main_etf,chisquare_normal_main_etf,n_days_error_bt_mae,n_days_error_bt_main_etf_mae,mean_abs_diff_when_bt_mae,mean_abs_diff_when_bt_main_etf_mae,stock_std,mean,lower_sigma,upper_sigma,lower_two_sigma,upper_two_sigma,r2_score_full,r2_score_main_etf_full
SBUX,0.32249993789478487,0.30724697507085086,0.38711025571817315,0.355986078446873,False,False,False,True,False,False,False,True,74,68,0.6466937921699384,0.6768242209971883,1.242110366980155,0.07915548604232377,-1.1629548809378312,1.3212658530224788,-2.405065247917986,2.5633762200026338,0.8473793646937249,0.8285530777558487
MCD,0.2940010793464704,0.3110541767235084,0.20059027408778818,0.011857449450303759,False,False,False,True,False,False,False,True,66,67,0.6055669776015616,0.6623253030139375,1.0447662367706128,0.08294468464634382,-0.9618215521242689,1.1277109214169565,-2.0065877888948815,2.1724771581875695,0.8214151026825551,0.7809066935087677
CAKE,0.7336002552908267,0.7444491816417865,0.09942978974760297,0.09892674985920669,False,False,False,False,False,False,False,False,50,58,1.861103774081343,1.761503473910982,1.9190150438436364,0.2043793941786582,-1.7146356496649782,2.1233944380222947,-3.633650693508615,4.042409481865931,0.7636552192188935,0.7029498269319829
