,mae,mae_main_etf,r2_score,r2_score_main_etf,chisquare_normal,chisquare_normal_main_etf,n_days_error_bt_mae,n_days_error_bt_main_etf_mae,mean_abs_diff_when_bt_mae,mean_abs_diff_when_bt_main_etf_mae,stock_std,mean,lower_sigma,upper_sigma,lower_two_sigma,upper_two_sigma,r2_score_full,r2_score_main_etf_full
MCD,0.2716108095510702,0.28219131979773016,0.3073861092420227,0.1778312843144062,True,True,81,76,0.505728312351938,0.5677139678834724,1.0228015129447519,0.07214269855247425,-0.9506588143922776,1.094944211497226,-1.9734603273370295,2.117745724441978,0.8319908480319034,0.8007240684138077
SBUX,0.3508949740517868,0.3320812323250205,0.2951152274951482,0.3138417515034523,True,True,74,72,0.7395777981660775,0.7361238555330382,1.222716668270327,0.06971862461718961,-1.1529980436531373,1.2924352928875167,-2.3757147119234645,2.5151519611578435,0.8454018160630352,0.827469461952532
CAKE,0.7505629654411693,0.743603227587107,0.10236046065194515,0.145643132740916,False,False,59,62,1.7525700176524646,1.6901132829597327,1.8956981727612925,0.1859010411789704,-1.7097971315823222,2.081599213940263,-3.6054953043436146,3.9772973867015553,0.7623662981680954,0.7045052161011773
