,SBUX,MCD,CAKE
SBUX,1,0.8636996552163969,0.7319351088983469
MCD,0.8586843584309909,1,0.7438137707184347
CAKE,0.790846255555054,0.814752072475556,1
