,SBUX,MCD,CAKE
SBUX,1,1.0135615583397395,0.40980766268635427
MCD,0.6688764245015335,1,0.34703272628877635
CAKE,1.1144730472423936,1.438178633550722,1
