,CAKE,SBUX,MCD
CAKE,1,1.090220848264996,1.446033968035477
SBUX,0.40619413521139597,1,1.0193043892904803
MCD,0.34467967109681563,0.6560074122578728,1
