,SPY,DIA
SBUX,0.9075704026742181,0.9183629001488848
MCD,0.8932388528387111,0.9127914642367274
CAKE,0.8366563529942972,0.8675648169661939
