,SBUX,MCD,CAKE
SBUX,1,1.0093303996565646,0.41106690607743007
MCD,0.669868587562852,1,0.3470306482586687
CAKE,1.1163603291277353,1.4354571932180413,1
