,SBUX,MCD,CAKE
SBUX,1,0.8636321219228964,0.7289368776812519
MCD,0.8582772996151615,1,0.7433208743474974
CAKE,0.7895949608533421,0.8160035273694011,1
