,SPY,DIA
SBUX,0.9102520327738163,0.9199640411627829
MCD,0.8838380262996816,0.915271484917258
CAKE,0.8390995657999382,0.8677795077554685
