,SPY,DIA
CAKE,1.505403072944906,1.5450170829434542
SBUX,1.09396356682297,1.0668473639696696
MCD,0.8995898587334454,0.8852816019226905
