,SPY,DIA
MCD,0.8947892130141875,0.9137387906296058
CAKE,0.8380199918247154,0.8670564525025093
SBUX,0.9088290943294774,0.919140541183133
