,SBUX,CAKE,MCD
SBUX,1,0.4098048636041404,1.013493477957321
CAKE,1.1144618663788475,1,1.4426446394706207
MCD,0.6685158912460717,0.34702571805566296,1
