,MCD,CAKE,SBUX
MCD,1,0.3435883055737645,0.6546032727841185
CAKE,1.456246883667263,1,1.0990000617013675
SBUX,1.0229425906712095,0.40756087255836776,1
