,SBUX,MCD,CAKE
SBUX,1,0.8635189116882356,0.7282948638322234
MCD,0.858042053792242,1,0.7427556696059993
CAKE,0.7891835721726883,0.8154760719212131,1
