,SBUX,MCD,CAKE
SBUX,1,1.0228263533344641,0.4068361412584935
MCD,0.6542372051193708,1,0.34263355469339085
CAKE,1.1001004947306405,1.4567122183403678,1
