,SBUX,MCD,CAKE
SBUX,1,1.0191880473942236,0.40609450384398854
MCD,0.6555364587251179,1,0.34422787866768767
CAKE,1.0905496293085515,1.446129054135974,1
