,SPY,DIA
CAKE,1.5170541088155325,1.5572787575654974
SBUX,1.0968303764864946,1.0701094611777533
MCD,0.8983270410185004,0.884536199109381
