,SPY,DIA
SBUX,0.9086036525539987,0.9192049074254209
MCD,0.8944252518960919,0.9137287819700753
CAKE,0.8374485757742267,0.8666807847014707
