,CAKE,MCD,SBUX
CAKE,1,1.4460897206189707,1.0902586985607383
MCD,0.34464783610282873,1,0.6560084769544275
SBUX,0.4061561375902944,1.0193058319391646,1
