,CAKE,SBUX,MCD
CAKE,1,0.7900869915033873,0.8140210508655424
SBUX,0.7317408362547877,1,0.8632131849995116
MCD,0.7434913139867975,0.8581019932778282,1
