,SPY,DIA
SBUX,1.0914815487861236,1.0644113436701903
MCD,0.8912420602334382,0.884477749317561
CAKE,1.4981289918702032,1.5314662409485225
