,SPY,DIA
CAKE,1.5054861602170133,1.5447328860096732
MCD,0.899585755381418,0.885078126858949
SBUX,1.0939523518371312,1.0667356970814013
