,SPY,DIA
CAKE,0.8400651032854787,0.8670865435785888
MCD,0.8947595306573434,0.9133448775665616
SBUX,0.9097590134960247,0.9191460319295064
