,SPY,DIA
CAKE,0.8366563529942972,0.867564816966194
MCD,0.8932388528387103,0.9127914642367271
SBUX,0.9075704026742183,0.9183629001488853
