,SPY,DIA
SBUX,1.091450462080959,1.0644069351468812
CAKE,1.4980173683742388,1.5314232745435687
MCD,0.8907894000677105,0.8842375579481639
