,SPY,DIA
SBUX,1.09652029617427,1.0697779732009738
MCD,0.8988992108248782,0.8844336549074333
CAKE,1.5166961130870564,1.5567261416724623
