,SPY,DIA
SBUX,0.9104731108633898,0.9200300135464553
CAKE,0.8392299066359918,0.8676203435721664
MCD,0.8838977651685639,0.9153595393315798
