,SPY,DIA
SBUX,0.9104790701301652,0.9200299047603938
MCD,0.8840486613110341,0.9155309338607184
CAKE,0.8392687821791606,0.8676420702574809
