,SPY,DIA
SBUX,0.9086399378539866,0.9192049282494471
CAKE,0.8371656185725822,0.8664994529335407
MCD,0.8942699321974561,0.9137494434880588
