,SPY,DIA
CAKE,0.8371757145282445,0.8665104553128812
SBUX,0.9087048077811576,0.9190736508211924
MCD,0.8942294079099262,0.9140050848047148
