,SBUX,MCD,CAKE
SBUX,1,1.0232770186116382,0.40664769532049416
MCD,0.6545754362520007,1,0.34265668098302465
CAKE,1.100134467969264,1.4573185419177535,1
