,CAKE,SBUX,MCD
CAKE,1,0.7893110751764311,0.8157751891868653
SBUX,0.7282975222205436,1,0.863635543006283
MCD,0.7430140514545673,0.8582833860358543,1
