,SPY,DIA
SBUX,1.096555612995563,1.069518241610591
CAKE,1.5175832045591895,1.557127542271664
MCD,0.899432510666619,0.8849073132063904
