,SPY,DIA
CAKE,0.8373093535753158,0.8666118832815034
SBUX,0.9088194248945195,0.9192107523318871
MCD,0.8939494303440831,0.9136773138041051
