,SBUX,CAKE,MCD
SBUX,1,0.4067152967469269,1.0224040758517423
CAKE,1.1005708644631382,1,1.4565604894430024
MCD,0.6549676490834274,0.34286823133736377,1
