,MCD,SBUX,CAKE
MCD,1,0.8580420537922416,0.7427556696059994
SBUX,0.8635189116882354,1,0.7282948638322232
CAKE,0.8154760719212131,0.7891835721726884,1
