,CAKE,SBUX,MCD
CAKE,1,0.790571839848477,0.8141716057186138
SBUX,0.7321532100514674,1,0.8632955040232613
MCD,0.7436863338306786,0.8583005611673257,1
