,CAKE,MCD,SBUX
CAKE,1,0.8137612179053134,0.7900936260623788
MCD,0.7433937303169159,1,0.8581721514648026
SBUX,0.7317978584911528,0.8631587367374791,1
