,SBUX,CAKE,MCD
SBUX,1,0.7319935475633534,0.8635677129018139
CAKE,0.790356480764089,1,0.8141853656835808
MCD,0.8584972380021338,0.7436318069822202,1
