,SPY,DIA
SBUX,1.0940432022298638,1.0668229494227204
MCD,0.8996353299659157,0.8852731531661814
CAKE,1.5046390004365968,1.544358894945236
