,SPY,DIA
SBUX,1.0906835195034539,1.0644118944793262
MCD,0.8906459525068483,0.8857274308508422
CAKE,1.4976134314139806,1.5334903094428718
