,SPY,DIA
MCD,0.894639847329257,0.9136059518714212
SBUX,0.9094938729206011,0.9189405750521071
CAKE,0.8394489061106983,0.8669213498887824
