,SPY,DIA
CAKE,1.5170957158696368,1.5573337920382848
SBUX,1.0968148801434296,1.0700690786921592
MCD,0.897828957933007,0.8840735020040333
