,SPY,DIA
MCD,0.8930258240300534,0.8825525860490584
CAKE,1.5154131214680846,1.5524486235264416
SBUX,1.0955110812151208,1.0686978820214357
