,SPY,DIA
MCD,0.9022766443752905,0.884836988440027
SBUX,1.098744211400708,1.0697848676215629
CAKE,1.5155615530493793,1.555567958192982
