,SPY,DIA
MCD,0.8947892130141878,0.9137387906296066
SBUX,0.9088290943294778,0.919140541183133
CAKE,0.8380199918247153,0.8670564525025091
