,CAKE,MCD,SBUX
CAKE,1,1.4567122183403673,1.10010049473064
MCD,0.3426335546933911,1,0.6542372051193708
SBUX,0.4068361412584931,1.0228263533344635,1
