,MCD,SBUX,CAKE
MCD,1,0.6554553881523361,0.3443102047817803
SBUX,1.0192147441644337,1,0.40619251353666835
CAKE,1.4459710354206077,1.0902703737225374,1
