,SBUX,MCD,CAKE
SBUX,1,0.859573229664748,0.7350068935438624
MCD,0.8638549695270062,1,0.7441073826341291
CAKE,0.798851252277229,0.8138276154591486,1
