,SBUX,MCD,CAKE
SBUX,1,0.8631587367374791,0.7317978584911531
MCD,0.8581721514648026,1,0.7433937303169158
CAKE,0.790093626062379,0.8137612179053135,1
