,SBUX,MCD,CAKE
SBUX,1,1.0192806518768187,0.40713408068198753
MCD,0.6560126238629632,1,0.3456965703920406
CAKE,1.0904988102187456,1.4462617198082104,1
