,SPY,DIA
MCD,0.8932388528387106,0.912791464236727
CAKE,0.8366563529942974,0.8675648169661937
SBUX,0.9075704026742178,0.9183629001488848
