,SPY,DIA
SBUX,0.9094938729206014,0.9189405750521068
MCD,0.8946398473292568,0.9136059518714217
CAKE,0.8394489061106984,0.8669213498887823
