,MCD,CAKE,SBUX
MCD,1,0.3426335546933908,0.6542372051193709
CAKE,1.4567122183403673,1,1.10010049473064
SBUX,1.0228263533344633,0.40683614125849343,1
