,SPY,DIA
MCD,0.8948788895878991,0.9137740740558977
SBUX,0.9096745658961823,0.9190519368276432
CAKE,0.8399213122205035,0.8671749055015061
