,CAKE,SBUX,MCD
CAKE,1,1.100448961799728,1.4570043838845115
SBUX,0.40706909241840833,1,1.0229066718849862
MCD,0.34282365012042765,0.6543480973532423,1
