,MCD,SBUX,CAKE
MCD,1,0.6546032727841183,0.3435883055737646
SBUX,1.0229425906712097,1,0.40756087255836804
CAKE,1.4562468836672646,1.0990000617013667,1
