,MCD,CAKE,SBUX
MCD,1,0.7433937303169157,0.8581721514648026
CAKE,0.8137612179053135,1,0.7900936260623788
SBUX,0.8631587367374789,0.7317978584911532,1
