,MCD,SBUX,CAKE
MCD,1,0.8586562655782463,0.7441962580289552
SBUX,0.8637089760608109,1,0.7316398472122937
CAKE,0.815225123187439,0.791388997031986,1
