,SPY,DIA
SBUX,1.095511081215121,1.0686978820214357
MCD,0.8930258240300536,0.8825525860490588
CAKE,1.5154131214680846,1.5524486235264416
