,SPY,DIA
CAKE,0.8400958140931164,0.8672350045726412
SBUX,0.9097605876662367,0.9191370373571507
MCD,0.8947589380810649,0.9134533836394436
