,CAKE,MCD,SBUX
CAKE,1,0.8157325277387388,0.7892661749489427
MCD,0.7429942105840645,1,0.8582841794899756
SBUX,0.7282782275432872,0.8636366926131746,1
