,SPY,DIA
SBUX,1.0949060712788776,1.0666811525683786
MCD,0.9007607776273662,0.8846765911326734
CAKE,1.5050610096619537,1.5452436141628925
