,SPY,DIA
CAKE,1.5154131214680844,1.5524486235264419
MCD,0.893025824030053,0.8825525860490584
SBUX,1.0955110812151214,1.0686978820214363
