,MCD,SBUX,CAKE
MCD,1,0.8580164825594523,0.7428161640226926
SBUX,0.8634905270594594,1,0.7283050333108102
CAKE,0.8156294061231583,0.7892916737519833,1
