,MCD,SBUX,CAKE
MCD,1,0.6555364587251178,0.34422787866768767
SBUX,1.0191880473942234,1,0.4060945038439886
CAKE,1.446129054135974,1.090549629308552,1
