,SBUX,CAKE,MCD
SBUX,1,0.7324339523284993,0.8608245715789772
CAKE,0.7986742012934752,1,0.8159860184249123
MCD,0.8639146646807737,0.7441177488716082,1
