,SPY,DIA
SBUX,0.9098575928185354,0.9191490292310593
MCD,0.89481170941273,0.9134535563520826
CAKE,0.8398131208809483,0.8672085170241763
