,SPY,DIA
MCD,0.9009229285112935,0.8847979501253272
SBUX,1.0950928665971529,1.066820458885164
CAKE,1.5052810065467175,1.5451398620144334
