,CAKE,SBUX,MCD
CAKE,1,1.099871113951039,1.4569757548754358
SBUX,0.4068386849122173,1,1.0229235105542203
MCD,0.34244867473442575,0.6538265194214157,1
