,SPY,DIA
MCD,0.9022766443752906,0.8848369884400265
CAKE,1.5155615530493798,1.5555679581929824
SBUX,1.0987442114007073,1.0697848676215633
