,SPY,DIA
MCD,0.9007607776273664,0.8846765911326733
SBUX,1.0949060712788767,1.0666811525683793
CAKE,1.5050610096619528,1.5452436141628931
