,SBUX,MCD,CAKE
SBUX,1,0.8608443134781093,0.7324403832851659
MCD,0.8641173536101796,1,0.7441705320338582
CAKE,0.7986805779408985,0.8164609221816344,1
