,MCD,CAKE,SBUX
MCD,1,0.7441962580289551,0.8586562655782461
CAKE,0.8152251231874382,1,0.7913889970319864
SBUX,0.8637089760608105,0.7316398472122932,1
