,mae,mae_main_etf,r2_score,r2_score_main_etf,chisquare_normal,chisquare_normal_main_etf,n_days_error_bt_mae,n_days_error_bt_main_etf_mae,mean_abs_diff_when_bt_mae,mean_abs_diff_when_bt_main_etf_mae,stock_std,mean,lower_sigma,upper_sigma,lower_two_sigma,upper_two_sigma,r2_score_full,r2_score_main_etf_full
SBUX,0.30856857512878183,0.3297469533014406,0.42621746779528114,0.31933694091937803,True,True,63,72,0.7170826972702499,0.7321639087343077,1.26416830215628,0.07944880012627573,-1.1847195020300043,1.3436171022825556,-2.4488878041862843,2.6077854044388356,0.8149665384503739,0.8271451521564167
CAKE,0.7539566191669563,0.7486965060542095,0.1345213405553728,0.1452598049729662,False,False,61,64,1.7275947758638814,1.6703129891606578,1.9539195768745503,0.14764256806631723,-1.8062770088082332,2.1015621449408677,-3.7601965856827833,4.0554817218154176,0.7412493286010102,0.7037442106694243
