,mae,mae_main_etf,r2_score,r2_score_main_etf,chisquare_normal,chisquare_normal_main_etf,n_days_error_bt_mae,n_days_error_bt_main_etf_mae,mean_abs_diff_when_bt_mae,mean_abs_diff_when_bt_main_etf_mae,stock_std,mean,lower_sigma,upper_sigma,lower_two_sigma,upper_two_sigma,r2_score_full,r2_score_main_etf_full
CAKE,0.7169013793351866,0.731628012882475,0.2965602851635145,0.24543411511030222,True,False,66,67,1.5406771536224593,1.5844272682512903,1.959415480200049,0.15105193534505723,-1.8083635448549917,2.110467415545106,-3.7677790250550407,4.069882895745155,0.7426973830567064,0.6987736612359491
SBUX,0.30952157839386213,0.32653626313874196,0.466375697133952,0.3631271254793398,True,True,67,72,0.6948732556404884,0.7310065756412579,1.2639397620937989,0.0778191077101101,-1.1861206543836889,1.341758869803909,-2.4500604164774877,2.605698631897708,0.8154146601155682,0.8236783584616834
