,mae,mae_main_etf,r2_score,r2_score_main_etf,chisquare_normal,chisquare_normal_main_etf,n_days_error_bt_mae,n_days_error_bt_main_etf_mae,mean_abs_diff_when_bt_mae,mean_abs_diff_when_bt_main_etf_mae,stock_std,mean,lower_sigma,upper_sigma,lower_two_sigma,upper_two_sigma,r2_score_full,r2_score_main_etf_full
CAKE,0.7560459008260003,0.7441672546608852,0.1297155455439889,0.14576130258421938,False,False,60,62,1.7442380100794743,1.690169204648276,1.9600646193682707,0.1501515325657518,-1.8099130868025188,2.1102161519340226,-3.7699777061707898,4.0702807713022935,0.741341752207578,0.7047344829552866
SBUX,0.31106772080636025,0.33210595669882526,0.4247363435679209,0.31659908481275356,True,True,63,71,0.7186308031324846,0.7380740531402739,1.2684786593203943,0.07962391646446561,-1.1888547428559286,1.34810257578486,-2.457333402176323,2.616581235105254,0.8152389829460333,0.8276433501122092
