,mae,mae_main_etf,r2_score,r2_score_main_etf,chisquare_normal,chisquare_normal_main_etf,n_days_error_bt_mae,n_days_error_bt_main_etf_mae,mean_abs_diff_when_bt_mae,mean_abs_diff_when_bt_main_etf_mae,stock_std,mean,lower_sigma,upper_sigma,lower_two_sigma,upper_two_sigma,r2_score_full,r2_score_main_etf_full
SBUX,0.30764572969091425,0.32829519709890087,0.4610209838838556,0.35094129078573966,True,True,66,73,0.6936334956187159,0.7269361633106355,1.266080497520679,0.07668701680639112,-1.1893934807142879,1.34276751432707,-2.455473978234967,2.608848011847749,0.8152865630085386,0.8255662477600085
CAKE,0.723885001241784,0.7323660101481901,0.28845547237801195,0.24696005517612385,True,False,64,67,1.5811886944416502,1.577553774472135,1.9652196246253817,0.14486248269388957,-1.8203571419314921,2.110082107319271,-3.785576766556874,4.075301731944653,0.7419669128706177,0.7000189804651549
