,mae,mae_main_etf,r2_score,r2_score_main_etf,chisquare_normal,chisquare_normal_main_etf,n_days_error_bt_mae,n_days_error_bt_main_etf_mae,mean_abs_diff_when_bt_mae,mean_abs_diff_when_bt_main_etf_mae,stock_std,mean,lower_sigma,upper_sigma,lower_two_sigma,upper_two_sigma,r2_score_full,r2_score_main_etf_full
SBUX,0.3095215783938226,0.3265362631387657,0.4663756971338209,0.36312712547930937,True,True,67,72,0.6948732556403728,0.7310065756413103,1.263939762093799,0.0778191077101101,-1.186120654383689,1.3417588698039091,-2.450060416477488,2.6056986318977082,0.8154146601155682,0.823678358461685
CAKE,0.7169013793354831,0.7316280128824135,0.296560285162608,0.24543411511031799,True,False,66,67,1.5406771536236696,1.584427268251224,1.959415480200049,0.15105193534505723,-1.8083635448549917,2.110467415545106,-3.7677790250550407,4.069882895745155,0.742697383056707,0.6987736612359485
