,mae,mae_main_etf,r2_score,r2_score_main_etf,chisquare_normal,chisquare_normal_main_etf,n_days_error_bt_mae,n_days_error_bt_main_etf_mae,mean_abs_diff_when_bt_mae,mean_abs_diff_when_bt_main_etf_mae,stock_std,mean,lower_sigma,upper_sigma,lower_two_sigma,upper_two_sigma,r2_score_full,r2_score_main_etf_full
CAKE,0.724702999281797,0.7301220469622569,0.2903612755604663,0.2509369253557707,True,False,65,67,1.5707176772638,1.5775537744719257,1.9645669636218213,0.14699668365431853,-1.8175702799675026,2.1115636472761397,-3.782137243589324,4.076130610897961,0.741926317683826,0.7002729285939124
SBUX,0.308958418447432,0.32741680460950645,0.4680478159604501,0.36287893954642325,True,True,67,73,0.6921044359996051,0.7269361633100545,1.2663158386605151,0.07870826314854194,-1.1876075755119733,1.345024101809057,-2.4539234141724884,2.611339940469572,0.8153259528724441,0.8258952955511792
