,mae,mae_main_etf,r2_score,r2_score_main_etf,chisquare_normal,chisquare_normal_main_etf,n_days_error_bt_mae,n_days_error_bt_main_etf_mae,mean_abs_diff_when_bt_mae,mean_abs_diff_when_bt_main_etf_mae,stock_std,mean,lower_sigma,upper_sigma,lower_two_sigma,upper_two_sigma,r2_score_full,r2_score_main_etf_full
CAKE,0.7562486112592188,0.7427083053167721,0.12740646163044822,0.14616911954524514,False,False,60,62,1.7528365852281083,1.690169204648309,1.9587689445234049,0.14914083681011503,-1.8096281077132899,2.10790978133352,-3.7683970522366947,4.066678725856924,0.7409748705740727,0.7047079065842794
SBUX,0.3091677401884896,0.33081039597048034,0.4251627789537872,0.3165737039617277,True,True,63,71,0.7186308031324232,0.7380740531411039,1.2675636133029875,0.07949578897794883,-1.1880678243250387,1.3470594022809363,-2.455631437628026,2.614623015583924,0.8152745551207814,0.8276411422766112
