,mae,mae_main_etf,r2_score,r2_score_main_etf,chisquare_normal,chisquare_normal_main_etf,n_days_error_bt_mae,n_days_error_bt_main_etf_mae,mean_abs_diff_when_bt_mae,mean_abs_diff_when_bt_main_etf_mae,stock_std,mean,lower_sigma,upper_sigma,lower_two_sigma,upper_two_sigma,r2_score_full,r2_score_main_etf_full
CAKE,0.716901379335084,0.7316280128825954,0.29656028516377386,0.2454341151102719,True,False,66,67,1.5406771536220674,1.58442726825142,1.9594154802000487,0.15105193534505723,-1.8083635448549915,2.1104674155451058,-3.7677790250550403,4.069882895745154,0.7426973830567061,0.6987736612359472
SBUX,0.30952157839343775,0.3265362631389913,0.4663756971331743,0.36312712547901904,True,True,67,72,0.6948732556390205,0.7310065756418089,1.263939762093799,0.0778191077101101,-1.186120654383689,1.3417588698039091,-2.450060416477488,2.6056986318977082,0.8154146601155683,0.8236783584616841
