,mae,mae_main_etf,r2_score,r2_score_main_etf,chisquare_normal,chisquare_normal_main_etf,n_days_error_bt_mae,n_days_error_bt_main_etf_mae,mean_abs_diff_when_bt_mae,mean_abs_diff_when_bt_main_etf_mae,stock_std,mean,lower_sigma,upper_sigma,lower_two_sigma,upper_two_sigma,r2_score_full,r2_score_main_etf_full
SBUX,0.314678437887346,0.3372115203811672,0.46784005662903116,0.3605430898837553,True,True,63,71,0.7344521480374115,0.757870727363078,1.26953671042029,0.07402101251912171,-1.1955156979011683,1.3435577229394116,-2.465052408321458,2.6130944333597017,0.8151636407364831,0.8259105190582314
CAKE,0.7513918893366022,0.7639902010190402,0.22823258517224,0.19083969259476896,False,False,61,64,1.715519129914057,1.7175690894704165,1.9689350649552664,0.13534914122109246,-1.8335859237341738,2.104284206176359,-3.8025209886894404,4.0732192711316255,0.7430952368522581,0.701616563341243
