,mae,mae_main_etf,r2_score,r2_score_main_etf,shapiro_normal,pearson_normal,ks_normal,chisquare_normal,shapiro_normal_main_etf,pearson_normal_main_etf,ks_normal_main_etf,chisquare_normal_main_etf,n_days_error_bt_mae,n_days_error_bt_main_etf_mae,mean_abs_diff_when_bt_mae,mean_abs_diff_when_bt_main_etf_mae,stock_std,mean,lower_sigma,upper_sigma,lower_two_sigma,upper_two_sigma,r2_score_full,r2_score_main_etf_full
SBUX,0.287094484148693,0.307246975070774,0.5066559325688775,0.3559860784470752,False,False,False,True,False,False,False,True,70,68,0.59116987341586,0.6768242209969952,1.2899624506796106,0.08270471737896559,-1.207257733300645,1.3726671680585762,-2.4972201839802555,2.662629618738187,0.8162985674614227,0.8285530777558486
CAKE,0.7478843813000223,0.744449181641938,0.10795169817291184,0.09892674985888428,False,False,False,False,False,False,False,False,55,58,1.803284478408977,1.7615034739113418,1.9922016179642155,0.15344641437133238,-1.8387552035928831,2.145648032335548,-3.8309568215570984,4.1378496502997635,0.7415053938212732,0.7029498269319832
