,mae,mae_main_etf,r2_score,r2_score_main_etf,chisquare_normal,chisquare_normal_main_etf,n_days_error_bt_mae,n_days_error_bt_main_etf_mae,mean_abs_diff_when_bt_mae,mean_abs_diff_when_bt_main_etf_mae,stock_std,mean,lower_sigma,upper_sigma,lower_two_sigma,upper_two_sigma,r2_score_full,r2_score_main_etf_full
CAKE,0.7513918893360846,0.7639902010190952,0.2282325851728516,0.19083969259470734,False,False,61,64,1.7155191299128472,1.717569089470579,1.9689350649552664,0.13534914122109248,-1.8335859237341738,2.104284206176359,-3.8025209886894404,4.0732192711316255,0.7430952368522583,0.7016165633412421
SBUX,0.3146784378873223,0.33721152038125707,0.4678400566290224,0.36054308988368244,True,True,63,71,0.7344521480373568,0.7578707273632653,1.26953671042029,0.0740210125191217,-1.1955156979011683,1.3435577229394116,-2.465052408321458,2.6130944333597017,0.8151636407364824,0.8259105190582312
