,mae,mae_main_etf,r2_score,r2_score_main_etf,chisquare_normal,chisquare_normal_main_etf,n_days_error_bt_mae,n_days_error_bt_main_etf_mae,mean_abs_diff_when_bt_mae,mean_abs_diff_when_bt_main_etf_mae,stock_std,mean,lower_sigma,upper_sigma,lower_two_sigma,upper_two_sigma,r2_score_full,r2_score_main_etf_full
SBUX,0.3060519206855056,0.3290137339689992,0.46314972177793756,0.35176626888916507,True,True,65,73,0.6985792955147949,0.7269044948754992,1.266769623707952,0.07581021639518537,-1.1909594073127665,1.3425798401031375,-2.4577290310207185,2.6093494638110895,0.8153426658531162,0.8254995367849765
CAKE,0.735046421572994,0.7441861109240806,0.2692840937774367,0.23449096275561254,True,False,62,66,1.6467111467422884,1.6181791772858374,1.9660421890136042,0.1404323240344043,-1.8256098649791999,2.1064745130480085,-3.791652053992804,4.072516702061613,0.7424348662670928,0.7005667129063666
