,mae,mae_main_etf,r2_score,r2_score_main_etf,chisquare_normal,chisquare_normal_main_etf,n_days_error_bt_mae,n_days_error_bt_main_etf_mae,mean_abs_diff_when_bt_mae,mean_abs_diff_when_bt_main_etf_mae,stock_std,mean,lower_sigma,upper_sigma,lower_two_sigma,upper_two_sigma,r2_score_full,r2_score_main_etf_full
SBUX,0.3113220493975215,0.33208123232517683,0.42233678331433433,0.31384175150323024,True,True,64,72,0.7152419690602472,0.7361238555333881,1.2667540141438398,0.07886720121477686,-1.187886812929063,1.3456212153586167,-2.454640827072903,2.6123752295024563,0.8150102381100224,0.8274694619525309
CAKE,0.7528893573892996,0.7436032275872103,0.1309281100827009,0.14564313274069696,False,False,61,62,1.7280810986192854,1.6901132829600538,1.9574036963974075,0.14837037215956195,-1.8090333242378456,2.1057740685569692,-3.7664370206352533,4.063177764954377,0.7413467203606401,0.7045052161011778
