,mae,mae_main_etf,r2_score,r2_score_main_etf,chisquare_normal,chisquare_normal_main_etf,n_days_error_bt_mae,n_days_error_bt_main_etf_mae,mean_abs_diff_when_bt_mae,mean_abs_diff_when_bt_main_etf_mae,stock_std,mean,lower_sigma,upper_sigma,lower_two_sigma,upper_two_sigma,r2_score_full,r2_score_main_etf_full
SBUX,0.3104495739429817,0.3303449540602567,0.42528048967781673,0.3188853529751121,True,True,63,70,0.7186238016736263,0.7422495314127844,1.2693530006730998,0.07920756036159739,-1.1901454403115024,1.3485605610346971,-2.459498440984602,2.617913561707797,0.8152748675262754,0.8278147055862892
CAKE,0.7532521342278259,0.7429761939715414,0.1315610550582118,0.14548689307769436,False,False,60,62,1.736512705156125,1.6901919216924377,1.9612790265241744,0.1513842639854502,-1.8098947625387243,2.1126632905096248,-3.7711737890628987,4.073942317033799,0.7418217620849545,0.7042039507402412
