,mae,mae_main_etf,r2_score,r2_score_main_etf,chisquare_normal,chisquare_normal_main_etf,n_days_error_bt_mae,n_days_error_bt_main_etf_mae,mean_abs_diff_when_bt_mae,mean_abs_diff_when_bt_main_etf_mae,stock_std,mean,lower_sigma,upper_sigma,lower_two_sigma,upper_two_sigma,r2_score_full,r2_score_main_etf_full
MSTR,0.8035082087110516,0.8698484015505523,-0.8780254673123609,-1.2440225358915482,True,True,2,2,1.117288011195078,1.199441106418944,1.9030635271532683,0.8630598716202581,-1.04000365553301,2.7661233987735265,-2.9430671826862786,4.669186925926795,0.8223692203929429,0.6608363204587168
COIN,0.6075737913844346,0.6950794501110105,-0.7028937200263736,-1.2678515106388617,True,True,2,2,1.1968527488577183,1.3602565583628021,1.7739192591155757,0.4858009790561158,-1.28811828005946,2.2597202381716914,-3.0620375391750354,4.033639497287267,0.7859672224450319,0.42873073277892626
MARA,1.0103208052711328,0.9514474748185846,-1.7560541230397564,-1.3952998055048478,True,True,1,2,2.858279255988427,1.8306803914478058,4.054728457152676,1.305013908495348,-2.7497145486573276,5.359742365648024,-6.804443005810003,9.414470822800698,0.7181770888071288,0.45567314983267404
