,mae,mae_main_etf,r2_score,r2_score_main_etf,chisquare_normal,chisquare_normal_main_etf,n_days_error_bt_mae,n_days_error_bt_main_etf_mae,mean_abs_diff_when_bt_mae,mean_abs_diff_when_bt_main_etf_mae,stock_std,mean,lower_sigma,upper_sigma,lower_two_sigma,upper_two_sigma,r2_score_full,r2_score_main_etf_full
MSTR,0.27256413506264243,0.32014263322052,0.8662414305052196,0.7568558507271261,True,True,2,1,0.3569533909114567,0.6492973576555598,1.9120992103135164,1.226809153134897,-0.6852900571786193,3.1389083634484134,-2.5973892674921357,5.05100757376193,0.8441632459350369,0.7425011553775991
COIN,0.9129414769147277,0.9047253389402258,-2.108730719872874,-3.6261972757106182,True,True,1,1,1.088176552553555,1.8288312632134733,3.0580858456648126,0.38293349049983555,-2.675152355164977,3.441019336164648,-5.733238200829789,6.499105181829461,0.35692092043186974,0.4306794340198187
MARA,3.4727820052510743,4.601460000523957,-1.3884909171298907,-1.8160439246091076,False,True,1,2,7.668252699515581,6.124668121741227,4.1632637277038205,2.126257778567765,-2.0370059491360553,6.289521506271585,-6.200269676839875,10.452785233975407,0.6540892666679547,0.47163890589556745
