,mae,mae_main_etf,r2_score,r2_score_main_etf,chisquare_normal,chisquare_normal_main_etf,n_days_error_bt_mae,n_days_error_bt_main_etf_mae,mean_abs_diff_when_bt_mae,mean_abs_diff_when_bt_main_etf_mae,stock_std,mean,lower_sigma,upper_sigma,lower_two_sigma,upper_two_sigma,r2_score_full,r2_score_main_etf_full
COIN,0.9604676391358454,0.8515154554074164,0.4875465107392599,0.4540381115706996,True,True,3,3,1.2910555475667833,1.3846859580607187,2.000382101216461,0.13660631981756854,-1.8637757813988927,2.1369884210340295,-3.8641578826153538,4.137370522250491,0.8349346650636795,0.7121500618380133
MSTR,0.718961316037507,0.8225250679869559,0.6699081683142618,0.5834836293516972,True,True,3,4,1.0059143339056587,1.0171948217016873,2.0186789358326864,0.5876967585646679,-1.4309821772680187,2.606375694397354,-3.449661113100705,4.625054630230041,0.8532075982268715,0.7954927163519271
MARA,0.974956500211337,0.7485912114795691,0.8124652733704558,0.8555498558268249,True,True,2,2,1.939873352630617,1.8236123906506136,4.316665438353895,0.693444428081804,-3.6232210102720908,5.010109866435699,-7.939886448625986,9.326775304789594,0.7746685943865267,0.6759003570714908
