,mae,mae_main_etf,r2_score,r2_score_main_etf,chisquare_normal,chisquare_normal_main_etf,n_days_error_bt_mae,n_days_error_bt_main_etf_mae,mean_abs_diff_when_bt_mae,mean_abs_diff_when_bt_main_etf_mae,stock_std,mean,lower_sigma,upper_sigma,lower_two_sigma,upper_two_sigma,r2_score_full,r2_score_main_etf_full
MARA,3.4524227307773905,2.450301302341164,-1.2117542867381936,-0.18518751110041132,False,False,2,1,6.168076968837713,6.360737749972739,4.567175064391895,1.391514081641624,-3.175660982750271,5.958689146033519,-7.742836047142166,10.525864210425414,0.741229598272498,0.6152446371648699
MSTR,0.6761739553082182,0.33785484087957096,0.7825336373847002,0.9442391026456826,True,True,2,1,1.1588674367522214,0.8343697238491606,2.130792040661432,0.9436688291523144,-1.1871232115091175,3.0744608698137466,-3.3179152521705495,5.205252910475179,0.8643376730203282,0.8137518948008625
COIN,0.9624887727287944,0.907133343118668,0.6902580336782331,0.6322046175214411,True,True,2,2,1.1641500932840603,1.3737234973302814,3.006139248302938,0.09423342749242414,-2.9119058208105137,3.100372675795362,-5.918045069113452,6.1065119240982995,0.41760745954926337,0.4430535972282852
