,mae,mae_main_etf,r2_score,r2_score_main_etf,chisquare_normal,chisquare_normal_main_etf,n_days_error_bt_mae,n_days_error_bt_main_etf_mae,mean_abs_diff_when_bt_mae,mean_abs_diff_when_bt_main_etf_mae,stock_std,mean,lower_sigma,upper_sigma,lower_two_sigma,upper_two_sigma,r2_score_full,r2_score_main_etf_full
MSTR,0.9270392339325163,0.6295981705979659,0.8690192940815871,0.9260430637674523,True,True,4,3,1.5292981021619223,1.292741579321542,2.2278438353009564,0.3007507469654411,-1.9270930883355153,2.5285945822663973,-4.1549369236364715,4.756438417567354,0.8669628923061683,0.8363488179186895
COIN,0.8268396845971332,0.7474288292960127,0.8601689721232375,0.8298411099339957,True,True,3,3,1.6015552794496208,1.6962745042626677,2.2902705158192456,0.3228688007062128,-1.9674017151130327,2.6131393165254586,-4.257672230932278,4.903409832344704,0.8684582798158147,0.7757646611814102
MARA,0.6633434224815188,0.7276948365691567,0.9758142921929299,0.9695903698920848,True,True,5,4,0.9258478236201293,1.0652666608043004,4.420299196801386,0.7539808344422269,-3.666318362359159,5.174280031243613,-8.086617559160544,9.594579228045,0.8373190337176297,0.7587926826845055
