,mae,mae_main_etf,r2_score,r2_score_main_etf,chisquare_normal,chisquare_normal_main_etf,n_days_error_bt_mae,n_days_error_bt_main_etf_mae,mean_abs_diff_when_bt_mae,mean_abs_diff_when_bt_main_etf_mae,stock_std,mean,lower_sigma,upper_sigma,lower_two_sigma,upper_two_sigma,r2_score_full,r2_score_main_etf_full
COIN,0.5297383584761205,0.6475766117707652,0.8954672757842795,0.8576322450616739,True,True,4,3,0.8491876175394413,1.0754182602137754,1.876205733833574,0.3182531242170514,-1.5579526096165226,2.1944588580506252,-3.434158343450097,4.070664591884199,0.8402329055034121,0.7119541345515218
MARA,0.6834845536304218,0.5700976117834554,0.959221291586137,0.9733842580260529,True,True,3,4,1.0244097576172597,0.781062475412407,3.696335895209303,0.5727347424876471,-3.123601152721656,4.2690706376969505,-6.819937047930959,7.965406532906253,0.7498202511258705,0.5543743085071299
MSTR,0.7636628973147871,0.6189429892759841,0.8220878935801869,0.8636037527185139,True,True,3,3,1.2774327739891507,1.0603266452374775,1.8041037474976935,0.38896605929149675,-1.4151376882061968,2.1930698067891905,-3.21924143570389,3.997173554286884,0.7986257639983146,0.7495758984579841
