,mae,mae_main_etf,r2_score,r2_score_main_etf,chisquare_normal,chisquare_normal_main_etf,n_days_error_bt_mae,n_days_error_bt_main_etf_mae,mean_abs_diff_when_bt_mae,mean_abs_diff_when_bt_main_etf_mae,stock_std,mean,lower_sigma,upper_sigma,lower_two_sigma,upper_two_sigma,r2_score_full,r2_score_main_etf_full
MSTR,0.7062979248541446,0.5438999783858655,0.9000420158804302,0.9245376318925118,True,True,3,3,1.2774327739895484,1.0603266452374793,2.339287406775428,0.3550034577036448,-1.9842839490717834,2.694290864479073,-4.3235713558472115,5.033578271254501,0.8808480567170727,0.8571770416699643
MARA,0.6073537597343508,0.6317036883480683,0.975320332114112,0.9772055338103873,True,True,4,5,0.9360462737026142,0.837439225189993,4.3842096884955275,0.5622173830352458,-3.821992305460282,4.946427071530773,-8.206201993955808,9.330636760026302,0.8287000748410108,0.7199617413459333
COIN,0.6246534865985387,0.6627165542676374,0.9012127721583372,0.9005130543573923,True,True,5,4,0.937161970722547,0.9987377330967704,2.0863663699719477,0.12474476698282218,-1.9616216029891256,2.21111113695477,-4.0479879729610735,4.297477506926717,0.8721138024184616,0.7757646611814102
