,mae,mae_main_etf,r2_score,r2_score_main_etf,chisquare_normal,chisquare_normal_main_etf,n_days_error_bt_mae,n_days_error_bt_main_etf_mae,mean_abs_diff_when_bt_mae,mean_abs_diff_when_bt_main_etf_mae,stock_std,mean,lower_sigma,upper_sigma,lower_two_sigma,upper_two_sigma,r2_score_full,r2_score_main_etf_full
MARA,0.4947027028719201,0.7867376997824979,0.9807501677456643,0.9427386744857704,True,True,3,4,0.7665403339013683,1.2937372178989173,4.276960372154053,0.7376332533433513,-3.539327118810702,5.014593625497405,-7.816287490964755,9.291553997651457,0.841164605940516,0.7628455074854734
MSTR,0.8686956142497058,0.7944301691109288,0.8737274760914118,0.8867061306064852,True,True,4,3,1.4390517908210623,1.561492928653345,2.4192434635051536,0.46096255386736057,-1.958280909637793,2.8802060173725144,-4.377524373142947,5.2994494808776675,0.8886633698914298,0.8695331870848997
COIN,0.7609207743371942,0.8258085653915855,0.8486704388235831,0.7623873470139246,True,True,4,3,1.2325400467653007,1.7817703512426573,2.1900165809323653,0.2686219821535395,-1.921394598778826,2.4586385630859047,-4.111411179711191,4.64865514401827,0.8527455163302938,0.7577786494107847
