,mae,mae_main_etf,r2_score,r2_score_main_etf,chisquare_normal,chisquare_normal_main_etf,n_days_error_bt_mae,n_days_error_bt_main_etf_mae,mean_abs_diff_when_bt_mae,mean_abs_diff_when_bt_main_etf_mae,stock_std,mean,lower_sigma,upper_sigma,lower_two_sigma,upper_two_sigma,r2_score_full,r2_score_main_etf_full
MARA,0.4947027028717559,0.7867376997824995,0.9807501677456866,0.9427386744857702,True,True,3,4,0.7665403339019496,1.2937372178989197,4.276960372154053,0.7376332533433513,-3.539327118810702,5.014593625497405,-7.816287490964755,9.291553997651457,0.8411646059405151,0.7628455074854721
MSTR,0.8686956142479536,0.7944301691109241,0.8737274760918305,0.8867061306064861,True,True,4,3,1.4390517908194487,1.5614929286533403,2.4192434635051536,0.4609625538673609,-1.9582809096377927,2.8802060173725144,-4.377524373142946,5.299449480877668,0.8886633698914294,0.869533187084899
COIN,0.7609207743370491,0.8258085653913785,0.8486704388236525,0.7623873470139133,True,True,4,3,1.2325400467650742,1.7817703512424714,2.1900165809323653,0.2686219821535395,-1.921394598778826,2.4586385630859047,-4.111411179711191,4.64865514401827,0.8527455163302928,0.7577786494107852
