,mae,mae_main_etf,r2_score,r2_score_main_etf,chisquare_normal,chisquare_normal_main_etf,n_days_error_bt_mae,n_days_error_bt_main_etf_mae,mean_abs_diff_when_bt_mae,mean_abs_diff_when_bt_main_etf_mae,stock_std,mean,lower_sigma,upper_sigma,lower_two_sigma,upper_two_sigma,r2_score_full,r2_score_main_etf_full
MARA,0.49470270287189916,0.7867376997824941,0.9807501677456619,0.9427386744857713,True,True,3,4,0.766540333901109,1.293737217898911,4.276960372154053,0.7376332533433513,-3.539327118810702,5.014593625497405,-7.816287490964755,9.291553997651457,0.8411646059405156,0.7628455074854725
COIN,0.7609207743366555,0.8258085653916419,0.8486704388239228,0.7623873470139277,True,True,4,3,1.232540046763536,1.7817703512427079,2.1900165809323653,0.2686219821535395,-1.921394598778826,2.4586385630859047,-4.111411179711191,4.64865514401827,0.8527455163302938,0.7577786494107854
MSTR,0.8686956142472751,0.7944301691109288,0.8737274760919935,0.8867061306064852,True,True,4,3,1.4390517908188167,1.561492928653345,2.419243463505153,0.46096255386736085,-1.9582809096377924,2.880206017372514,-4.377524373142945,5.2994494808776675,0.8886633698914292,0.8695331870848994
