,mae,mae_main_etf,r2_score,r2_score_main_etf,chisquare_normal,chisquare_normal_main_etf,n_days_error_bt_mae,n_days_error_bt_main_etf_mae,mean_abs_diff_when_bt_mae,mean_abs_diff_when_bt_main_etf_mae,stock_std,mean,lower_sigma,upper_sigma,lower_two_sigma,upper_two_sigma,r2_score_full,r2_score_main_etf_full
MARA,4.145663596274004,2.8193706406811665,-1.1980402269411008,-0.1937901512445357,True,True,2,1,6.158221132553774,6.3311771430890245,4.427998746283402,1.2984110810395326,-3.129587665243869,5.726409827322934,-7.5575864115272715,10.154408573606336,0.7185719188048353,0.5933440364828714
MSTR,0.9585815640448652,0.5609940209333071,0.6958072242734035,0.8583559773489501,True,True,2,2,1.3507396052149354,0.9797282540726431,2.083047505383734,0.8640222777089884,-1.2190252276747455,2.9470697830927226,-3.3020727330584796,5.030117288476457,0.8562614236590445,0.7948158897433673
COIN,1.1201464887024302,0.5041545157412859,0.4458051759204108,0.8001370730217162,True,True,1,2,1.7118818349635627,0.9186549343495691,2.9174350749539917,0.024855635477912363,-2.892579439476079,2.9422907104319043,-5.810014514430071,5.859725785385896,0.4038775652271567,0.6663250502698332
