,mae,mae_main_etf,r2_score,r2_score_main_etf,chisquare_normal,chisquare_normal_main_etf,n_days_error_bt_mae,n_days_error_bt_main_etf_mae,mean_abs_diff_when_bt_mae,mean_abs_diff_when_bt_main_etf_mae,stock_std,mean,lower_sigma,upper_sigma,lower_two_sigma,upper_two_sigma,r2_score_full,r2_score_main_etf_full
MSTR,0.7189613160375057,0.8225250679869432,0.6699081683142629,0.5834836293517083,True,True,3,4,1.0059143339056575,1.0171948217016749,2.018678935832687,0.5876967585646677,-1.4309821772680191,2.6063756943973546,-3.449661113100706,4.625054630230041,0.8532075982268708,0.7954927163519258
MARA,0.9749565002125345,0.748591211479571,0.8124652733703992,0.8555498558268256,True,True,2,2,1.9398733526317604,1.823612390650608,4.316665438353895,0.693444428081804,-3.6232210102720908,5.010109866435699,-7.939886448625986,9.326775304789594,0.774668594386526,0.6759003570714901
COIN,0.960467639135158,0.8515154554074176,0.48754651073962263,0.45403811157069773,True,True,3,3,1.2910555475667278,1.3846859580607234,2.000382101216461,0.13660631981756852,-1.8637757813988927,2.1369884210340295,-3.8641578826153538,4.137370522250491,0.834934665063679,0.7121500618380138
