,mae,mae_main_etf,r2_score,r2_score_main_etf,chisquare_normal,chisquare_normal_main_etf,n_days_error_bt_mae,n_days_error_bt_main_etf_mae,mean_abs_diff_when_bt_mae,mean_abs_diff_when_bt_main_etf_mae,stock_std,mean,lower_sigma,upper_sigma,lower_two_sigma,upper_two_sigma,r2_score_full,r2_score_main_etf_full
MARA,3.4988637389720516,3.573080786211539,-0.31353221920581675,-0.3019449085931638,False,True,2,2,5.622680819825282,6.124668121741375,4.733822926815875,1.4496272483909982,-3.2841956784248767,6.183450175206873,-8.018018605240751,10.917273102022747,0.743236145406042,0.6164826419808063
COIN,0.9900927550536271,0.9001766633513021,0.6710748108260951,0.6273419693113822,True,True,2,1,1.1548615710085925,1.8288312632139945,1.9973775786092958,0.7601206627586428,-1.237256915850653,2.7574982413679385,-3.2346344944599488,4.754875819977235,0.8292098442655382,0.43067943401981845
MSTR,0.5733094583008893,0.28802221666365635,0.7488416734226927,0.9456731277493061,True,True,1,1,1.4755454280156046,0.6492973576555585,2.204593634520845,0.901084689815738,-1.303508944705107,3.1056783243365826,-3.5081025792259517,5.310271958857427,0.8726623733493019,0.822103455830834
