,mae,mae_main_etf,r2_score,r2_score_main_etf,chisquare_normal,chisquare_normal_main_etf,n_days_error_bt_mae,n_days_error_bt_main_etf_mae,mean_abs_diff_when_bt_mae,mean_abs_diff_when_bt_main_etf_mae,stock_std,mean,lower_sigma,upper_sigma,lower_two_sigma,upper_two_sigma,r2_score_full,r2_score_main_etf_full
RRC,0.6950846003088937,0.8462946974502046,0.6724980890116822,0.5422456617514273,True,True,74,73,1.3535032192109702,1.6377190828330501,2.2544503996312373,0.10722481739220253,-2.147225582239035,2.3616752170234396,-4.401675981870272,4.616125616654677,0.7209775283178055,0.63739674179528
SWN,0.6504243768196473,0.683514569681554,0.6239766359799725,0.5544444114988263,True,True,90,85,1.142892896006481,1.2555737649575014,2.04860668698063,0.12789080430790503,-1.920715882672725,2.176497491288535,-3.969322569653355,4.225104178269166,0.6586495631066335,0.5805616216286421
AR,0.6829014406712821,0.7118497676731279,0.6748103581711038,0.6369949792586043,True,True,78,85,1.2752618007060044,1.3125841448488162,2.3468956958915306,0.29549160646137473,-2.051404089430156,2.642387302352905,-4.3982997853216865,4.989282998244436,0.6025788242573554,0.6171859530341413
CNX,0.5799662558809531,0.6147010734960098,0.6937242662072554,0.6469865555148422,True,True,83,79,1.0273142743992558,1.1279369029248087,1.806671624229516,0.04410929343352059,-1.7625623307959954,1.8507809176630365,-3.569233955025511,3.6574525418925528,0.7392382996222726,0.685270541776928
EQT,0.6311171444226932,0.7074794039723892,0.5199628660941632,0.4319954720466219,True,True,74,76,1.231918445784831,1.3850177477942633,1.739371241755725,0.07210622398256429,-1.6672650177731607,1.8114774657382893,-3.4066362595288857,3.5508487074940143,0.6676320269240387,0.5572406383018367
EOG,0.4341480074572911,0.41098275878372925,0.7725697093464339,0.8014502896598332,True,True,74,81,0.8737129985291684,0.788024405316172,2.231072389136301,0.0734785634790303,-2.157593825657271,2.3045509526153314,-4.388666214793572,4.5356233417516325,0.8786473377405225,0.7982334020101093
