,mae,mae_main_etf,r2_score,r2_score_main_etf,chisquare_normal,chisquare_normal_main_etf,n_days_error_bt_mae,n_days_error_bt_main_etf_mae,mean_abs_diff_when_bt_mae,mean_abs_diff_when_bt_main_etf_mae,stock_std,mean,lower_sigma,upper_sigma,lower_two_sigma,upper_two_sigma,r2_score_full,r2_score_main_etf_full
AR,0.7207215817104228,0.7336984766968171,0.6743322221028095,0.6554185426699191,True,True,78,86,1.3553773749313858,1.358489974610646,2.354807438311882,0.29474887633452224,-2.06005856197736,2.649556314646404,-4.4148660002892415,5.0043637529582865,0.6059546156723086,0.6192260119965722
SWN,0.6780551234472338,0.6704792643712281,0.5992123091219457,0.5927721972276954,True,True,93,86,1.1901706965731156,1.2251997531527223,2.0484111173070794,0.1226630700203384,-1.925748047286741,2.171074187327418,-3.97415916459382,4.219485304634497,0.6594881079163564,0.5851220343744101
EQT,0.6301551194049777,0.6971697494034004,0.5165618522648066,0.46288214988905896,True,True,75,77,1.2541501632119856,1.3561804485941609,1.7435747887463293,0.06427807763591047,-1.679296711110419,1.8078528663822397,-3.422871499856748,3.551427655128569,0.6695287056364168,0.5604741314616559
RRC,0.7284773648041215,0.8562393317961068,0.6606821023797205,0.5583447874919494,True,True,74,74,1.4604735670070408,1.673777974185182,2.2604539332977533,0.10136283948359393,-2.159091093814159,2.3618167727813475,-4.419545027111913,4.6222707060791,0.7194873003125974,0.6370312766141704
EOG,0.4461534850499324,0.4142103238985747,0.7887322684880259,0.8214935992314338,True,True,76,82,0.8935903814280589,0.795127072682696,2.231203771304855,0.07786163995466629,-2.153342131350189,2.309065411259521,-4.384545902655043,4.540269182564376,0.8796050910971428,0.8016672240381766
CNX,0.6134442799011035,0.6354374719968903,0.6127994693218173,0.5786459050367542,True,True,82,77,1.1145003891142151,1.2135273734188843,1.8096334031238468,0.04617658846216271,-1.763456814661684,1.8558099915860096,-3.573090217785531,3.665443394709856,0.7405692265619871,0.686695021381702
