,mae,mae_main_etf,r2_score,r2_score_main_etf,chisquare_normal,chisquare_normal_main_etf,n_days_error_bt_mae,n_days_error_bt_main_etf_mae,mean_abs_diff_when_bt_mae,mean_abs_diff_when_bt_main_etf_mae,stock_std,mean,lower_sigma,upper_sigma,lower_two_sigma,upper_two_sigma,r2_score_full,r2_score_main_etf_full
SWN,0.6497294562287185,0.683925021351093,0.621976174352348,0.5517747984767098,True,True,89,85,1.1480387069636955,1.2537771474725175,2.0502934520427263,0.1298933352509537,-1.9204001167917726,2.18018678729368,-3.970693568834499,4.230480239336407,0.6584038694733152,0.5805395648746414
RRC,0.7015811949637186,0.8381153166276374,0.6689151132349886,0.5451294690860654,True,True,74,73,1.3619495429513957,1.6279065801166166,2.2561205573240652,0.10719346909961006,-2.1489270882244553,2.363314026423675,-4.40504764554852,4.619434583747741,0.7206858451757843,0.6378565416148317
CNX,0.5786101085891833,0.6113499642488678,0.6921624763351076,0.6470909028733565,True,True,82,78,1.0313509126842781,1.1270760532477586,1.8077151622466878,0.045214913448211325,-1.7625002487984764,1.8529300756948992,-3.5702154110451643,3.660645237941587,0.7391472755707689,0.6857576976421518
AR,0.6911747037048336,0.7090151126598149,0.6711663553981757,0.6371834255786021,True,True,80,83,1.2666731714612984,1.3282698057625464,2.353844045286339,0.3039706635798109,-2.0498733817065284,2.65781470886615,-4.403717426992867,5.0116587541524895,0.6016036871270988,0.6170055423874632
EQT,0.6342192780994954,0.7075914609844903,0.5145701016341295,0.4256425164802663,True,True,74,75,1.2380184134921106,1.3975286458553022,1.7399206348217695,0.0732825906636761,-1.6666380441580935,1.8132032254854455,-3.406558678979863,3.553123860307215,0.6671758301843199,0.5576975420012387
EOG,0.43470001867088814,0.41153239450325957,0.7740947054635301,0.8025294981475246,True,True,73,81,0.8820348500557357,0.7918096446204962,2.2336339993801793,0.0749198984300045,-2.1587141009501747,2.308553897810184,-4.392348100330354,4.542187897190363,0.8787195990036867,0.7982604586177504
