,mae,mae_main_etf,r2_score,r2_score_main_etf,chisquare_normal,chisquare_normal_main_etf,n_days_error_bt_mae,n_days_error_bt_main_etf_mae,mean_abs_diff_when_bt_mae,mean_abs_diff_when_bt_main_etf_mae,stock_std,mean,lower_sigma,upper_sigma,lower_two_sigma,upper_two_sigma,r2_score_full,r2_score_main_etf_full
AR,0.7136892874825461,0.7363581916035451,0.6872140033861109,0.6613553919140969,True,True,78,86,1.3505833073363114,1.3728318944404216,2.361626008466359,0.2850611008762339,-2.076564907590125,2.6466871093425928,-4.438190916056484,5.008313117808952,0.6071740257136992,0.6210443742766005
RRC,0.7340149508342356,0.8717726235422886,0.6724936001793685,0.5617001592271351,True,True,75,75,1.4531942847945332,1.698839594834376,2.2637727270455597,0.09806008800003559,-2.165712639045524,2.361832815045595,-4.429485366091083,4.625605542091155,0.7190265925890577,0.6368457086318272
CNX,0.6164425256557345,0.6454049149299036,0.6248993778796692,0.5796430703638169,True,True,81,76,1.1273891564352847,1.249091417006494,1.808009366696102,0.04839017056930504,-1.7596191961267968,1.856399537265407,-3.567628562822899,3.6644089039615086,0.7432651373975959,0.687378386837608
EOG,0.4457431684844794,0.4170463177366858,0.7909971414998345,0.8204641891150558,True,True,77,84,0.8865719019397671,0.7925371174743449,2.234748248466822,0.07752446324606999,-2.157223785220752,2.312272711712892,-4.391972033687574,4.547020960179714,0.8800047776418545,0.8016067412655586
EQT,0.6317875438257753,0.7086658864318115,0.5367335141875239,0.4682378801142556,True,True,76,78,1.2466684653655158,1.380982639671025,1.744402476237931,0.061654110278473374,-1.6827483659594578,1.8060565865164044,-3.427150842197389,3.5504590627543355,0.6691096836944945,0.5608235044789961
SWN,0.6802521642419869,0.686613016851259,0.6261093398494897,0.5900590261293126,True,True,92,86,1.1948071306198031,1.2605854915486951,2.05134875031944,0.1226482353361453,-1.9287005149832945,2.173996985655585,-3.9800492653027346,4.225345735975025,0.6600989295261712,0.5856249081904572
