,mae,mae_main_etf,r2_score,r2_score_main_etf,chisquare_normal,chisquare_normal_main_etf,n_days_error_bt_mae,n_days_error_bt_main_etf_mae,mean_abs_diff_when_bt_mae,mean_abs_diff_when_bt_main_etf_mae,stock_std,mean,lower_sigma,upper_sigma,lower_two_sigma,upper_two_sigma,r2_score_full,r2_score_main_etf_full
EQT,0.6319519385890537,0.7007013208778395,0.5374748592645908,0.47613169111808473,True,True,76,76,1.2418307226829177,1.3770532345627344,1.7464313047554982,0.06319738919393934,-1.683233915561559,1.8096286939494375,-3.429665220317057,3.556059998704936,0.6698324817382079,0.5630278502423856
RRC,0.7361892507442529,0.8651885612567134,0.6708257327844278,0.5665440396684694,True,True,75,74,1.4531142950598304,1.6901770380953212,2.2648350532084573,0.09655222526975772,-2.1682828279386994,2.3613872784782153,-4.433117881147157,4.626222331686672,0.7185302768924113,0.6378567027982049
AR,0.7101667430208134,0.7242887731325915,0.6861085891843068,0.6726391962100818,True,True,77,88,1.349955234047366,1.3285265494095626,2.3583935453937706,0.29018099758529897,-2.0682125478084714,2.6485745429790697,-4.426606093202242,5.00696808837284,0.6056178450322924,0.6217987560912738
CNX,0.5887591510433307,0.6213680969625238,0.7090889505515382,0.6570485094624291,True,True,84,79,1.0378055740259133,1.1555228443932137,1.8127674813244674,0.04239132600102174,-1.7703761553234456,1.8551588073254892,-3.5831436366479132,3.6679262886499564,0.7412659253869107,0.6873489197588629
EOG,0.44247803721029344,0.41411187019391393,0.7920176397407988,0.820515408967169,True,True,76,83,0.8819635874083003,0.7905533497507438,2.235519448991538,0.07214306070260816,-2.16337638828893,2.3076625096941465,-4.3988958372804685,4.543181958685684,0.8801163000391273,0.8014661797845455
