,mae,mae_main_etf,r2_score,r2_score_main_etf,chisquare_normal,chisquare_normal_main_etf,n_days_error_bt_mae,n_days_error_bt_main_etf_mae,mean_abs_diff_when_bt_mae,mean_abs_diff_when_bt_main_etf_mae,stock_std,mean,lower_sigma,upper_sigma,lower_two_sigma,upper_two_sigma,r2_score_full,r2_score_main_etf_full
CNX,0.5887560682444364,0.6180809214115788,0.6974478661377028,0.6514884276287547,True,True,83,79,1.0399360564181268,1.1409419509606915,1.8072812305941723,0.04629533839217275,-1.7609858922019996,1.853576568986345,-3.568267122796172,3.6608577995805174,0.7397838223693809,0.6857543981812131
AR,0.701549529264077,0.7265336066420146,0.6751172269183643,0.638443828852854,True,True,77,86,1.3196940345090635,1.3405309166718336,2.3447751542650397,0.30146647651290714,-2.0433086777521323,2.646241630777947,-4.3880838320171724,4.991016785042986,0.6023224798617837,0.6165612694774245
RRC,0.7164399847922451,0.8580355764604535,0.6665402075907723,0.5551867615312934,True,True,73,75,1.4246161441863667,1.6454125201799048,2.253221329231115,0.11393000233746649,-2.1392913268936486,2.3671513315685817,-4.392512656124764,4.620372660799696,0.7203019647611036,0.63692407453256
EOG,0.43646079662853765,0.41471083371490103,0.7736188627792497,0.8020144454575223,True,True,74,83,0.8784516378072638,0.7837188069468385,2.227288081517658,0.0730280924832321,-2.154259989034426,2.30031617400089,-4.381548070552084,4.527604255518549,0.8787285746282243,0.7984823329107356
EQT,0.6327393840638459,0.7067331505922262,0.5275719877649812,0.4482338784661408,True,True,75,76,1.2370411659509992,1.3824442122436484,1.7402888333668087,0.07191357829850305,-1.6683752550683058,1.8122024116653117,-3.4086640884351143,3.5524912450321207,0.6685577500178121,0.5585028717476357
