,mae,mae_main_etf,r2_score,r2_score_main_etf,chisquare_normal,chisquare_normal_main_etf,n_days_error_bt_mae,n_days_error_bt_main_etf_mae,mean_abs_diff_when_bt_mae,mean_abs_diff_when_bt_main_etf_mae,stock_std,mean,lower_sigma,upper_sigma,lower_two_sigma,upper_two_sigma,r2_score_full,r2_score_main_etf_full
EQT,0.632739384062003,0.7067331505921672,0.5275719877658995,0.4482338784661897,True,True,75,76,1.2370411659476106,1.3824442122435525,1.7402888333668087,0.07191357829850305,-1.6683752550683058,1.8122024116653117,-3.4086640884351143,3.5524912450321207,0.6685577500178119,0.5585028717476348
AR,0.7015495292731884,0.7265336066335984,0.6751172269120391,0.6384438288599183,True,True,77,86,1.3196940345213866,1.3405309166559216,2.3447751542650397,0.30146647651290714,-2.0433086777521323,2.646241630777947,-4.3880838320171724,4.991016785042986,0.6023224798617848,0.6165612694774241
CNX,0.5887560682476181,0.6180809214114917,0.697447866136137,0.6514884276288311,True,True,83,79,1.039936056421544,1.1409419509605583,1.8072812305941723,0.04629533839217272,-1.7609858922019996,1.853576568986345,-3.568267122796172,3.6608577995805174,0.7397838223693802,0.6857543981812135
RRC,0.716439984798543,0.8580355764619677,0.6665402075838209,0.5551867615297331,True,True,73,75,1.4246161442022696,1.6454125201826482,2.253221329231115,0.11393000233746653,-2.1392913268936486,2.3671513315685817,-4.392512656124763,4.620372660799697,0.7203019647611051,0.6369240745325604
EOG,0.4364607966202934,0.41471083371490275,0.7736188627876625,0.8020144454575211,True,True,74,83,0.8784516377969845,0.7837188069468396,2.227288081517658,0.07302809248323208,-2.154259989034426,2.30031617400089,-4.381548070552084,4.527604255518549,0.8787285746282246,0.7984823329107362
