,mae,mae_main_etf,r2_score,r2_score_main_etf,shapiro_normal,pearson_normal,ks_normal,chisquare_normal,shapiro_normal_main_etf,pearson_normal_main_etf,ks_normal_main_etf,chisquare_normal_main_etf,n_days_error_bt_mae,n_days_error_bt_main_etf_mae,mean_abs_diff_when_bt_mae,mean_abs_diff_when_bt_main_etf_mae,stock_std,mean,lower_sigma,upper_sigma,lower_two_sigma,upper_two_sigma,r2_score_full,r2_score_main_etf_full
SWN,0.6346968163121524,0.7190383070536763,0.6029549998397504,0.457917201130298,False,False,False,True,False,False,False,True,83,75,1.1598184361944437,1.3824019721525238,2.061401569980065,0.12651172221087467,-1.9348898477691903,2.1879132921909394,-3.9962914177492554,4.249314862171005,0.6567015773609552,0.5733548462950995
EOG,0.43232680424484465,0.4524247440612438,0.7879013743282922,0.7265591271998812,False,False,False,True,False,False,False,True,76,75,0.8304851601530864,0.8824747151013386,2.253818581287172,0.06401290815083746,-2.1898056731363345,2.3178314894380097,-4.443624254423507,4.571650070725181,0.8779724761530767,0.7864873978281685
CNX,0.5956948048002226,0.648931728040171,0.662677746881841,0.5451287413190764,False,False,False,True,False,False,False,True,78,75,1.064963711589532,1.2198120117047797,1.8112481466547106,0.02812680208487993,-1.7831213445698306,1.8393749487395905,-3.5943694912245414,3.650623095394301,0.7318186263496973,0.6689217824538596
RRC,0.7441823207468495,0.8879807205206665,0.6146151936082127,0.45108598205402306,False,False,False,True,False,False,False,True,69,67,1.4865327252531002,1.8355401313983797,2.2633302092593617,0.09488722035057211,-2.1684429889087897,2.3582174296099336,-4.431773198168151,4.621547638869296,0.7138360978304839,0.6272306814767433
AR,0.699002172285228,0.734610134105746,0.6392454264010403,0.5553933372484782,False,False,False,True,False,False,False,True,73,75,1.3383527615046618,1.4637256314651548,2.370298431730509,0.2850906462526961,-2.085207785477813,2.6553890779832052,-4.455506217208322,5.025687509713714,0.5955962629867843,0.6065813901714738
EQT,0.5938505118719909,0.7013940465598477,0.5259565904586446,0.3841710261482255,False,False,False,True,False,False,False,True,77,72,1.0974617977084526,1.3945535742546242,1.737946107805359,0.055122127869991044,-1.682823979935368,1.7930682356753502,-3.420770087740727,3.531014343480709,0.6664078824667239,0.5498229113152628
