,mae,mae_main_etf,r2_score,r2_score_main_etf,chisquare_normal,chisquare_normal_main_etf,n_days_error_bt_mae,n_days_error_bt_main_etf_mae,mean_abs_diff_when_bt_mae,mean_abs_diff_when_bt_main_etf_mae,stock_std,mean,lower_sigma,upper_sigma,lower_two_sigma,upper_two_sigma,r2_score_full,r2_score_main_etf_full
CNX,0.6110010893385477,0.6372606837583648,0.6157097291078026,0.5787402203664092,True,True,81,76,1.1209403657353547,1.2259446547295174,1.8071497501230558,0.04983676445459341,-1.7573129856684624,1.8569865145776492,-3.564462735791518,3.664136264700705,0.7433804016652761,0.6873110802190319
EOG,0.44084210949304137,0.41190555911885485,0.795007378860183,0.8249597070013754,True,True,77,83,0.8755209660553265,0.7848534451608639,2.233179961594481,0.07767924244920456,-2.1555007191452766,2.3108592040436857,-4.388680680739758,4.544039165638167,0.8799888263727492,0.8015784008818099
RRC,0.7329580002579242,0.8630049843684938,0.6633679845381101,0.5604715835972984,True,True,75,75,1.4543631371112749,1.6735887940100782,2.2629372742477787,0.10024883693641391,-2.1626884373113646,2.3631861111841928,-4.425625711559143,4.626123385431971,0.7192130697597023,0.6366917126406422
SWN,0.6810692379469969,0.6692150030176747,0.6014712225771388,0.5980699790643009,True,True,93,87,1.1904296209427254,1.2164796483958227,2.0499156944855814,0.12275405797006232,-1.927161636515519,2.1726697524556435,-3.9770773310011007,4.222585446941225,0.6596740472056786,0.5856129977201143
EQT,0.6302229096187405,0.7029607128578306,0.5246519882817757,0.46481541397565174,True,True,75,78,1.2528568976968903,1.365183697466171,1.7444620296465112,0.06416464338873426,-1.680297386257777,1.8086266730352454,-3.4247594159042882,3.5530887026817566,0.6694212956063668,0.5604041474349352
AR,0.7151804134466878,0.7331353718134224,0.6806739705523773,0.6592369337135138,True,True,78,86,1.35123154886763,1.3647373703143006,2.3608840720323516,0.28758452519065253,-2.073299546841699,2.648468597223004,-4.434183618874051,5.009352669255356,0.6073421571078037,0.6206813971372473
