,mae,mae_main_etf,r2_score,r2_score_main_etf,chisquare_normal,chisquare_normal_main_etf,n_days_error_bt_mae,n_days_error_bt_main_etf_mae,mean_abs_diff_when_bt_mae,mean_abs_diff_when_bt_main_etf_mae,stock_std,mean,lower_sigma,upper_sigma,lower_two_sigma,upper_two_sigma,r2_score_full,r2_score_main_etf_full
EOG,0.4478138866705988,0.4175193278151576,0.78998694616531,0.8198331550809177,True,True,77,84,0.8865719019472903,0.7925371174743351,2.2355595099107735,0.07533368124359203,-2.1602258286671816,2.3108931911543653,-4.395785338577955,4.546452701065139,0.8799227305842897,0.8014981000322092
AR,0.7123686340971496,0.7342701820822376,0.6854550561421158,0.6599535850527218,True,True,77,85,1.35516711959127,1.3750383845066851,2.3612724322285126,0.2813488714147754,-2.079923560813737,2.642621303643288,-4.44119599304225,5.0038937358718005,0.6067323736947876,0.6206437888597491
EQT,0.6284883741076434,0.7062987036978334,0.5404120449029631,0.4712669683903642,True,True,75,77,1.2454092578110691,1.3831043600013024,1.7456306900483445,0.06174094705351348,-1.683889742994831,1.807371637101858,-3.4295204330431757,3.5530023271502023,0.6699952484553136,0.5615849634491328
RRC,0.7357680597541283,0.8726071641608015,0.670581109921524,0.5595518326624991,True,True,75,75,1.45319428480853,1.6988395948343686,2.263711804361815,0.09481817332091161,-2.1688936310409037,2.3585299776827267,-4.432605435402719,4.622241782044542,0.7186449101074552,0.6364079427707396
CNX,0.5868101543277838,0.6161826174673074,0.7119523950009634,0.6613058254859747,True,True,84,79,1.0324215509127388,1.1457947930009489,1.808009366696102,0.048390170569305044,-1.7596191961267968,1.856399537265407,-3.567628562822899,3.6644089039615086,0.7432651373975961,0.6868453416725518
