,mae,mae_main_etf,r2_score,r2_score_main_etf,chisquare_normal,chisquare_normal_main_etf,n_days_error_bt_mae,n_days_error_bt_main_etf_mae,mean_abs_diff_when_bt_mae,mean_abs_diff_when_bt_main_etf_mae,stock_std,mean,lower_sigma,upper_sigma,lower_two_sigma,upper_two_sigma,r2_score_full,r2_score_main_etf_full
CNX,0.5783942287115811,0.6132379655968532,0.6951772995944985,0.6483382802299587,True,True,82,79,1.030950507726297,1.1252637186892178,1.8056235334971937,0.045227763162125456,-1.7603957703350683,1.8508512966593191,-3.566019303832262,3.656474830156513,0.7394956894834042,0.6852956021709751
RRC,0.6970244912183189,0.8430346049980094,0.6722648680960555,0.5476540642992446,True,True,74,73,1.3602382062149256,1.6314947201399417,2.2544402004813895,0.11043755574261736,-2.144002644738772,2.364877756224007,-4.398442845220162,4.619317956705396,0.7209018995466696,0.6366655981195948
EOG,0.4344155884619215,0.4109200935964099,0.7709038137651182,0.8001483065388666,True,True,74,81,0.8731995942288353,0.7880153771648147,2.229494302302313,0.07312110883891298,-2.1563731934634,2.302615411141226,-4.385867495765712,4.532109713443539,0.8786441334216805,0.7982450672469756
AR,0.688145903352924,0.7192409144074908,0.673152830118524,0.631826102196674,True,True,78,85,1.2866584504356744,1.3308587443799582,2.3463523250048963,0.29831055593987127,-2.048041769065025,2.6446628809447676,-4.394394094069922,4.9910152059496635,0.6022569984545463,0.6163599797500622
SWN,0.6494989183665838,0.6807670518489601,0.6249155102887867,0.5566505321136996,True,True,89,84,1.1473575660038133,1.2580598117372885,2.047216749580904,0.12852795908048908,-1.918688790500415,2.1757447086613935,-3.9659055400813195,4.222961458242297,0.658701370261662,0.580530927931925
EQT,0.6254310281982952,0.6994460637309844,0.5208758749495084,0.440163275973234,True,True,75,75,1.2215530329665054,1.3754656052770033,1.7382644171448747,0.07293943043780259,-1.665324986707072,1.8112038475826773,-3.4035894038519467,3.549468264727552,0.6678317163200355,0.5572851645761729
