,mae,mae_main_etf,r2_score,r2_score_main_etf,chisquare_normal,chisquare_normal_main_etf,n_days_error_bt_mae,n_days_error_bt_main_etf_mae,mean_abs_diff_when_bt_mae,mean_abs_diff_when_bt_main_etf_mae,stock_std,mean,lower_sigma,upper_sigma,lower_two_sigma,upper_two_sigma,r2_score_full,r2_score_main_etf_full
CNX,0.5871266575465294,0.6145134698524827,0.704379181190968,0.6609237651558236,True,True,83,78,1.03629736203497,1.1404680819452968,1.8113685904580865,0.03906577654973906,-1.7723028139083474,1.8504343670078256,-3.583671404366434,3.661802957465912,0.7413590933728922,0.6884193192929196
EOG,0.4340721092958196,0.4102827886314791,0.7862881135380836,0.8145563350495003,True,True,74,81,0.8757928059198979,0.7873515697480185,2.234712162490945,0.06355169996458683,-2.1711604625263585,2.298263862455532,-4.405872625017303,4.5329760249464774,0.879844743760126,0.8004109176687273
AR,0.7166288728445489,0.7323790391579384,0.6834649671488398,0.6683801515475793,True,True,74,86,1.3857929932073123,1.352384201968817,2.3619841849591654,0.2863841128757849,-2.0756000720833807,2.64836829783495,-4.437584257042546,5.010352482794116,0.6052243292846747,0.6213742476268138
RRC,0.7342016988334142,0.8594665546336635,0.6687395160257288,0.5738341307213677,True,True,74,75,1.454756590421918,1.6495215061306023,2.266900840956281,0.09595031301268102,-2.1709505279436003,2.362851153968962,-4.4378513688998815,4.629751994925243,0.7182222010660555,0.6395443387344069
EQT,0.6373447762716756,0.6990918497275074,0.5341874291135242,0.4785644493687108,True,True,75,76,1.2555495967107562,1.3691155093819922,1.7491201258272373,0.06363414626370133,-1.685485979563536,1.8127542720909386,-3.4346061053907735,3.5618743979181757,0.6692787593530674,0.5633226517950565
