,mae,mae_main_etf,r2_score,r2_score_main_etf,chisquare_normal,chisquare_normal_main_etf,n_days_error_bt_mae,n_days_error_bt_main_etf_mae,mean_abs_diff_when_bt_mae,mean_abs_diff_when_bt_main_etf_mae,stock_std,mean,lower_sigma,upper_sigma,lower_two_sigma,upper_two_sigma,r2_score_full,r2_score_main_etf_full
SWN,0.678055123454824,0.6704792643712467,0.5992123091191159,0.5927721972276807,True,True,93,86,1.1901706965804548,1.2251997531527548,2.0484111173070794,0.12266307002033842,-1.925748047286741,2.171074187327418,-3.97415916459382,4.219485304634497,0.6594881079163575,0.5851220343744099
CNX,0.6134442799223137,0.6354374719969115,0.6127994693119159,0.5786459050367406,True,True,82,77,1.1145003891369911,1.2135273734189147,1.8096334031238464,0.04617658846216273,-1.7634568146616836,1.8558099915860091,-3.57309021778553,3.6654433947098553,0.740569226561987,0.6866950213817016
AR,0.7207215816990832,0.7336984766997179,0.67433222211175,0.6554185426674712,True,True,78,86,1.3553773749131077,1.3584899746162635,2.354807438311882,0.2947488763345222,-2.06005856197736,2.649556314646404,-4.4148660002892415,5.0043637529582865,0.6059546156723075,0.619226011996572
EQT,0.6301551193912389,0.6971697494034098,0.5165618522714508,0.46288214988905174,True,True,75,77,1.2541501632015046,1.3561804485941742,1.7435747887463295,0.06427807763591044,-1.6792967111104191,1.80785286638224,-3.4228714998567487,3.5514276551285695,0.6695287056364159,0.5604741314616564
EOG,0.44615348505756103,0.41421032389857304,0.7887322684807218,0.8214935992314374,True,True,76,82,0.8935903814424686,0.7951270726826932,2.2312037713048554,0.07786163995466627,-2.1533421313501893,2.3090654112595215,-4.384545902655044,4.540269182564377,0.8796050910971421,0.8016672240381765
RRC,0.728477364807427,0.8562393317957275,0.6606821023727789,0.558344787492285,True,True,74,74,1.4604735670209201,1.6737779741845595,2.260453933297754,0.10136283948359388,-2.15909109381416,2.3618167727813475,-4.419545027111914,4.622270706079101,0.7194873003125973,0.6370312766141715
