,mae,mae_main_etf,r2_score,r2_score_main_etf,chisquare_normal,chisquare_normal_main_etf,n_days_error_bt_mae,n_days_error_bt_main_etf_mae,mean_abs_diff_when_bt_mae,mean_abs_diff_when_bt_main_etf_mae,stock_std,mean,lower_sigma,upper_sigma,lower_two_sigma,upper_two_sigma,r2_score_full,r2_score_main_etf_full
AR,0.6871605184252136,0.7124491640268494,0.672012564193939,0.6351577195003411,True,True,77,84,1.2853784814268332,1.3212413711360298,2.3522255349366303,0.3047887875360373,-2.0474367474005932,2.6570143224726674,-4.399662282337223,5.009239857409298,0.6016317758944782,0.6168935795864972
EQT,0.629447323279202,0.7036176923878383,0.5172205769479586,0.4314561834564221,True,True,74,75,1.231918445783426,1.3858339588902469,1.739142870808662,0.074818255988606,-1.6643246148200561,1.813961126797268,-3.403467485628718,3.55310399760593,0.6673491224192507,0.5574179558409491
RRC,0.6962546176597331,0.8454013373304922,0.6714189756348055,0.5416477873905663,True,True,74,73,1.3535032192115044,1.63771908283144,2.2552942316337665,0.10945658520392693,-2.1458376464298397,2.3647508168376934,-4.401131878063606,4.62004504847146,0.7208619395267556,0.6374247658210199
SWN,0.6525327663329523,0.6815798601756695,0.6211466067897369,0.553492002588633,True,True,89,84,1.1480042296337853,1.2573445610757021,2.0488933721799834,0.13050945422522703,-1.9183839179547564,2.1794028264052105,-3.9672772901347395,4.228296198585194,0.658329976733807,0.5804966265706071
CNX,0.5780566428723994,0.6112549806200567,0.693034727420815,0.6478106318800878,True,True,82,78,1.031025532271882,1.1267587747825434,1.8067807171122887,0.04658083983364806,-1.7601998772786407,1.8533615569459367,-3.5669805943909294,3.6601422740582255,0.7392284145366796,0.68553376126257
EOG,0.4328469039102079,0.4090339160748792,0.7720964869733947,0.8013616441243684,True,True,73,81,0.8786742078224012,0.7868430368850878,2.2320716173186916,0.07544356874329973,-2.1566280485753917,2.3075151860619916,-4.388699665894084,4.539586803380683,0.8786914148060104,0.7982433283075467
