,mae,mae_main_etf,r2_score,r2_score_main_etf,chisquare_normal,chisquare_normal_main_etf,n_days_error_bt_mae,n_days_error_bt_main_etf_mae,mean_abs_diff_when_bt_mae,mean_abs_diff_when_bt_main_etf_mae,stock_std,mean,lower_sigma,upper_sigma,lower_two_sigma,upper_two_sigma,r2_score_full,r2_score_main_etf_full
EQT,0.6373447762744577,0.6990918497275252,0.5341874291106761,0.4785644493686957,True,True,75,76,1.255549596718408,1.3691155093820224,1.7491201258272369,0.0636341462637013,-1.6854859795635355,1.8127542720909382,-3.4346061053907726,3.561874397918175,0.6692787593530676,0.5633226517950565
CNX,0.587126657563624,0.6145134698525235,0.7043791811815673,0.6609237651557871,True,True,83,78,1.0362973620559055,1.140468081945363,1.8113685904580867,0.03906577654973906,-1.7723028139083477,1.8504343670078258,-3.5836714043664344,3.6618029574659126,0.741359093372893,0.6884193192929196
AR,0.716628872820704,0.7323790391588647,0.6834649671671178,0.6683801515468253,True,True,74,86,1.3857929931679276,1.3523842019705399,2.3619841849591654,0.2863841128757849,-2.0756000720833807,2.64836829783495,-4.437584257042546,5.010352482794116,0.605224329284674,0.621374247626814
EOG,0.43407210928654694,0.41028278863146783,0.7862881135481629,0.8145563350495104,True,True,74,81,0.8757928059030986,0.7873515697480193,2.234712162490945,0.06355169996458683,-2.1711604625263585,2.298263862455532,-4.405872625017303,4.5329760249464774,0.8798447437601249,0.8004109176687269
RRC,0.7342016988320618,0.8594665546342614,0.6687395160255751,0.5738341307207977,True,True,74,75,1.4547565904197328,1.6495215061316464,2.266900840956281,0.09595031301268102,-2.1709505279436003,2.362851153968962,-4.4378513688998815,4.629751994925243,0.7182222010660568,0.6395443387344075
