,mae,mae_main_etf,r2_score,r2_score_main_etf,chisquare_normal,chisquare_normal_main_etf,n_days_error_bt_mae,n_days_error_bt_main_etf_mae,mean_abs_diff_when_bt_mae,mean_abs_diff_when_bt_main_etf_mae,stock_std,mean,lower_sigma,upper_sigma,lower_two_sigma,upper_two_sigma,r2_score_full,r2_score_main_etf_full
NUE,0.6873538775301276,0.7787686542164994,0.46318884939273763,0.347986838920022,True,True,82,81,1.3523012869273705,1.4593730981841686,1.5093898894840674,0.10278499316155516,-1.4066048963225122,1.6121748826456226,-2.91599478580658,3.1215647721296897,0.7469456945859132,0.6582984769810926
STLD,0.7273005641323919,0.8311997466988831,0.4963700572881352,0.3701509525853639,True,True,83,84,1.3635700036651557,1.5299041477943622,1.6411805809131377,0.1594934519581967,-1.481687128954941,1.8006740328713344,-3.122867709868079,3.441854613784472,0.7200084167480431,0.6308646021397066
TECK,0.745843205297288,0.9715327800241542,0.6206663113997967,0.4329429218055666,True,True,86,92,1.3951617306407094,1.6619553486382213,2.002366197839172,0.11539737843584283,-1.8869688194033292,2.117763576275015,-3.889335017242501,4.1201297741141865,0.8089252013230022,0.6903741784282729
X,1.0351368316691933,1.1149602297110588,0.270648581025249,0.23894040046372034,False,False,72,72,2.1285447917884475,2.2298790481049653,2.0144883040629664,0.14997501335460592,-1.8645132907083606,2.1644633174175723,-3.879001594771327,4.178951621480539,0.7292005446991614,0.6434194915344387
CLF,0.9297465058896006,1.0847714969740927,0.4230992536446513,0.3130410355762029,False,False,68,76,2.0387833901066506,2.1489561047548027,2.1126926368492205,0.1676065293466273,-1.9450861075025931,2.2802991661958476,-4.057778744351814,4.392991803045068,0.7418579667400189,0.6554315746996451
