,mae,mae_main_etf,r2_score,r2_score_main_etf,shapiro_normal,pearson_normal,ks_normal,chisquare_normal,shapiro_normal_main_etf,pearson_normal_main_etf,ks_normal_main_etf,chisquare_normal_main_etf,n_days_error_bt_mae,n_days_error_bt_main_etf_mae,mean_abs_diff_when_bt_mae,mean_abs_diff_when_bt_main_etf_mae,stock_std,mean,lower_sigma,upper_sigma,lower_two_sigma,upper_two_sigma,r2_score_full,r2_score_main_etf_full
TECK,0.7938251932607252,0.9652628517683164,0.5416333368701021,0.4197793791642158,False,False,False,True,False,False,False,True,82,85,1.477624965947671,1.692632388952998,2.0206527336804125,0.14259004795852856,-1.878062685721884,2.163242781638941,-3.8987154194022966,4.183895515319354,0.8026146155158979,0.6897552799411037
NUE,0.6902614261054059,0.7383902762657216,0.35467773899423694,0.31497932615089896,False,False,False,True,False,False,False,True,80,77,1.3101952316236114,1.3794034962592936,1.49600837205239,0.11080971719181425,-1.3851986548605757,1.6068180892442043,-2.881207026912966,3.102826461296594,0.7493185730697378,0.6664515422792316
CLF,1.000884243080055,1.1206270765737762,0.3219902431374163,0.2595370890177827,False,False,False,False,False,False,False,False,64,68,2.2202744894362,2.31304477158535,2.1102672092474712,0.17848490485702764,-1.9317823043904436,2.288752114104499,-4.042049513637915,4.39901932335197,0.7327930518857614,0.658304329463506
X,1.0421704994708634,1.09133026467946,0.27112798828959095,0.2519402215298716,False,False,False,False,False,False,False,True,73,75,2.0286738899218237,2.079575140003178,2.0219273850391497,0.17001155288460276,-1.851915832154547,2.1919389379237524,-3.8738432171936967,4.213866322962902,0.7214451575092462,0.6408414400074856
STLD,0.7295820240482834,0.7938459363269085,0.4004854932479731,0.33050700958514756,False,False,False,True,False,False,False,True,78,78,1.3558424998963703,1.465945200256717,1.6394863750474518,0.17207644330597738,-1.4674099317414744,1.8115628183534291,-3.106896306788926,3.451049193400881,0.7151377464522324,0.6379647622633646
