,mae,mae_main_etf,r2_score,r2_score_main_etf,chisquare_normal,chisquare_normal_main_etf,n_days_error_bt_mae,n_days_error_bt_main_etf_mae,mean_abs_diff_when_bt_mae,mean_abs_diff_when_bt_main_etf_mae,stock_std,mean,lower_sigma,upper_sigma,lower_two_sigma,upper_two_sigma,r2_score_full,r2_score_main_etf_full
X,0.9980423050371537,1.081364791606096,0.31602345874709803,0.2795114031734197,False,False,72,74,2.036248830370658,2.114633884041404,2.0142336538372723,0.1551591935856335,-1.8590744602516387,2.169392847422906,-3.873308114088911,4.183626501260178,0.7298320243500941,0.6437434200604262
NUE,0.6844127093229184,0.7825621881025505,0.47589096943548925,0.3538416826957158,True,True,83,81,1.342059955281604,1.4742165833244454,1.506066835581054,0.10331589304979354,-1.4027509425312605,1.6093827286308475,-2.9088177781123146,3.1154495642119016,0.7481955641419504,0.6572123480891996
CLF,0.9110761313335873,1.06380883098662,0.445096537197362,0.33478154452069864,False,True,71,79,1.9463252613202653,2.067483124688061,2.105812337338495,0.16578540890369686,-1.9400269284347984,2.271597746242192,-4.045839265773293,4.3774100835806875,0.7415994387900722,0.6559511647208397
STLD,0.7113032584576281,0.8197784214354387,0.5236907522599747,0.3925163581814002,True,True,83,84,1.3306709281930538,1.505635159634154,1.6366406544211682,0.15830900280948526,-1.478331651611683,1.7949496572306536,-3.1149723060328514,3.4315903116518216,0.7200571071087378,0.6348563354643249
TECK,0.7421062229129093,0.9738995467514115,0.6304193568772543,0.4382571864866033,True,True,87,92,1.3814313955870274,1.6745864498346759,2.007852194936038,0.12704696139621363,-1.8808052335398244,2.134899156332252,-3.8886574284758626,4.14275135126829,0.809778354261525,0.689914898583616
