,mae,mae_main_etf,r2_score,r2_score_main_etf,chisquare_normal,chisquare_normal_main_etf,n_days_error_bt_mae,n_days_error_bt_main_etf_mae,mean_abs_diff_when_bt_mae,mean_abs_diff_when_bt_main_etf_mae,stock_std,mean,lower_sigma,upper_sigma,lower_two_sigma,upper_two_sigma,r2_score_full,r2_score_main_etf_full
X,1.0497989555625702,1.1451140932529569,0.2735688828111157,0.2304554790295995,False,False,71,72,2.164023989908068,2.2786410024852066,2.0153966004727595,0.15491519254539435,-1.860481407927365,2.1703117930181537,-3.8758780084001248,4.185708393490914,0.7282767371981946,0.6426758107032006
TECK,0.7479895843319438,0.9630269662562341,0.6110463649203259,0.4220016439064209,True,True,87,89,1.3740149925149903,1.6714012021002744,2.008324973419312,0.1288834057966266,-1.8794415676226852,2.1372083792159384,-3.887766541041997,4.14553335263525,0.80820923656051,0.6888459913627015
CLF,0.9719020546542334,1.13737455023221,0.4072463767423339,0.2861615751621469,False,False,64,72,2.216291852412901,2.3118169936985975,2.1138434009556692,0.16583514286503556,-1.9480082580906337,2.279678543820705,-4.061851659046303,4.393521944776374,0.7410273002960504,0.6551915624445382
STLD,0.7244608103805417,0.8308445953389482,0.47701359304083,0.33949298180467957,True,True,82,81,1.3547265736341114,1.5430046037113305,1.6394200437066229,0.16362807417682138,-1.4757919695298014,1.8030481178834443,-3.1152120132364245,3.442468161590067,0.7203593964557653,0.633388120496196
NUE,0.6933943336264938,0.7777847186591595,0.43664805442511767,0.3143122770003842,True,True,83,78,1.3313836641589691,1.4756342923195218,1.507765227168942,0.10496309057434922,-1.4028021365945926,1.6127283177432912,-2.9105673637635348,3.120493544912233,0.7468421988156398,0.6550589677717338
