,mae,mae_main_etf,r2_score,r2_score_main_etf,shapiro_normal,pearson_normal,ks_normal,chisquare_normal,shapiro_normal_main_etf,pearson_normal_main_etf,ks_normal_main_etf,chisquare_normal_main_etf,n_days_error_bt_mae,n_days_error_bt_main_etf_mae,mean_abs_diff_when_bt_mae,mean_abs_diff_when_bt_main_etf_mae,stock_std,mean,lower_sigma,upper_sigma,lower_two_sigma,upper_two_sigma,r2_score_full,r2_score_main_etf_full
TECK,0.8000676046071132,0.9724048825946477,0.5360910597914401,0.41371278393111155,False,False,False,True,False,False,False,True,83,87,1.4783536569005105,1.6808598377091415,2.01633084732058,0.14286238259875778,-1.873468464721822,2.1591932299193375,-3.889799312042402,4.175524077239918,0.8017204353857303,0.6900225181701457
X,1.05007882634605,1.101818453013382,0.27346482103340675,0.2529448588161024,False,False,False,False,False,False,False,True,75,75,2.0113100125472925,2.090261695875968,2.020286546752885,0.16659514757461033,-1.8536913991782749,2.1868816943274956,-3.87397794593116,4.207168241080381,0.7209563764015285,0.64003158243205
NUE,0.6958625243375078,0.7416151731558062,0.3556240405181239,0.31572232585360527,False,False,False,True,False,False,False,True,80,79,1.3142504999040303,1.3688443876074796,1.4942525111786238,0.10959460892717654,-1.3846579022514471,1.6038471201058004,-2.878910413430071,3.0980996312844242,0.7488459434675588,0.6658565957625376
CLF,1.0117781874976677,1.1281717365369934,0.3192293645886837,0.2567576820272002,False,False,False,False,False,False,False,False,65,70,2.225026014994772,2.302299618166257,2.1090243881290682,0.17819988162829925,-1.930824506500769,2.2872242697573677,-4.039848894629837,4.396248657886436,0.7311875786782447,0.656448579876194
STLD,0.7310620281082163,0.7950913456861789,0.4014073712663514,0.3319077784085227,False,False,False,True,False,False,False,True,79,78,1.3537891075214559,1.4717530360108697,1.6371001597110122,0.17101006255644569,-1.4660900971545665,1.8081102222674579,-3.1031902568655787,3.44521038197847,0.7147704970997563,0.637462052764839
