,mae,mae_main_etf,r2_score,r2_score_main_etf,chisquare_normal,chisquare_normal_main_etf,n_days_error_bt_mae,n_days_error_bt_main_etf_mae,mean_abs_diff_when_bt_mae,mean_abs_diff_when_bt_main_etf_mae,stock_std,mean,lower_sigma,upper_sigma,lower_two_sigma,upper_two_sigma,r2_score_full,r2_score_main_etf_full
X,1.0524962471788915,1.1326591829424553,0.2599769327956726,0.22607970788145348,False,False,72,73,2.151752968672324,2.245360823663941,2.0096704114831874,0.1520564618003041,-1.8576139496828832,2.1617268732834916,-3.8672843611660705,4.1713972847666785,0.7275375007686047,0.642064194252798
NUE,0.688405902688768,0.7845471686212103,0.44012980541610036,0.3072824673531791,True,True,83,80,1.3246363621949426,1.4654660904707615,1.5029757153160062,0.10441506074337618,-1.39856065457263,1.6073907760593824,-2.9015363698886363,3.1103664913753883,0.7457406698593869,0.653324323797533
STLD,0.7248873354061015,0.8339890634829588,0.48017249802054385,0.34123682899987806,True,True,83,83,1.3554673131744073,1.535912422174272,1.6367920891875878,0.16158781815800868,-1.4752042710295792,1.7983799073455964,-3.1119963602171667,3.4351719965331844,0.7196040124630865,0.632668706801286
TECK,0.7408569368439327,0.9610253051835655,0.6117509896982531,0.4171108122785311,True,True,86,89,1.3772496283041682,1.6727625992536062,2.0017051832602917,0.12695050543435324,-1.8747546778259385,2.128655688694645,-3.87645986108623,4.130360871954936,0.8077470694961169,0.6892655709744828
CLF,0.9624142549920941,1.1306429010202719,0.4027876105310546,0.27710569823940945,False,False,67,74,2.1355375188786767,2.266143485133387,2.1078632061809124,0.16928119799603358,-1.9385820081848788,2.277144404176946,-4.046445214365791,4.385007610357858,0.739273857359372,0.6525549359953118
