,mae,mae_main_etf,r2_score,r2_score_main_etf,chisquare_normal,chisquare_normal_main_etf,n_days_error_bt_mae,n_days_error_bt_main_etf_mae,mean_abs_diff_when_bt_mae,mean_abs_diff_when_bt_main_etf_mae,stock_std,mean,lower_sigma,upper_sigma,lower_two_sigma,upper_two_sigma,r2_score_full,r2_score_main_etf_full
STLD,0.7050247283858467,0.8029337182057004,0.5330790364586169,0.408511137900194,True,True,84,83,1.301455682372623,1.488090082468563,1.6352014101058872,0.16734728955460362,-1.4678541205512836,1.8025486996604907,-3.1030555306571705,3.437750109766378,0.7178646772589986,0.6227221324420795
NUE,0.684903589585205,0.7778873957678422,0.48097184245989244,0.37029669070456606,True,True,83,81,1.3396132957574958,1.4620057484433597,1.5061144846252863,0.11491771577167537,-1.3911967688536109,1.6210322003969617,-2.897311253478897,3.127146685022248,0.7472222356478899,0.653118924511679
CLF,0.9064065567255318,1.0600342164947616,0.45108083949151356,0.34845917032796025,False,True,72,80,1.931595327632236,2.0457047219693427,2.103903678150144,0.1771167097138095,-1.9267869684363343,2.2810203878639532,-4.0306906465864785,4.384924066014097,0.741858367196299,0.6522695662263502
X,0.9578693149849636,1.0429344778148815,0.3592558149220745,0.32299010361061986,False,False,79,80,1.8441815232726333,1.9334329060644713,2.006626046284039,0.15886373759473155,-1.8477623086893076,2.165489783878771,-3.8543883549733464,4.172115830162809,0.7303218461006948,0.6413923532129339
TECK,0.7284818186161751,0.9678138763280855,0.6420458476849427,0.4473128226286368,True,True,86,90,1.3716519697404042,1.687284612324008,2.0008416887067035,0.1326130060660044,-1.868228682640699,2.1334546947727078,-3.869070371347403,4.134296383479412,0.8099776747613184,0.686524500788276
