,mae,mae_main_etf,r2_score,r2_score_main_etf,chisquare_normal,chisquare_normal_main_etf,n_days_error_bt_mae,n_days_error_bt_main_etf_mae,mean_abs_diff_when_bt_mae,mean_abs_diff_when_bt_main_etf_mae,stock_std,mean,lower_sigma,upper_sigma,lower_two_sigma,upper_two_sigma,r2_score_full,r2_score_main_etf_full
STLD,0.705024728385842,0.8029337182057021,0.5330790364586224,0.4085111379001899,True,True,84,83,1.3014556823726187,1.4880900824685679,1.6352014101058872,0.16734728955460365,-1.4678541205512836,1.8025486996604907,-3.1030555306571705,3.437750109766378,0.7178646772589972,0.6227221324420807
TECK,0.7284818186161658,0.9678138763280898,0.6420458476849528,0.4473128226286429,True,True,86,90,1.3716519697403846,1.6872846123239902,2.0008416887067035,0.13261300606600437,-1.868228682640699,2.1334546947727078,-3.869070371347403,4.134296383479412,0.8099776747613183,0.686524500788275
CLF,0.9064065567281886,1.060034216494761,0.4510808394901109,0.34845917032795715,False,True,72,80,1.931595327630963,2.045704721969347,2.103903678150144,0.1771167097138095,-1.9267869684363343,2.2810203878639532,-4.0306906465864785,4.384924066014097,0.7418583671962979,0.6522695662263507
X,0.9578693149823236,1.0429344778148808,0.3592558149242978,0.32299010361062297,False,False,79,80,1.8441815232671288,1.9334329060644648,2.006626046284039,0.15886373759473152,-1.8477623086893076,2.165489783878771,-3.8543883549733464,4.172115830162809,0.7303218461006964,0.6413923532129346
NUE,0.6849035895851869,0.7778873957678418,0.4809718424599224,0.37029669070456295,True,True,83,81,1.3396132957574585,1.462005748443363,1.5061144846252863,0.11491771577167541,-1.3911967688536109,1.6210322003969617,-2.897311253478897,3.127146685022248,0.7472222356478904,0.6531189245116791
