,mae,mae_main_etf,r2_score,r2_score_main_etf,shapiro_normal,pearson_normal,ks_normal,chisquare_normal,shapiro_normal_main_etf,pearson_normal_main_etf,ks_normal_main_etf,chisquare_normal_main_etf,n_days_error_bt_mae,n_days_error_bt_main_etf_mae,mean_abs_diff_when_bt_mae,mean_abs_diff_when_bt_main_etf_mae,stock_std,mean,lower_sigma,upper_sigma,lower_two_sigma,upper_two_sigma,r2_score_full,r2_score_main_etf_full
X,0.9026419251236538,1.00240758617267,0.37454228652484967,0.28325869049537944,False,False,False,True,False,False,False,True,44,46,1.689132081013652,1.8326103075305613,2.024354141677088,0.17233492845697695,-1.8520192132201112,2.196689070134065,-3.8763733548971993,4.221043211811153,0.720942675269665,0.6405702301863657
FCX,1.0151971236334423,1.22626197827261,0.4663132355633408,0.2757647382857199,False,False,False,True,False,False,False,True,48,49,1.916249974675499,2.271909150541813,2.2412734474092195,0.16398595565167579,-2.0772874917575437,2.4052594030608954,-4.318560939166764,4.646532850470114,,
STLD,0.679113132518122,0.7865219241820534,0.5100314456328119,0.3811170855218874,False,False,False,True,False,False,False,True,47,44,1.2690671935902968,1.5160161997403194,1.6408005624510782,0.17205251847862646,-1.4687480439724516,1.8128530809297048,-3.10954860642353,3.453653643380783,0.7148169831693008,0.6385394158937747
NUE,0.6204803990232317,0.7721773300336849,0.47877015996973915,0.32223904868076514,False,False,False,True,False,False,False,True,47,44,1.2039159507446218,1.4120536756964712,1.4990164312342242,0.11061332154018552,-1.3884031096940388,1.6096297527744097,-2.887419540928263,3.108646184008634,0.7493298938280734,0.666318522441731
CLF,0.8435051883527104,0.9720220810729259,0.32419599271007216,0.3070475405704376,False,False,False,True,False,False,False,True,39,45,1.80531746234787,1.8154913549077933,2.1112690964037335,0.17996780018801417,-1.9313012962157194,2.2912368965917476,-4.042570392619453,4.402505992995481,0.7325625841020882,0.6578561423441944
