,mae,mae_main_etf,r2_score,r2_score_main_etf,shapiro_normal,pearson_normal,ks_normal,chisquare_normal,shapiro_normal_main_etf,pearson_normal_main_etf,ks_normal_main_etf,chisquare_normal_main_etf,n_days_error_bt_mae,n_days_error_bt_main_etf_mae,mean_abs_diff_when_bt_mae,mean_abs_diff_when_bt_main_etf_mae,stock_std,mean,lower_sigma,upper_sigma,lower_two_sigma,upper_two_sigma,r2_score_full,r2_score_main_etf_full
NUE,0.6177735709310416,0.7694164793314278,0.47879100399636476,0.32243250024009773,False,False,False,True,False,False,False,True,47,44,1.2043792409996652,1.4120505821241585,1.4980195199365998,0.10985242336708266,-1.3881670965695172,1.6078719433036823,-2.8861866165061167,3.1058914632402823,0.7493719133456533,0.6663684962768889
FCX,1.0046402949429332,1.2153023030078176,0.4706074184259884,0.2793885476598982,False,False,False,True,False,False,False,True,47,48,1.925834008067546,2.2877202964649688,2.239758584537373,0.1629312787641717,-2.076827305773201,2.4026898633015445,-4.316585890310574,4.642448447838918,,
TECK,0.8064765981570576,1.0121823880848433,0.509446505788655,0.4043158930426711,False,False,False,True,False,False,False,True,44,54,1.6446764453048701,1.7164084731817235,2.022582223163044,0.1447345672930372,-1.8778476558700068,2.167316790456081,-3.9004298790330507,4.189899013619125,0.8021744975199028,0.6899831331520836
STLD,0.6763085470904044,0.785991384541326,0.5093699996614494,0.3799951753223614,False,False,False,True,False,False,False,True,47,44,1.2694607072867548,1.5160042722619906,1.6396196889852828,0.1715592094509613,-1.4680604795343215,1.811178898436244,-3.1076801685196043,3.450798587421527,0.7148102048365623,0.6384691980670206
X,0.9047241589465232,1.0015901461448122,0.37696391944750784,0.28684140524449453,False,False,False,True,False,False,False,True,44,46,1.6884510106391895,1.8326091356856034,2.0233656530279056,0.17049137705718273,-1.8528742759707229,2.193857030085088,-3.8762399289986287,4.217222683112994,0.720982501163153,0.6407228363743078
CLF,0.8380805007020743,0.9641387722510412,0.3291706318370107,0.3108911462675713,False,False,False,True,False,False,False,True,38,45,1.8253508029737282,1.8154877289491,2.109951323318114,0.1786118486564634,-1.9313394746616508,2.2885631719745776,-4.041290797979765,4.398514495292692,0.7326137446034711,0.6579576343834805
