,mae,mae_main_etf,r2_score,r2_score_main_etf,chisquare_normal,chisquare_normal_main_etf,n_days_error_bt_mae,n_days_error_bt_main_etf_mae,mean_abs_diff_when_bt_mae,mean_abs_diff_when_bt_main_etf_mae,stock_std,mean,lower_sigma,upper_sigma,lower_two_sigma,upper_two_sigma,r2_score_full,r2_score_main_etf_full
NUE,0.6929861823039275,0.7790556325675174,0.44144669417454774,0.3198737491091207,True,True,83,78,1.3316553420230137,1.475648610589451,1.5088490881149685,0.10491790158094794,-1.4039311865340207,1.6137669896959164,-2.912780274648989,3.122616077810885,0.746868743085952,0.6550615589017794
TECK,0.7460828796995082,0.9616931674746584,0.6135419582584221,0.42389124290159563,True,True,87,89,1.3698576557736357,1.671336759258825,2.0095786631198127,0.12989875642950482,-1.8796799066903078,2.1394774195493174,-3.8892585698101207,4.14905608266913,0.8085276147354364,0.6890612122051127
STLD,0.724070170240069,0.8321274980818733,0.4824504681837264,0.34582154026846235,True,True,82,81,1.3552394774148961,1.5430562186178345,1.6405856244298302,0.163862834684966,-1.4767227897448643,1.8044484591147962,-3.1173084141746945,3.4450340835446265,0.7204360303417252,0.6334094528784739
CLF,0.9731443741496663,1.1405028276351892,0.41229902273937735,0.29188938061626246,False,False,64,72,2.216749763631469,2.3118581871604587,2.1153788023561315,0.16587536119621954,-1.949503441159912,2.281254163552351,-4.064882243516044,4.396632965908482,0.7410780835808528,0.6551987801251331
X,1.05391977051265,1.1500201217987749,0.2799326009425056,0.23777271914127995,False,False,71,72,2.169539937799013,2.2814388460442805,2.0168535463321198,0.15519767245903945,-1.8616558738730804,2.172051218791159,-3.8785094202052,4.188904765123279,0.728350393287685,0.6427060237958341
