,mae,shapiro_normal,pearson_normal,ks_normal,chisquare_normal,shapiro_normal_main_etf,pearson_normal_main_etf,ks_normal_main_etf,chisquare_normal_main_etf,n_days_error_bt_mae,mean_abs_diff_when_bt_mae,mae_main_etf,n_days_error_bt_main_etf_mae,mean_abs_diff_when_bt_main_etf_mae,stock_std,mean,lower_sigma,upper_sigma,lower_two_sigma,upper_two_sigma
NUE,0.6204803990207964,False,False,False,False,False,True,True,False,47,1.2039159507418666,0.7721773300336852,44,1.4120536756964697,1.4990164312342245,0.11061332154018552,-1.388403109694039,1.60962975277441,-2.8874195409282635,3.1086461840086343
X,0.9026419251255388,False,False,False,False,False,False,True,False,44,1.6891320810139183,1.0024075861726705,46,1.8326103075305584,2.024354141677088,0.17233492845697698,-1.852019213220111,2.196689070134065,-3.8763733548971993,4.221043211811153
STLD,0.6791131325181652,False,False,False,False,False,False,True,False,47,1.2690671935903655,0.7865219241820479,44,1.516016199740291,1.6408005624510782,0.17205251847862643,-1.4687480439724518,1.8128530809297045,-3.10954860642353,3.453653643380783
CLF,0.8435051883514881,False,False,True,False,True,True,True,False,39,1.8053174623564445,0.9720220810729258,45,1.8154913549077938,2.111269096403733,0.1799678001880142,-1.9313012962157188,2.291236896591747,-4.042570392619452,4.40250599299548
FCX,1.0151971236334538,False,False,False,False,False,False,False,False,48,1.9162499746755028,1.2262619782726036,49,2.2719091505418043,2.2412734474092195,0.16398595565167576,-2.0772874917575437,2.4052594030608954,-4.318560939166764,4.646532850470114
