,mae,mae_main_etf,r2_score,r2_score_main_etf,chisquare_normal,chisquare_normal_main_etf,n_days_error_bt_mae,n_days_error_bt_main_etf_mae,mean_abs_diff_when_bt_mae,mean_abs_diff_when_bt_main_etf_mae,stock_std,mean,lower_sigma,upper_sigma,lower_two_sigma,upper_two_sigma,r2_score_full,r2_score_main_etf_full
CLF,0.9624142549909905,1.1306429010202752,0.4027876105313688,0.2771056982394098,False,False,67,74,2.1355375188765793,2.2661434851333877,2.1078632061809124,0.16928119799603358,-1.9385820081848788,2.277144404176946,-4.046445214365791,4.385007610357858,0.7392738573593729,0.6525549359953129
STLD,0.724887335406118,0.8339890634829595,0.48017249802053874,0.3412368289998755,True,True,83,83,1.3554673131744157,1.5359124221742748,1.636792089187588,0.16158781815800868,-1.4752042710295794,1.7983799073455966,-3.111996360217167,3.435171996533185,0.7196040124630853,0.6326687068012864
TECK,0.74085693684397,0.9610253051835693,0.611750989698213,0.4171108122785345,True,True,86,89,1.3772496283042346,1.6727625992535993,2.0017051832602917,0.1269505054343532,-1.8747546778259385,2.128655688694645,-3.87645986108623,4.130360871954936,0.8077470694961171,0.6892655709744828
NUE,0.6884059026887667,0.7845471686212137,0.44012980541612745,0.3072824673531809,True,True,83,80,1.3246363621949258,1.465466090470762,1.5029757153160057,0.10441506074337618,-1.3985606545726295,1.607390776059382,-2.9015363698886354,3.1103664913753875,0.7457406698593851,0.6533243237975324
X,1.052496247182118,1.1326591829424553,0.2599769327934969,0.2260797078814536,False,False,72,73,2.1517529686785655,2.2453608236639417,2.0096704114831874,0.1520564618003041,-1.8576139496828832,2.1617268732834916,-3.8672843611660705,4.1713972847666785,0.7275375007686031,0.6420641942527976
