,mae,mae_main_etf,r2_score,r2_score_main_etf,chisquare_normal,chisquare_normal_main_etf,n_days_error_bt_mae,n_days_error_bt_main_etf_mae,mean_abs_diff_when_bt_mae,mean_abs_diff_when_bt_main_etf_mae,stock_std,mean,lower_sigma,upper_sigma,lower_two_sigma,upper_two_sigma,r2_score_full,r2_score_main_etf_full
NUE,0.6928562680742186,0.7755779101269483,0.43588919185651387,0.31460110370452,True,True,84,79,1.32573615515337,1.4667795003714308,1.5058856971016286,0.10396412824721774,-1.4019215688544109,1.6098498253488462,-2.9078072659560394,3.115735522450475,0.7464704466388064,0.6551196610760367
STLD,0.7278240427712922,0.8306455036004325,0.4770798910768179,0.3428708077159007,True,True,83,82,1.3533341031666695,1.53478011730434,1.6386501859441323,0.16007059218223949,-1.4785795937618929,1.7987207781263717,-3.117229779706025,3.437370964070504,0.7200605310713009,0.6336217356316463
X,1.050104623317191,1.130742489409381,0.26310461632523086,0.2293764882453273,False,False,71,73,2.1666112863423077,2.2457771846366166,2.0131215906663127,0.1527445130733107,-1.860377077593002,2.1658661037396234,-3.8734986682593147,4.178987694405936,0.7280553053350757,0.6428665665427487
CLF,0.9743007585047818,1.1277607805805105,0.39422519499934294,0.27788307576534443,False,False,67,72,2.154060007585425,2.2900821497581454,2.11118707248276,0.1677813024080269,-1.9434057700747331,2.2789683748907867,-4.054592842557493,4.390155447373547,0.7395778233458414,0.6535479769509152
TECK,0.7482036364513448,0.961528497948886,0.609308639823275,0.4190435036631931,True,True,87,89,1.3733957206527376,1.6716173168832726,2.0055395564277827,0.12804532738788416,-1.8774942290398986,2.133584883815667,-3.8830337854676813,4.1391244402434495,0.8080855474520992,0.6899359755845618
