,mae,mae_main_etf,r2_score,r2_score_main_etf,chisquare_normal,chisquare_normal_main_etf,n_days_error_bt_mae,n_days_error_bt_main_etf_mae,mean_abs_diff_when_bt_mae,mean_abs_diff_when_bt_main_etf_mae,stock_std,mean,lower_sigma,upper_sigma,lower_two_sigma,upper_two_sigma,r2_score_full,r2_score_main_etf_full
STLD,0.7252902114990744,0.8250424937297699,0.500646597458682,0.3774188922378945,True,True,82,82,1.3599057842652829,1.5277690286321186,1.6424999173266086,0.15441409435157977,-1.488085822975029,1.7969140116781883,-3.1305857403016373,3.439413929004797,0.7220412722365701,0.6322878931233993
TECK,0.742156861023246,0.9614266863330402,0.628209301764483,0.4422787332803463,True,True,87,90,1.3712888806493555,1.665198445065704,2.01086900232274,0.1186906869437511,-1.8921783153789886,2.129559689266491,-3.9030473177017284,4.14042869158923,0.8097154994753414,0.6913489849592016
X,1.048226488721085,1.117888501546601,0.27600655237339855,0.25253260447394177,False,False,71,72,2.1629303775615925,2.233832249376861,2.0184031421508726,0.1427490298982247,-1.875654112252648,2.161152172049097,-3.8940572544035206,4.17955531419997,0.7302516864020767,0.6459027075299686
CLF,0.952169659027136,1.1053596207267524,0.42264098925715265,0.3149973065595323,False,False,68,75,2.0819636416385214,2.1954301723009997,2.114292944808689,0.16123368922892123,-1.9530592555797677,2.27552663403761,-4.067352200388457,4.389819578846299,0.7415831845289331,0.6558063232634791
NUE,0.690350733915453,0.783853924636669,0.4698905398276555,0.34734677952370363,True,True,83,81,1.3310505648544675,1.4594465074394791,1.5115980180371438,0.0975055040206911,-1.4140925140164526,1.609103522057835,-2.9256905320535966,3.1207015400949785,0.7485004246987922,0.6573992993410931
