,mae,mae_main_etf,r2_score,r2_score_main_etf,shapiro_normal,pearson_normal,ks_normal,chisquare_normal,shapiro_normal_main_etf,pearson_normal_main_etf,ks_normal_main_etf,chisquare_normal_main_etf,n_days_error_bt_mae,n_days_error_bt_main_etf_mae,mean_abs_diff_when_bt_mae,mean_abs_diff_when_bt_main_etf_mae,stock_std,mean,lower_sigma,upper_sigma,lower_two_sigma,upper_two_sigma,r2_score_full,r2_score_main_etf_full
CLF,1.0052072848268048,1.1269081652874113,0.3205798036734313,0.25628525774878175,False,False,False,False,False,False,False,False,64,68,2.232706710844482,2.3318060053128455,2.11017346571609,0.1751977515174873,-1.934975714198603,2.2853712172335774,-4.045149179914693,4.395544682949668,0.7330505151490849,0.6579410847905314
TECK,0.7953612454074688,0.9669198835830496,0.5416801194318337,0.41964187338291215,False,False,False,True,False,False,False,True,82,85,1.4777383833859774,1.6926565899046269,2.021945173162969,0.1414671339473917,-1.8804780392155773,2.163412307110361,-3.902423212378546,4.185357480273329,0.8025736935695089,0.6897185801906562
STLD,0.7290207375673935,0.7947840368542585,0.39945443278283455,0.32881607555065573,False,False,False,True,False,False,False,True,78,78,1.3565263160882488,1.4658418640614717,1.6400390350554994,0.17026488210743776,-1.4697741529480617,1.8103039171629371,-3.109813188003561,3.4503429522184366,0.7151628998093293,0.6377914553293411
X,1.0443772763184302,1.0953284853253873,0.2701180251733786,0.2499785808269751,False,False,False,False,False,False,False,True,74,76,2.0197372883850018,2.0722337972044436,2.0224187456662817,0.1674878359398087,-1.854930909726473,2.1899065816060905,-3.8773496553927544,4.212325327272372,0.7214972795772743,0.6406568138438107
NUE,0.6946379047446547,0.7437814514158501,0.3541064541888128,0.3136842487558509,False,False,False,True,False,False,False,True,80,77,1.3140812446684929,1.3848216134326423,1.4968969973255513,0.10979063843274255,-1.3871063588928088,1.6066876357582938,-2.88400335621836,3.103584633083845,0.7492527720959036,0.6663457635246731
