,mae,mae_main_etf,r2_score,r2_score_main_etf,chisquare_normal,chisquare_normal_main_etf,n_days_error_bt_mae,n_days_error_bt_main_etf_mae,mean_abs_diff_when_bt_mae,mean_abs_diff_when_bt_main_etf_mae,stock_std,mean,lower_sigma,upper_sigma,lower_two_sigma,upper_two_sigma,r2_score_full,r2_score_main_etf_full
STLD,0.7050247283858717,0.8029337182057048,0.5330790364585865,0.4085111379001831,True,True,84,83,1.3014556823726464,1.4880900824685757,1.6352014101058872,0.16734728955460365,-1.4678541205512836,1.8025486996604907,-3.1030555306571705,3.437750109766378,0.717864677258998,0.6227221324420793
TECK,0.7284818186161557,0.9678138763280875,0.6420458476849611,0.4473128226286396,True,True,86,90,1.3716519697403624,1.687284612324,2.0008416887067035,0.13261300606600437,-1.868228682640699,2.1334546947727078,-3.869070371347403,4.134296383479412,0.8099776747613174,0.6865245007882752
CLF,0.906406556728502,1.0600342164947616,0.45108083948991384,0.34845917032795903,False,True,72,80,1.9315953276323805,2.0457047219693445,2.103903678150144,0.17711670971380947,-1.9267869684363343,2.2810203878639532,-4.0306906465864785,4.384924066014097,0.7418583671962984,0.6522695662263507
NUE,0.6849035895852452,0.7778873957678435,0.4809718424598337,0.37029669070457316,True,True,83,81,1.3396132957575684,1.462005748443353,1.5061144846252863,0.11491771577167538,-1.3911967688536109,1.6210322003969617,-2.897311253478897,3.127146685022248,0.7472222356478894,0.6531189245116785
X,0.9578693149815775,1.0429344778148801,0.35925581492478353,0.32299010361062563,False,False,79,80,1.8441815232659713,1.93343290606446,2.006626046284039,0.1588637375947315,-1.8477623086893076,2.165489783878771,-3.854388354973347,4.172115830162809,0.7303218461006953,0.6413923532129338
