,mae,mae_main_etf,r2_score,r2_score_main_etf,chisquare_normal,chisquare_normal_main_etf,n_days_error_bt_mae,n_days_error_bt_main_etf_mae,mean_abs_diff_when_bt_mae,mean_abs_diff_when_bt_main_etf_mae,stock_std,mean,lower_sigma,upper_sigma,lower_two_sigma,upper_two_sigma,r2_score_full,r2_score_main_etf_full
CLF,0.9722338792827774,1.136851130550252,0.4118309916686098,0.2971581230807565,False,False,65,73,2.198229652781219,2.2942086729309095,2.1126856409936603,0.1673484892606124,-1.9453371517330478,2.280034130254273,-4.0580227927267085,4.392719771247933,0.7421273730984674,0.6581201586177488
TECK,0.7428510932551571,0.9568887190601815,0.6145670523173115,0.43272786654728146,True,True,88,89,1.3603991525546073,1.65786917307113,2.007355246669794,0.12946879649771767,-1.8778864501720762,2.1368240431675116,-3.88524169684187,4.1441792898373055,0.8089095900055298,0.6925062631762726
STLD,0.7227480533638525,0.8249798719657345,0.48538355483464657,0.3607111112550332,True,True,82,81,1.352905088156901,1.528671397876805,1.6393177502010539,0.16050947719798267,-1.4788082730030712,1.7998272273990366,-3.118126023204125,3.4391449776000904,0.7217687859646147,0.6376987021071705
X,1.0452798800855096,1.1359027135652913,0.279401049375535,0.2428400327870187,False,False,71,74,2.155236140787943,2.23322603920791,2.0145777709482817,0.15296652544696376,-1.8616112455013178,2.1675442963952456,-3.8761890164495996,4.182122067343527,0.7297285208526187,0.6461210993247148
NUE,0.6897320175193253,0.7703675558899117,0.44655475812382694,0.336374752203607,True,True,83,79,1.326187754585437,1.4564982151089467,1.5069625355879226,0.10386023467545319,-1.4031023009124695,1.6108227702633757,-2.910064836500392,3.1177853058512985,0.7491241622050792,0.6588122624856426
