,mae,mae_main_etf,r2_score,r2_score_main_etf,shapiro_normal,pearson_normal,ks_normal,chisquare_normal,shapiro_normal_main_etf,pearson_normal_main_etf,ks_normal_main_etf,chisquare_normal_main_etf,n_days_error_bt_mae,n_days_error_bt_main_etf_mae,mean_abs_diff_when_bt_mae,mean_abs_diff_when_bt_main_etf_mae,stock_std,mean,lower_sigma,upper_sigma,lower_two_sigma,upper_two_sigma,r2_score_full,r2_score_main_etf_full
STLD,0.6763085470904348,0.785991384541322,0.5093699996614434,0.37999517532237204,False,False,False,True,False,False,False,True,47,44,1.269460707286823,1.5160042722619655,1.6396196889852828,0.1715592094509613,-1.4680604795343215,1.811178898436244,-3.1076801685196043,3.450798587421527,0.7148102048365631,0.6384691980670203
CLF,0.8380805007014264,0.9641387722510423,0.32917063182989814,0.31089114626756553,False,False,False,True,False,False,False,True,38,45,1.8253508029834604,1.8154877289491014,2.109951323318114,0.1786118486564634,-1.9313394746616508,2.2885631719745776,-4.041290797979765,4.398514495292692,0.7326137446034727,0.6579576343834806
FCX,1.0046402949429305,1.2153023030078254,0.4706074184259894,0.27938854765989873,False,False,False,True,False,False,False,True,47,48,1.9258340080675405,2.2877202964649817,2.239758584537373,0.16293127876417168,-2.076827305773201,2.4026898633015445,-4.316585890310574,4.642448447838918,,
X,0.9047241589429889,1.0015901461448113,0.376963919452341,0.2868414052444891,False,False,False,True,False,False,False,True,44,46,1.6884510106334127,1.8326091356856054,2.023365653027905,0.17049137705718273,-1.8528742759707224,2.1938570300850877,-3.876239928998628,4.217222683112993,0.7209825011631517,0.6407228363743083
NUE,0.6177735709289927,0.7694164793314286,0.47879100399566465,0.3224325002400975,False,False,False,True,False,False,False,True,47,44,1.2043792409981091,1.412050582124155,1.4980195199366,0.10985242336708269,-1.3881670965695172,1.6078719433036828,-2.886186616506117,3.1058914632402828,0.7493719133456529,0.6663684962768894
