,mae,mae_main_etf,r2_score,r2_score_main_etf,chisquare_normal,chisquare_normal_main_etf,n_days_error_bt_mae,n_days_error_bt_main_etf_mae,mean_abs_diff_when_bt_mae,mean_abs_diff_when_bt_main_etf_mae,stock_std,mean,lower_sigma,upper_sigma,lower_two_sigma,upper_two_sigma,r2_score_full,r2_score_main_etf_full
TECK,0.7421568610232527,0.9614266863330388,0.6282093017644765,0.4422787332803444,True,True,87,90,1.3712888806493708,1.6651984450657087,2.01086900232274,0.11869068694375111,-1.8921783153789886,2.129559689266491,-3.9030473177017284,4.14042869158923,0.8097154994753398,0.6913489849592025
NUE,0.6903507339154613,0.7838539246366683,0.4698905398276326,0.3473467795237021,True,True,83,81,1.3310505648544928,1.4594465074394807,1.5115980180371438,0.0975055040206911,-1.4140925140164526,1.609103522057835,-2.9256905320535966,3.1207015400949785,0.7485004246987916,0.6573992993410926
X,1.0482264887176351,1.1178885015465991,0.2760065523756512,0.25253260447394243,False,False,71,72,2.1629303775552766,2.233832249376856,2.0184031421508726,0.1427490298982247,-1.875654112252648,2.161152172049097,-3.8940572544035206,4.17955531419997,0.7302516864020758,0.6459027075299695
STLD,0.7252902114990362,0.8250424937297701,0.5006465974587266,0.37741889223789427,True,True,82,82,1.359905784265242,1.527769028632119,1.6424999173266086,0.15441409435157977,-1.488085822975029,1.7969140116781883,-3.1305857403016373,3.439413929004797,0.7220412722365714,0.6322878931233995
CLF,0.9521696590285311,1.1053596207267513,0.42264098925633575,0.3149973065595314,False,False,68,75,2.0819636416400225,2.1954301723009992,2.114292944808689,0.16123368922892123,-1.9530592555797677,2.27552663403761,-4.067352200388457,4.389819578846299,0.7415831845289325,0.6558063232634805
