,mae,mae_main_etf,r2_score,r2_score_main_etf,chisquare_normal,chisquare_normal_main_etf,n_days_error_bt_mae,n_days_error_bt_main_etf_mae,mean_abs_diff_when_bt_mae,mean_abs_diff_when_bt_main_etf_mae,stock_std,mean,lower_sigma,upper_sigma,lower_two_sigma,upper_two_sigma,r2_score_full,r2_score_main_etf_full
TECK,0.7311664104374077,0.9734179562393841,0.6394412207291157,0.43825657988615063,True,True,86,92,1.3707056115577378,1.6746343488105335,2.0064486610152086,0.12697025573134602,-1.8794784052838627,2.1334189167465545,-3.8859270662990713,4.1398675777617635,0.8097785128035788,0.6898383990014121
CLF,0.9076363779285912,1.0617563658712728,0.44365901792070517,0.33254058068727255,False,True,72,79,1.9308604600740864,2.0674934620011727,2.1100995936488314,0.17234712325135143,-1.93775247039748,2.282446716900183,-4.047852064046311,4.392546310549014,0.7419739518519275,0.6558975057393834
STLD,0.7151437224890018,0.8144463591991409,0.5181587713285031,0.3912805750696483,True,True,85,83,1.3184031653674269,1.5098056439964247,1.6399632984197778,0.16372129095154783,-1.47624200746823,1.8036845893713256,-3.1162053058880077,3.4436478877911036,0.7204603498620349,0.6348679448530117
NUE,0.687535878448835,0.7842481626861125,0.4726172296501997,0.3524515147102216,True,True,83,82,1.3484363297492166,1.465822215555915,1.5114434388116997,0.11025327045149261,-1.401190168360207,1.6216967092631924,-2.912633607171907,3.133140148074892,0.7475015784232206,0.6570695499904797
X,0.9948076417610254,1.0794659711204517,0.3158773504127239,0.2779785641221073,False,False,72,75,2.0347978259562103,2.1008449288507647,2.012814768750632,0.15548325983769815,-1.857331508912934,2.1682980285883304,-3.870146277663566,4.181112797338963,0.7298125874517641,0.643743194194965
