,mae,mae_main_etf,r2_score,r2_score_main_etf,shapiro_normal,pearson_normal,ks_normal,chisquare_normal,shapiro_normal_main_etf,pearson_normal_main_etf,ks_normal_main_etf,chisquare_normal_main_etf,n_days_error_bt_mae,n_days_error_bt_main_etf_mae,mean_abs_diff_when_bt_mae,mean_abs_diff_when_bt_main_etf_mae,stock_std,mean,lower_sigma,upper_sigma,lower_two_sigma,upper_two_sigma,r2_score_full,r2_score_main_etf_full
CLF,0.8383006356791752,0.9127500368496603,0.33637644540944345,0.2981117998230889,False,False,False,True,False,False,False,True,38,44,1.8253979961217162,1.7687205420045808,2.11017346571609,0.17519775151748726,-1.934975714198603,2.2853712172335774,-4.045149179914693,4.395544682949668,0.7330505151490847,0.6138520813933575
X,0.9060551207148452,0.896197975043018,0.3842591611525449,0.3665378078139129,False,False,False,True,False,False,False,True,44,46,1.6884433948079824,1.688208854278641,2.0239026921286682,0.16692211040354077,-1.8569805817251275,2.190824802532209,-3.8808832738537955,4.2147274946608775,0.7214861111091783,0.6052456161060458
FCX,0.9822143531470486,1.0240232232958206,0.47830237056149894,0.42549954589758565,False,False,False,True,False,False,False,True,46,41,1.9078790162937964,2.0081555934149176,2.2400835698886485,0.15927046511760687,-2.0808131047710416,2.3993540350062554,-4.32089667465969,4.639437604894904,0.7793378897881608,0.6934050225274349
TECK,0.8036248651589857,0.8994252693019372,0.516650561726985,0.44671018003477747,False,False,False,True,False,False,False,True,45,47,1.625828681136383,1.6071495872160217,2.0234123265482173,0.1409835309381989,-1.8824287956100185,2.1643958574864164,-3.9058411221582356,4.187808184034633,0.8025847094538361,0.685529041527475
NUE,0.6433162422898273,0.6969775025852225,0.48131151227595015,0.4125924670163258,False,False,False,True,False,False,False,True,48,44,1.251150504774454,1.372676761351274,1.4980195199365998,0.10985242336708266,-1.3881670965695172,1.6078719433036823,-2.8861866165061167,3.1058914632402823,0.7493719133456518,0.6291608141367384
STLD,0.6746124873293435,0.7594644921106539,0.5208558634720721,0.42381496758692283,False,False,False,True,False,False,False,True,46,46,1.2780976128378136,1.428244279848665,1.6405077671539232,0.16833897036406437,-1.472168796789859,1.8088467375179875,-3.112676563943782,3.449354504671911,0.7153761880743446,0.5801566697612937
