,KWEB,XLE,BBL
NUE,0.48221375394477484,0.6917019903638524,0.532908113412069
STLD,0.517740729203642,0.7387422971269554,0.5669182782528559
X,0.6346021705927833,0.9324868782949929,0.7116644138626881
CLF,0.6767354861484107,0.9624711191933649,0.7335934218295644
TECK,0.6433015890678935,0.947786660112751,0.743071535876704
