,CLF,STLD,TECK,NUE,X
CLF,1,0.8517644398222807,0.8621833043493613,0.8290201588557945,0.8215189813905978
STLD,0.7949498052832356,1,0.848992657979072,0.9003546193056308,0.7779179712821545
TECK,0.808510835739408,0.847055254281735,1,0.8365894607826249,0.7416826502371311
NUE,0.8027236059422651,0.9189172175348653,0.8594472165692981,1,0.8068139823713302
X,0.8216000411886841,0.8414313705118427,0.8345246966081609,0.8690397768605866,1
