,KWEB,XLE,BBL
NUE,0.43236235384565724,0.6841950213725823,0.5296022579811986
FCX,0.6807161879111099,0.9831868247154473,0.8553297908061968
TECK,0.5739851994258494,0.9420020346627241,0.7444807975154971
STLD,0.45992793922655134,0.729742234322327,0.5640529201249199
X,0.56914904635868,0.9178310143808213,0.713758254010678
CLF,0.599607435383668,0.9501865659969726,0.7323432397124255
