,KWEB,XLE,BBL
STLD,0.45992793922655084,0.7297422343223274,0.56405292012492
CLF,0.599607435383668,0.9501865659969722,0.7323432397124258
FCX,0.6807161879111103,0.9831868247154463,0.8553297908061962
X,0.5691490463586805,0.9178310143808216,0.7137582540106783
NUE,0.4323623538456571,0.6841950213725823,0.5296022579811985
