,KWEB,XLE,BBL
STLD,0.5217014983895273,0.7238017381425894,0.5646064190910672
TECK,0.6482127357022782,0.9314190582335539,0.7408853524008461
CLF,0.6790995622957964,0.9479082624373211,0.7356205235200441
NUE,0.4869490981471232,0.6820707505423648,0.5300651008445441
X,0.6379831272187185,0.9166585003086353,0.710050134922621
