,CLF,TECK,STLD,X,NUE
CLF,1,0.8626166962838082,0.851782291663895,0.821519247799377,0.8290835848929593
TECK,0.8088066095896151,1,0.8472536778104461,0.7417558241522711,0.8367917814855218
STLD,0.7949593793337539,0.8492933371617165,1,0.7779268621191331,0.9002937348403086
X,0.8215657694230042,0.8346864268109662,0.841419779068168,1,0.8690810935959452
NUE,0.8020109619898736,0.8600357052130921,0.9192476501999404,0.8070085717871178,1
