,KWEB,XLE,BBL
TECK,0.5922906648753081,0.8313102269238882,0.8312199426752304
X,0.5574836051892313,0.8005485636270715,0.7805851957014092
NUE,0.5897635167093745,0.8163472326896095,0.7959290565453006
CLF,0.5753300207570968,0.8109713177720226,0.7860204317100531
STLD,0.5663278786435467,0.8005527206385383,0.7687318406665381
