,KWEB,XLE,BBL
TECK,0.635069671321539,0.8307839032341987,0.8278691883164723
CLF,0.6164550919017556,0.8102124328998331,0.783447545142672
STLD,0.6052872725704523,0.7982106126317495,0.763315549686011
NUE,0.619060682346336,0.810671280075906,0.7859050158815392
X,0.5921835581227897,0.8025833132969933,0.7766808117849349
