,KWEB,XLE,BBL
X,0.5705212067678103,0.9176569443032923,0.7136243607775093
FCX,0.6818761695737506,0.9832482321811223,0.8554514366682157
STLD,0.46061877746170016,0.7298721190441283,0.5641990037399248
NUE,0.43314262653187613,0.6842324874137051,0.5296555781566868
CLF,0.6008271201991839,0.9501571597233899,0.7323527611368401
