,KWEB,XLE,BBL
NUE,0.4850244152959048,0.6923590448867769,0.5298819274938721
STLD,0.5215114661879234,0.737210763164955,0.5647808316773948
TECK,0.6456335028524213,0.9430816837753013,0.7397250854531502
X,0.6380387817819221,0.9296486872140232,0.710154776552518
CLF,0.6809914649145085,0.9626497800546718,0.7367346871677845
