,KWEB,XLE,BBL
FCX,0.6097732913572445,0.7841274600931207,0.8356555145015152
NUE,0.5921038080900356,0.816733163158064,0.7960318223037284
CLF,0.5782571321533683,0.8119069566246784,0.7853157590918038
STLD,0.5677843753750096,0.8012458916398107,0.7667302230749727
X,0.5594625639099023,0.8010198150880536,0.7801910368424583
