,TECK,NUE,X,STLD,CLF
TECK,1,0.8393950078828633,0.7443219947803246,0.8490438039109099,0.8108445390986152
NUE,0.8612304977503122,1,0.808591030009696,0.9194480339595618,0.8043296235238824
X,0.836340796069659,0.8705501853333566,1,0.8430328911847842,0.823055895196266
STLD,0.8500474838516415,0.9014832455280717,0.7798668983991415,1,0.7971421665273628
CLF,0.8635511427920827,0.830783100034741,0.8231551608298868,0.8531005647522064,1
