,NUE,FCX,TECK,STLD,X,CLF
NUE,1,0.562711965902774,0.6212228219685004,0.8231031936307442,0.5094841818316641,0.5063399388568552
FCX,1.2251293033636033,1,0.9726370068504472,1.1279556443391725,0.7258154016534726,0.7659398462146385
TECK,1.0575294301158482,0.7639194739060196,1,0.9953872569111867,0.6299803197095165,0.6846632548100671
STLD,0.9396163219353384,0.5842437704827357,0.6631780611214584,1,0.5374515528149366,0.5443246863843788
X,1.122347770531824,0.7398686073158831,0.8153704740508962,1.0266317669512957,1,0.7564147212984121
CLF,1.1036185779912877,0.7674907074722935,0.871648491679535,1.0427670745278934,0.7416013436509779,1
