,KWEB,XLE,BBL
TECK,0.6488409862654216,0.9496234880161516,0.743601174644977
NUE,0.48706036061875513,0.6927803767203435,0.53255306837983
X,0.6391645566228907,0.9331190260464876,0.710984685841187
STLD,0.5218363152711256,0.7384434703122549,0.5668921408665882
CLF,0.680704313128886,0.9616754694726475,0.7334973054976953
