,X,FCX,STLD,NUE,CLF
X,1,0.7397267848163,1.0264770042632096,1.1221406953488993,0.7562910007321109
FCX,0.7258432426642024,1,1.1278951665438885,1.2251002005322265,0.7659317264633689
STLD,0.5375455211685645,0.5842657853132723,1,0.9396723401864256,0.544367019256988
NUE,0.5095041880431418,0.5626897754312135,0.8230623008964488,1,0.5063257393019102
CLF,0.7415843551810064,0.7674206847595167,1.0426699235525931,1.1035140970373236,1
