,X,TECK,CLF,STLD,NUE
X,1,0.8347410001246336,0.8222913298559241,0.8415000174233153,0.8690348835577728
TECK,0.7417665713821483,1,0.8096279452618844,0.8485547011047618,0.8374566639406166
CLF,0.8223044842742272,0.8627283738234843,1,0.853416825818196,0.8297671812617337
STLD,0.7780266412042744,0.8500474998467056,0.796483728942433,1,0.9009859724658296
NUE,0.8066822863870163,0.8597344085708947,0.8033213726891599,0.9194827169140708,1
