,X,TECK,CLF,STLD,NUE
X,1,0.8185653499855892,0.7652857654855995,1.0300121056602862,1.1097391162079975
TECK,0.6005250348564987,1,0.6842535270432896,0.985506810283936,1.0284223565983073
CLF,0.7259951235318765,0.874889195486517,1,1.0514660444410482,1.0988025963033745
STLD,0.5256441193124223,0.6654026861413795,0.5546228845435637,1,0.926671533331661
NUE,0.5054861720109718,0.6249403177086255,0.5212865520690457,0.83057618803963,1
