,NUE,X,STLD,CLF,FCX
NUE,1,0.8114316766830874,0.9199647521325901,0.7933200035083618,0.8705961524862421
X,0.8666630254707928,1,0.836763734795945,0.8147215979520048,0.8464228103345617
STLD,0.9010114707801734,0.7850262664780727,1,0.7866198828679354,0.8315170966077432
CLF,0.8238774328376505,0.8302912110282133,0.8486473593345166,1,0.854799604626329
FCX,0.8546199446437318,0.7727633493412014,0.8488028189190224,0.8006873642754335,1
