,FCX,NUE,CLF,STLD,X
FCX,1,0.854785979361174,0.800733550106891,0.848922092981549,0.772867962073282
NUE,0.8707623824995739,1,0.7933484391294945,0.9199652543589898,0.8114306860178403
CLF,0.854839096464358,0.8239119503133333,1,0.8486621886148675,0.8303018929064412
STLD,0.8316347982234822,0.901009260231545,0.7866336213111164,1,0.7850194729686651
X,0.8465526015749065,0.8666566637682925,0.8147326179063227,0.8367576157888588,1
