,TECK,NUE,CLF,X,STLD
TECK,1,1.049792369861701,0.680076622371366,0.630570040450429,0.9948614834288314
NUE,0.6212544141035736,1,0.5018593519241422,0.5093349667840303,0.8220983420820318
CLF,0.8721100648608324,1.0947724829061045,1,0.7439647544737518,1.0433902363923155
X,0.8159233486367937,1.1134713017525417,0.7535584137655473,1,1.0264097796910723
STLD,0.6639251984947555,0.9326245378233207,0.5422326233876249,0.53837320092648,1
