,CLF,X,FCX,TECK,NUE,STLD
CLF,1,0.8306358522467557,0.8550933889260507,0.8657509703323187,0.8222315925343475,0.8489311140559391
X,0.8150602584489013,1,0.8467065298840586,0.8347350180470637,0.8649432996926284,0.8370494786972964
FCX,0.8010491366381391,0.7732099424375776,1,0.8996875214525517,0.8528735182278457,0.849107242688139
TECK,0.8101544030032679,0.7632449902817288,0.8932054189734565,1,0.8428994639120972,0.8513891348287759
NUE,0.7933627860750491,0.8114745076796007,0.8706170260604532,0.864088895493286,1,0.9199562016660465
STLD,0.7869838676251759,0.7853981203491126,0.831856370310594,0.8518176867450983,0.8994886885805445,1
