,STLD,TECK,X,CLF,NUE
STLD,1,0.8500474838516415,0.7798668983991414,0.7971421665273627,0.9014832455280706
TECK,0.84904380391091,1,0.7443219947803243,0.8108445390986152,0.8393950078828628
X,0.843032891184784,0.8363407960696589,1,0.8230558951962658,0.8705501853333564
CLF,0.8531005647522069,0.8635511427920823,0.8231551608298865,1,0.8307831000347412
NUE,0.9194480339595623,0.8612304977503119,0.8085910300096965,0.804329623523882,1
