,KWEB,XLE,BBL
CLF,0.6163838910683651,0.810089147874031,0.7832795308878482
NUE,0.6186981873673904,0.8116439730311001,0.7862355643651321
X,0.5911133166521096,0.8024704758111646,0.7760984837523923
STLD,0.6039513012180651,0.7981458779829902,0.7625675991927451
TECK,0.6327026812336529,0.8311722986683383,0.8271260587400286
