,TECK,NUE,CLF,X,STLD
TECK,1,0.8429096932147572,0.8074037457708159,0.7632628249491328,0.8511439916929847
NUE,0.8640949381732661,1,0.7902005715753029,0.8114855980324646,0.91949063015467
CLF,0.8655162324215434,0.8221083502700576,1,0.8313890358240255,0.8490437577952509
X,0.8346780729753492,0.8648688019132506,0.8137178141653787,1,0.8370149632699353
STLD,0.8515304006164689,0.8989855278317698,0.7859100845156655,0.7854029858086866,1
