,STLD,TECK,CLF,X,NUE
STLD,1,0.6651768618009172,0.5595507726142898,0.5310559766593468,0.925707556442394
TECK,0.9829904595213134,1,0.6870791745989949,0.603618620084847,1.0266970586858404
CLF,1.0494768323261316,0.872872645238804,1,0.7293558489652268,1.0962799117999305
X,1.030571527637308,0.8185181517743668,0.7697462704025675,1,1.1083286556236
NUE,0.8307013182412454,0.6270086163294811,0.5254267830408146,0.5099103216041565,1
