,KWEB,XLE,BBL
X,0.5589239322384919,0.8009385138675015,0.78018628941062
FCX,0.6097856139046207,0.7841371430329802,0.8355852000812594
STLD,0.5672357631576055,0.8011701770729094,0.7667266048658987
NUE,0.5914344702302633,0.8166257493996786,0.7960160950703183
CLF,0.5779543985460279,0.8118888592364406,0.7853120198906953
