,KWEB,XLE,BBL
CLF,0.6757274237571568,0.9608219917969764,0.7383466811817834
STLD,0.5168746542682825,0.7378848602109328,0.56923900373822
TECK,0.6422519326218236,0.9460071953165387,0.7452443118535371
NUE,0.4814247480161762,0.689797263161295,0.5345561562942316
X,0.63323489928864,0.9308386330490331,0.7143260013444407
