,KWEB,XLE,BBL
NUE,0.5914344702302635,0.816625749399679,0.7960160950703187
X,0.5589239322384919,0.8009385138675013,0.7801862894106205
STLD,0.5672357631576057,0.8011701770729093,0.7667266048658987
CLF,0.5779543985460276,0.8118888592364404,0.7853120198906957
FCX,0.6097856139046209,0.7841371430329799,0.8355852000812595
