,KWEB,XOP,BBL
CCJ,0.33826596187891284,0.34716039425494216,0.406711847969035
CLF,0.6014671798930348,0.6306067087080107,0.7323576489294417
NUE,0.4338384840146925,0.43975101016339996,0.5296458697809108
STLD,0.4612960039034041,0.46559957119547274,0.5641920143403107
FCX,0.6821749390671313,0.6516208919454477,0.8554764748751756
X,0.5713603914958859,0.626500789680755,0.7136141146292289
