,STLD,TECK,CLF,NUE,X
STLD,1,0.6651768618009171,0.5595507726142899,0.9257075564423936,0.5310559766593471
TECK,0.982990459521313,1,0.6870791745989949,1.0266970586858402,0.6036186200848466
CLF,1.0494768323261312,0.8728726452388038,1,1.0962799117999305,0.7293558489652271
NUE,0.830701318241245,0.6270086163294813,0.5254267830408146,1,0.5099103216041564
X,1.0305715276373084,0.8185181517743669,0.769746270402568,1.1083286556235992,1
