,KWEB,XLE,BBL
STLD,0.6037944226964562,0.7963316937286757,0.7665838904085231
TECK,0.6332372358702357,0.8316237987710449,0.8293245875670174
X,0.5917045817521576,0.8038778985903978,0.7775557243069465
CLF,0.6167072351787232,0.8101731517805545,0.7840331187126693
NUE,0.6214184680763798,0.8108715933575238,0.7902971806184738
