,CLF,TECK,STLD,X,NUE
CLF,1,0.8657509703323188,0.8489311140559398,0.8306358522467555,0.8222315925343471
TECK,0.8084860183877134,1,0.8511655958906199,0.7632522044116616,0.8428755619872551
STLD,0.7868165427775485,0.8515696890936679,1,0.7852105775820106,0.8990072391637879
X,0.8135246002458146,0.8347415008602336,0.8368718718985974,1,0.864907347689598
NUE,0.7912602204645087,0.8640664077191699,0.9195028762668724,0.8114379705563172,1
