,NUE,FCX,TECK,STLD,X,CLF
NUE,1,0.8706170260604534,0.8640888954932856,0.9199562016660462,0.8114745076796004,0.7933627860750495
FCX,0.8546446558993318,1,0.8994898078784054,0.8488054127737723,0.7728126449927512,0.8007253743025678
TECK,0.843967638436608,0.893002405600379,1,0.8510052176165362,0.7628038911432434,0.8098392120591603
STLD,0.9010091368130771,0.8315249854421788,0.851453780620178,1,0.7850166736758287,0.7866277589509093
X,0.8666625772639204,0.8464166579460611,0.8343788027575689,0.8366981158762355,1,0.8147695056920916
CLF,0.823912969730661,0.8548239956715761,0.8654932734937473,0.8486277837668067,0.8303476375861163,1
