,TECK,NUE,X,STLD,CLF
TECK,1,1.0306950066195586,0.6041676021849948,0.9862274404127623,0.6869443372971007
NUE,0.6270928982707554,1,0.508452620228143,0.8313205496635481,0.5236841526515129
X,0.8205006171370018,1.111146235728704,1,1.031477729679807,0.7669482351993633
STLD,0.6675174633843763,0.9282506857271137,0.5295960716809868,1,0.5574068989884083
CLF,0.8751374003894244,1.0983025980735845,0.7273222627616236,1.0498854490537308,1
