,TECK,X,NUE,CLF,STLD
TECK,1,0.627887967218879,1.0460882092018107,0.677147655257409,0.9920025704253558
X,0.816090461661069,1,1.1142296194503003,0.7537109061956876,1.0272860398035346
NUE,0.6212865769396761,0.5095975830199839,1,0.5019813667044332,0.8224665030669925
CLF,0.872369690686855,0.74465846632296,1.0959463182711906,1,1.0445898106391482
STLD,0.6639636846444565,0.5384921200945278,0.9326237219557848,0.5421652155728672,1
