,CLF,X,FCX,TECK,NUE,STLD
CLF,1,0.7419908537463261,0.7677396687447522,0.8716823040687337,1.0941564778707487,1.0427843624246336
X,0.7567898017054967,1,0.740236551606931,0.8156251929732364,1.1131058682064257,1.026771648682752
FCX,0.7664140125292489,0.7263858192470335,1,0.9726358422248864,1.2149001692611439,1.1280050467540388
TECK,0.6853160487128673,0.6307703428908851,0.7644053005753724,1,1.049800588565265,0.9958665104835127
NUE,0.5063399388568551,0.5094841818316644,0.5627119659027737,0.6212228219685008,1,0.8231031936307442
STLD,0.5449274384937519,0.5381047534246434,0.5847517268523542,0.6636074098217254,0.9324211900474818,1
