,FCX,NUE,CLF,STLD,X
FCX,1,1.2253203861825723,0.7659365963394886,1.128007374822325,0.7259129838994705
NUE,0.5628047327992848,1,0.5063236275619771,0.8230463116519926,0.509486985399384
CLF,0.7674939519975297,1.1036039366899157,1,1.0427045044743666,0.7416029228192429
STLD,0.5843671823853513,0.9396883283191765,0.5443646894727182,1,0.5375349365288445
X,0.7398587210830122,1.1221512454309366,0.7562886345293997,1.0264665987578785,1
