,KWEB,XLE,BBL
CLF,0.680270427343756,0.9641098483048842,0.7336401241400888
TECK,0.6454276833780151,0.9480941967308294,0.7431844414862384
STLD,0.5189374975583607,0.7396087427239753,0.5667952453507767
X,0.6372424307955609,0.9332263969660589,0.7116688224058498
NUE,0.4849142123914749,0.6940264865918269,0.5329268913584352
