,KWEB,XLE,BBL
STLD,0.5217014983895273,0.7238017381425894,0.5646064190910675
TECK,0.6482127357022787,0.9314190582335543,0.7408853524008466
CLF,0.6790995622957966,0.9479082624373213,0.7356205235200436
X,0.6379831272187186,0.9166585003086359,0.7100501349226207
NUE,0.48694909814712345,0.6820707505423651,0.530065100844544
