,KWEB,XLE,BBL
NUE,0.4851502335773929,0.6917634978143342,0.5330146865665469
TECK,0.647188671722633,0.9495436027866094,0.7443133880213249
STLD,0.5198048866613626,0.7381830025385878,0.5669958981801312
CLF,0.6814469887257671,0.9637530765886921,0.7336121132491765
X,0.6382916423410858,0.9323800856443116,0.7117754554545674
