,NUE,TECK,STLD,CLF,X
NUE,1,0.6250625456155529,0.8305884656418611,0.5212872467375025,0.5054903228488957
TECK,1.0284217080657063,1,0.9854534167655298,0.6842396921731314,0.6004892595522201
STLD,0.9266736560890676,0.6654832050544245,1,0.5546204460099302,0.5256394045110663
CLF,1.0988029353123965,0.8750434764254503,1.0514775480401295,1,0.7259985267320906
X,1.1097401309272668,0.818666316772437,1.0300114033185734,0.765283853789926,1
