,CLF,NUE,X,STLD,TECK
CLF,1,1.099356433819194,0.7295684435183074,1.0504043053262087,0.8744102139063255
NUE,0.522360181689284,1,0.5088343664860124,0.8306590522217162,0.6260404548007117
X,0.7658244193622974,1.1097437082783446,1,1.0299247610666975,0.8185797174389324
STLD,0.5552574296730736,0.9268804305180167,0.5291368848006027,1,0.6639756303487138
TECK,0.6827752843052173,1.0267556288458062,0.6023137847729298,0.9817721660183921,1
