,KWEB,XLE,BBL
CLF,0.6811538823270844,0.9627923613851591,0.7363699893587551
NUE,0.485156544028346,0.6926252403106788,0.5298165524226246
X,0.6381545599066805,0.9295532395434788,0.7095090068444748
STLD,0.5207875907588406,0.7375942994989957,0.563923722616886
TECK,0.6468343716353843,0.9446124512568435,0.7400651549768857
