,CCJ,CLF,NUE,STLD,FCX,X
CCJ,1,0.6928786740234818,0.7174967692647003,0.7015182762264137,0.760244318029563,0.6240386106602808
CLF,0.7307020142897358,1,0.823911950313333,0.8486621886148681,0.8548390964643581,0.8303018929064414
NUE,0.7055411056610238,0.7933484391294945,1,0.9199652543589898,0.8707623824995737,0.8114306860178405
STLD,0.6847425001017553,0.7866336213111165,0.9010092602315448,1,0.8316347982234827,0.7850194729686653
FCX,0.7484091610297975,0.8007335501068913,0.8547859793611743,0.8489220929815484,1,0.772867962073282
X,0.6755572736875205,0.8147326179063232,0.8666566637682922,0.8367576157888584,0.8465526015749067,1
