,NUE,STLD,X,CLF,TECK
NUE,1,0.919198872629331,0.8067651150922741,0.8027111971577503,0.859582491501505
STLD,0.9006737156811334,1,0.7779532399037042,0.7947392157964065,0.8494212688874411
X,0.8690732354431444,0.8414800809964915,1,0.8215455099519396,0.8345425545386411
CLF,0.8290772613526831,0.8515642533058658,0.821494336332272,1,0.8624027189742448
TECK,0.8367157314305752,0.8474254624461083,0.7416178895568699,0.8086295072092312,1
