,KWEB,XLE,BBL
CLF,0.5771233063151017,0.8118922915514624,0.7850496166092038
X,0.5578310799535323,0.8009354559058287,0.7796022337288325
FCX,0.6090982115949134,0.7841305834223041,0.8349129038470227
TECK,0.592764268448886,0.830995235818806,0.8305945308362636
NUE,0.5905884461355093,0.8166594674815714,0.7948861576823935
STLD,0.5666981555433072,0.8009216342123732,0.7660844663863398
