,KWEB,XLE,BBL
STLD,0.5218363152711254,0.7384434703122552,0.5668921408665881
TECK,0.6488409862654216,0.9496234880161514,0.7436011746449767
X,0.6391645566228907,0.9331190260464877,0.710984685841187
CLF,0.6807043131288864,0.9616754694726475,0.7334973054976958
NUE,0.48706036061875535,0.692780376720344,0.5325530683798302
