,KWEB,XLE,BBL
STLD,0.56664058116107,0.801150866015978,0.766692457888509
CLF,0.5769743009334579,0.811950129918781,0.7853841586194528
FCX,0.6089865234698024,0.7841718710224366,0.8355990656896108
X,0.5576816848098031,0.8010225339645631,0.7803019345999614
NUE,0.5905884461355092,0.8166594674815715,0.7960528945672621
