,STLD,TECK,X,CLF,NUE
STLD,1,0.6675174633843763,0.5295960716809865,0.557406898988408,0.9282506857271126
TECK,0.9862274404127627,1,0.6041676021849947,0.6869443372971005,1.0306950066195582
X,1.031477729679806,0.8205006171370021,1,0.7669482351993628,1.1111462357287032
CLF,1.0498854490537313,0.8751374003894241,0.7273222627616235,1,1.0983025980735848
NUE,0.8313205496635494,0.6270928982707551,0.5084526202281432,0.5236841526515129,1
