,CLF,NUE,X,STLD,TECK
CLF,1,0.8308202782246322,0.8230397399298119,0.8529736886424478,0.8625345927847592
NUE,0.8036018360012102,1,0.8080875989607891,0.9187848190796922,0.8599981316178401
X,0.8226202581622943,0.8699062900139198,1,0.8425049088910691,0.8353075543568401
STLD,0.7958354216520114,0.900657850635966,0.7796444639607859,1,0.8472831124761274
TECK,0.8090235900809912,0.838251761050364,0.7442624588804272,0.8477318274420041,1
