,KWEB,XLE,BBL
X,0.6371517746973286,0.9323521463285699,0.7117645529856624
TECK,0.6455299506665456,0.9494717068223567,0.7443764792085649
CLF,0.6803548852879042,0.9637379215259855,0.7335774162706757
STLD,0.5188427245746836,0.7381583998931432,0.5669899183545903
NUE,0.4844206324441175,0.6917567334519673,0.5329858943845898
