,NUE,STLD,X,CLF,TECK
NUE,1,0.829716584602968,0.5055283843890024,0.5209158585275061,0.6249274744085412
STLD,0.9271215771318437,1,0.526067287176423,0.5539057322055141,0.6655644704823614
X,1.1099515442626515,1.0293292075745144,1,0.7646854676071952,0.8186060535431925
CLF,1.0979094606732398,1.0484178774028319,0.7252613262188585,1,0.8747205222796344
TECK,1.026362901512194,0.9824706047846568,0.5988916260413115,0.6826966121008998,1
