,NUE,STLD,TECK,X,CLF
NUE,1,0.9189560041522529,0.8600270353878606,0.8080480892247458,0.8034638835755153
STLD,0.9010209765184539,1,0.8468686983500961,0.7794110438836133,0.7963489010968351
TECK,0.8389600149330813,0.8482812827739286,1,0.7443612726798805,0.8091506543615947
X,0.8698596289880524,0.8424979008231342,0.8352468460443253,1,0.8225325862079621
CLF,0.8306658637307278,0.8530281635269987,0.8625074734243778,0.8229678276000045,1
