,CLF,TECK,STLD,X,NUE
CLF,1,0.8716823040687331,1.0427843624246347,0.7419908537463258,1.094156477870748
TECK,0.6821904901011612,1,0.995177866571139,0.6307693869004803,1.049784481604166
STLD,0.5436934970764058,0.6637309507416767,1,0.5382369090264715,0.9323754795115802
X,0.7535011830919388,0.8156390326252637,1.0261158914730406,1,1.1130874142014435
NUE,0.5037270796565629,0.6211956961786549,0.8223163041972125,0.5094476772731256,1
