,KWEB,XLE,BBL
STLD,0.6045379324384186,0.7911612065603337,0.7635793260973659
TECK,0.6351184459881226,0.8291761669997534,0.8276552681747725
CLF,0.6167559519226832,0.8084093832274657,0.7836406899137849
X,0.592256882757273,0.8014470659460883,0.7768355227449124
NUE,0.61927044187005,0.8084959747398588,0.7860895035288541
