,KWEB,XLE,BBL
X,0.590335215899185,0.8018768765271396,0.7787568443584981
TECK,0.6310138517060707,0.8301082323720489,0.8300325585115309
CLF,0.6162146153168122,0.8096944244734214,0.7844480888382849
STLD,0.6031448057160664,0.7972077093397298,0.7681795368963159
NUE,0.6198085132579417,0.8094205213962758,0.7908783925155779
