,KWEB,XLE,BBL
CLF,0.6003145723952137,0.9508126566841995,0.7266920867186424
X,0.5698860473751564,0.9184963236763786,0.7100616964481088
FCX,0.6814932162691016,0.9838736845280752,0.8524494671072675
TECK,0.5748544809038383,0.9427525696552042,0.7411744574359063
NUE,0.43236235384565713,0.6841950213725824,0.5275779032568817
STLD,0.4606623237132692,0.7303967429532869,0.5618332007534019
