,CCJ,CLF,NUE,STLD,FCX,X
CCJ,1,0.3533390545843558,0.5407766047513751,0.49938240435904807,0.39529901905901726,0.3220824596203804
CLF,1.0855451614026614,1,1.1036039366899155,1.0427045044743672,0.7674939519975297,0.741602922819243
NUE,0.7415873230453209,0.506323627561977,1,0.8230463116519923,0.5628047327992846,0.5094869853993841
STLD,0.7937431856802306,0.5443646894727183,0.9396883283191763,1,0.5843671823853517,0.5375349365288445
FCX,1.2112715627559056,0.7659365963394885,1.2253203861825726,1.1280073748223243,1,0.7259129838994705
X,1.0039706806492863,0.7562886345293999,1.1221512454309364,1.026466598757878,0.7398587210830122,1
