,X,NUE,CLF,STLD,TECK
X,1,0.8700992749456268,0.8227544218215488,0.842855607608742,0.8356581140368388
NUE,0.808323462444521,1,0.8029092837352497,0.9187848190796922,0.8603496316523009
CLF,0.8232617326738846,0.8306613382010973,1,0.8530940780827365,0.8623884262362197
STLD,0.7800690637027339,0.9004442635427563,0.7959369881463532,1,0.847733198249792
TECK,0.7446605297147103,0.8390077909920539,0.8087779569502167,0.8480968122328282,1
