,TECK,CLF,STLD,NUE,X
TECK,1,0.6838640465530003,0.9832349138530712,1.0269817670189456,0.603623124404109
CLF,0.8728573795884248,1,1.0497679264462771,1.096389307684944,0.729533399017405
STLD,0.6638182967498146,0.5558303583655149,1,0.9242068094103896,0.5297349265638428
NUE,0.6269655823673144,0.5230485099513099,0.8307712857313436,1,0.5099166136588342
X,0.8180679671953034,0.7663496577063228,1.0301474168703126,1.1080165125837091,1
