,KWEB,XLE,BBL
CLF,0.6130984462711875,0.8081699051869479,0.7848971031428276
STLD,0.6010099811063409,0.7967956716881818,0.7683220527099077
TECK,0.6293207459061683,0.8304253356905892,0.8294524261213486
NUE,0.6173482145084873,0.8083702660047604,0.7915238358699985
X,0.5877698923936702,0.8015095278232913,0.7790392626877733
