,KWEB,XLE,BBL
CLF,0.6003145723952136,0.9508126566841992,0.7266920867186423
TECK,0.5747440142942308,0.9427603100758698,0.7411133290473978
STLD,0.4610318828449181,0.7305336888687515,0.5620525982120306
X,0.5698232251554958,0.9185139303927482,0.7100312923200892
NUE,0.432160713744816,0.684168330164217,0.5274719388929037
