,CLF,TECK,STLD,X,NUE
CLF,1,0.8747483887347428,1.0489868067427466,0.7252729594796329,1.0979019199942175
TECK,0.6829816387525788,1,0.9827614733712806,0.5991227579374454,1.0266541154073612
STLD,0.5538810321505259,0.6651192215474472,1,0.5258621416027255,0.9253673544548154
X,0.7647099761799124,0.8185906354803917,1.0295642530869324,1,1.1099576524765244
NUE,0.5216304567238687,0.6258406333708044,0.830004421056608,0.5065658770078884,1
