,KWEB,XLE,BBL
STLD,0.5217014983895273,0.7238017381425896,0.5646064190910671
NUE,0.4869490981471232,0.6820707505423649,0.5300651008445437
CLF,0.6790995622957964,0.9479082624373201,0.7356205235200448
X,0.6379831272187191,0.9166585003086353,0.7100501349226209
TECK,0.6482127357022781,0.9314190582335539,0.7408853524008464
