,KWEB,XLE,BBL
STLD,0.6045379324384186,0.7911612065603337,0.7635793260973661
TECK,0.6351184459881224,0.8291761669997533,0.8276552681747723
CLF,0.616755951922683,0.8084093832274653,0.7836406899137853
NUE,0.6192704418700499,0.8084959747398586,0.7860895035288543
X,0.5922568827572727,0.8014470659460876,0.7768355227449129
