,X,NUE,STLD,TECK,CLF
X,1,1.1102103610215561,1.028714465821311,0.8187917992096659,0.7646692170469543
NUE,0.505497878427935,1,0.8288229762595043,0.6248337540339075,0.5207800548029211
STLD,0.5264555589814006,0.9275939145510336,1,0.6658068652987151,0.5543675762172511
TECK,0.5989044700289883,1.026278275185052,0.981330601296698,1,0.6824357970830874
CLF,0.7255002179613714,1.098303778679417,1.0482814876836033,0.8748702858600423,1
