,NUE,STLD,TECK,X,CLF
NUE,1,0.8303958735747117,0.6257817262317827,0.5085907385370979,0.5221321542244445
STLD,0.9286422135368361,1,0.6650485866283147,0.5302062675018703,0.5564786311779782
TECK,1.0255115267978285,0.9800682225211037,1,0.6009464985744675,0.6815320952967049
X,1.10999683592091,1.029748067834105,0.8184530058993538,1,0.7658153072038111
CLF,1.099288029296718,1.0501160059765045,0.8741569843883005,0.729337817470608,1
