,KWEB,XLE,BBL
TECK,0.5739543104069351,0.9402680217458339,0.7455403313402017
X,0.5703316244419148,0.9191681134909215,0.7142925717123452
NUE,0.43201431758704206,0.684268872513729,0.5300210148333084
CLF,0.5998836828968863,0.9533915481348555,0.7344171476042571
STLD,0.4608586046436053,0.7307607161222736,0.5661758125166862
