,X,FCX,STLD,NUE,CLF
X,1,0.8464228103345619,0.8367637347959455,0.8666630254707935,0.814721597952005
FCX,0.7727633493412011,1,0.8488028189190225,0.8546199446437321,0.8006873642754332
STLD,0.7850262664780729,0.8315170966077428,1,0.9010114707801734,0.7866198828679357
NUE,0.811431676683087,0.8705961524862418,0.9199647521325907,1,0.7933200035083616
CLF,0.8302912110282135,0.8547996046263299,0.8486473593345172,0.8238774328376501,1
