,KWEB,XLE,BBL
X,0.5877698923936702,0.801509527823291,0.7790392626877735
NUE,0.6173482145084873,0.8083702660047599,0.7915238358699984
STLD,0.6010099811063405,0.7967956716881817,0.7683220527099083
TECK,0.6293207459061682,0.8304253356905895,0.8294524261213476
CLF,0.6130984462711873,0.808169905186948,0.7848971031428277
