,KWEB,XLE,BBL
FCX,0.6821749390671312,0.9832020766256765,0.8554764748751752
NUE,0.43383848401469244,0.6843122618438564,0.5296458697809109
CLF,0.601467179893035,0.9501987417462101,0.7323576489294414
STLD,0.46129600390340414,0.7299434919859883,0.5641920143403106
X,0.5713603914958856,0.9177483549148538,0.7136141146292287
