,KWEB,XLE,BBL
TECK,0.5927595283793018,0.8310152832597463,0.8321971683271117
NUE,0.5904207105756517,0.8167026255224229,0.7959507213020287
CLF,0.5767890602924669,0.8120715009167446,0.786384524739644
X,0.5577137166409374,0.8010744714799948,0.7806229519073525
STLD,0.5668233046227489,0.800829393238154,0.7686266449954707
