,KWEB,XLE,BBL
NUE,0.6202640144427685,0.8094229503261448,0.7909027025108201
TECK,0.6322391708644314,0.8302494555685409,0.8300426720891741
STLD,0.6037998486806585,0.7972343726670538,0.768175865437404
CLF,0.6167143097850575,0.809701774088895,0.7844662920252093
X,0.5909361666282524,0.8019009949284445,0.7787554032365093
