,KWEB,XLE,BBL
CLF,0.6159982316650866,0.8115607790640159,0.7843488226877984
TECK,0.6309945332092454,0.8323922107936067,0.8291935965724859
STLD,0.602745758450807,0.7998750084204972,0.7673480900594534
X,0.5902045268872258,0.8040339335092627,0.7783884200816349
NUE,0.6184141143602294,0.8117195435930615,0.7906264419959494
