,KWEB,XLE,BBL
NUE,0.4331426265318763,0.6842324874137053,0.529655578156687
X,0.57052120676781,0.9176569443032919,0.7136243607775098
STLD,0.4606187774617006,0.7298721190441282,0.5641990037399249
CLF,0.6008271201991835,0.9501571597233897,0.7323527611368403
FCX,0.6818761695737509,0.9832482321811219,0.8554514366682159
