,KWEB,XLE,BBL
X,0.6375735080493915,0.9303168931579741,0.7094846070470816
NUE,0.48718085984416837,0.6934419702849555,0.5275253834119794
CLF,0.6787495226418593,0.9631435033870491,0.7331776074602463
STLD,0.5206900398317541,0.7383624270754298,0.5624034100251161
TECK,0.6483186398862655,0.9460157347246398,0.7410837827151859
