,KWEB,XOP,BBL
CCJ,0.5396474901359081,0.70438442350785,0.7350389125472024
CLF,0.578257132153368,0.7445428133872716,0.7853157590918043
NUE,0.5921038080900358,0.7325829531294571,0.7960318223037279
STLD,0.5677843753750095,0.7112869689284504,0.7667302230749727
FCX,0.6097732913572447,0.718769292357011,0.8356555145015155
X,0.5594625639099026,0.7461053702708016,0.7801910368424584
