,KWEB,XLE,BBL
X,0.5924882974934942,0.8025861297608611,0.7766917155982446
NUE,0.6202424202123978,0.8107504874262668,0.7850911196050775
CLF,0.6166288757637405,0.8102538069420769,0.7822011384783923
STLD,0.6056263508688733,0.7982059498531252,0.7619844167254304
TECK,0.6352121011642351,0.8308375717611238,0.8278697996109227
