,TECK,CLF,STLD,NUE,X
TECK,1,0.8087781925060057,0.8480751723359953,0.8386912015872985,0.744642018434968
CLF,0.8623880156038661,1,0.853078008828935,0.8303804361567584,0.8232508394900977
STLD,0.8477112745008425,0.7959204388983588,1,0.9002805320959633,0.7800734960801208
NUE,0.8599963633278093,0.8025989776073504,0.9185948654400232,1,0.8081291363550034
X,0.8356437711893352,0.8227417339074803,0.8428589918443503,0.8699237224041357,1
