,STLD,TECK,CLF,X,NUE
STLD,1,0.8473650285543861,0.7982601175333431,0.7801831237772208,0.9005733126152045
TECK,0.848145738170986,1,0.8109347475764394,0.7448471019968106,0.8385734354340049
CLF,0.8531795736945604,0.8624379507932042,1,0.8233486065512624,0.8304828441523611
X,0.8430498069661961,0.8356046512086326,0.8244045762709538,1,0.8698029810420472
NUE,0.918634625995314,0.8598392514231304,0.8044621070926867,0.8081601520822889,1
