,STLD,CLF,FCX,X,NUE
STLD,1,0.5443246863843788,0.5842437704827355,0.5374515528149365,0.9396163219353387
CLF,1.0427670745278932,1,0.7674907074722923,0.7416013436509776,1.1036185779912873
FCX,1.1279556443391727,0.765939846214639,1,0.7258154016534721,1.2251293033636041
X,1.0266317669512963,0.7564147212984123,0.739868607315884,1,1.1223477705318237
NUE,0.823103193630744,0.5063399388568556,0.5627119659027737,0.5094841818316641,1
