,CLF,STLD,TECK,NUE,X
CLF,1,1.048281487683603,0.8748702858600419,1.0983037786794168,0.7255002179613709
STLD,0.5543675762172513,1,0.6658068652987146,0.9275939145510335,0.5264555589814007
TECK,0.6824357970830867,0.9813306012966978,1,1.0262782751850523,0.5989044700289883
NUE,0.5207800548029213,0.8288229762595037,0.6248337540339078,1,0.5054978784279348
X,0.7646692170469542,1.0287144658213105,0.8187917992096655,1.1102103610215561,1
