,KWEB,XLE,BBL
NUE,0.6189777291333354,0.8114433464166004,0.7859123646298466
STLD,0.6031092545052916,0.7954937438351716,0.7628846906259378
TECK,0.633665312654663,0.8310583488652785,0.8265478490842564
X,0.5911770154708632,0.8023661461224842,0.7760955632505169
CLF,0.6165427478068153,0.8099181836803322,0.7830831243618119
