,KWEB,XLE,BBL
NUE,0.6182246011823952,0.8094618811651079,0.7906061700716452
STLD,0.602490127292937,0.7972798195372522,0.7672555205542545
X,0.5890676805694027,0.8019940033851249,0.7783898325347011
CLF,0.6141689943167031,0.8087325562754131,0.7842927653199433
TECK,0.6302428036074833,0.8308186954127349,0.8292452614588569
