,X,NUE,STLD,TECK,CLF
X,1,0.8690397768605866,0.841431370511843,0.8345246966081612,0.8216000411886843
NUE,0.8068139823713304,1,0.918917217534866,0.8594472165692977,0.8027236059422649
STLD,0.7779179712821541,0.9003546193056311,1,0.8489926579790723,0.7949498052832352
TECK,0.7416826502371312,0.8365894607826247,0.847055254281735,1,0.8085108357394083
CLF,0.8215189813905978,0.8290201588557944,0.8517644398222808,0.8621833043493617,1
