,TECK,X,NUE,CLF,STLD
TECK,1,0.7626755412294696,0.8415478561543153,0.8058002418917491,0.8500063399534722
X,0.8336962894980845,1,0.8650508777655838,0.8139849027348517,0.8371881524630155
NUE,0.8632517904920292,0.811834158800565,1,0.7906052866443931,0.9196044803341664
CLF,0.8643147861560289,0.831561944659001,0.8223720366920882,1,0.8491423898215565
STLD,0.8509459934285211,0.7857649046178643,0.8991569212163888,0.7862522752736493,1
