,KWEB,XLE,BBL
STLD,0.6045379324384188,0.7911612065603337,0.7635793260973659
NUE,0.6192704418700496,0.8084959747398587,0.7860895035288537
CLF,0.616755951922683,0.8084093832274647,0.7836406899137863
X,0.5922568827572731,0.8014470659460878,0.7768355227449126
TECK,0.6351184459881222,0.829176166999753,0.8276552681747726
