,KWEB,XLE,BBL
X,0.6332348992886401,0.9308386330490331,0.7143260013444407
NUE,0.4814247480161762,0.6897972631612945,0.5345561562942316
STLD,0.516874654268282,0.7378848602109328,0.5692390037382203
TECK,0.6422519326218233,0.9460071953165391,0.7452443118535361
CLF,0.6757274237571564,0.9608219917969764,0.7383466811817835
