,KWEB,XLE,BBL
NUE,0.5905884461355096,0.8166594674815715,0.7960528945672622
FCX,0.6089865234698019,0.7841718710224371,0.8355990656896116
TECK,0.5927370185331254,0.8312050492377132,0.8309325855719586
STLD,0.5666405811610703,0.8011508660159774,0.7666924578885089
X,0.557681684809803,0.8010225339645628,0.7803019345999614
CLF,0.5769743009334578,0.811950129918781,0.7853841586194528
