,NUE,TECK,STLD,CLF,X
NUE,1,0.8598255965504329,0.919491502252513,0.8033221595799638,0.806686012104809
TECK,0.8375526817515286,1,0.8485940975667396,0.8097017234631569,0.7418161787836131
STLD,0.9009947255911384,0.8500800396504105,1,0.7964873042978485,0.7780251254141651
CLF,0.829767467937524,0.862805120991058,0.8534208426473571,1,0.8223058398440887
X,0.8690419675224967,0.834773872643395,0.8414980364219559,0.8222925628403684,1
