,KWEB,XLE,BBL
TECK,0.6332372358702356,0.8316237987710451,0.8293245875670178
NUE,0.6214184680763795,0.8108715933575236,0.7902971806184736
X,0.5917045817521573,0.8038778985903975,0.7775557243069467
STLD,0.6037944226964564,0.7963316937286756,0.7665838904085229
CLF,0.6167072351787227,0.8101731517805545,0.7840331187126688
