,X,NUE,CLF,STLD,TECK
X,1,1.108577042625759,0.7663543177829893,1.0301475811613587,0.8180746799097567
NUE,0.5098499167317362,1,0.5230661236017784,0.8306590522217162,0.6269868801910871
CLF,0.7295505333173969,1.0971143057631794,1,1.049804078618998,0.8728581785221353
STLD,0.5297293809857041,0.9246580000155799,0.5558350194075287,1,0.6638245546679703
TECK,0.6036401617157592,1.0276847599000374,0.6838627245573091,0.9832703787718658,1
