,STLD,CLF,FCX,X,NUE
STLD,1,0.7866277589509093,0.8315249854421787,0.7850166736758286,0.9010091368130774
CLF,0.8486277837668061,1,0.8548239956715747,0.8303476375861162,0.8239129697306612
FCX,0.8488054127737722,0.8007253743025684,1,0.7728126449927507,0.8546446558993321
X,0.8366981158762359,0.8147695056920917,0.8464166579460619,1,0.8666625772639203
NUE,0.9199562016660461,0.7933627860750496,0.8706170260604534,0.8114745076796004,1
