,KWEB,XLE,BBL
TECK,0.5748093955602426,0.9425902962448162,0.7472382468285111
NUE,0.43222779908930387,0.6841243620120258,0.5295640459895998
CLF,0.6005767987411168,0.9534504223235246,0.7335693015439205
X,0.5700185021427265,0.9188650806702543,0.7134545100023268
STLD,0.46116325534947933,0.7307508844889539,0.5657926006860426
