,NUE,X,STLD,CLF,FCX
NUE,1,0.509504188043142,0.8230623008964482,0.5063257393019103,0.562689775431214
X,1.122140695348898,1,1.0264770042632092,0.7562910007321104,0.7397267848163
STLD,0.9396723401864256,0.5375455211685647,1,0.5443670192569877,0.5842657853132728
CLF,1.1035140970373247,0.7415843551810064,1.0426699235525922,1,0.7674206847595161
FCX,1.225100200532226,0.7258432426642025,1.1278951665438883,0.7659317264633693,1
