,mae,mae_main_etf,r2_score,r2_score_main_etf,chisquare_normal,chisquare_normal_main_etf,n_days_error_bt_mae,n_days_error_bt_main_etf_mae,mean_abs_diff_when_bt_mae,mean_abs_diff_when_bt_main_etf_mae,stock_std,mean,lower_sigma,upper_sigma,lower_two_sigma,upper_two_sigma,r2_score_full,r2_score_main_etf_full
EQT,0.588796584329553,0.7036176923878005,0.5752773778077487,0.431456183456452,True,True,76,75,1.140940204384336,1.3858339588901891,1.739142870808662,0.074818255988606,-1.6643246148200561,1.813961126797268,-3.403467485628718,3.55310399760593,0.6444240724359875,0.5574179558409492
RRC,0.6494956243046859,0.8454013373297031,0.6971084963887497,0.5416477873913894,True,True,71,73,1.3014329607029893,1.6377190828300439,2.2597360919157823,0.1032022966932453,-2.156533795222537,2.3629383886090274,-4.416269887138319,4.62267448052481,0.7342442217486084,0.6374247658210199
SWN,0.6323216132900621,0.6815798601756761,0.6464639344358667,0.553492002588627,True,True,90,84,1.0961137633160527,1.257344561075713,2.044007069355028,0.13699568757453384,-1.9070113817804941,2.181002756929562,-3.951018451135522,4.22500982628459,0.6343081659704348,0.5804966265706073
CNX,0.5449313634114447,0.6112549806200165,0.7243752336041978,0.647810631880124,True,True,84,78,0.971324128001428,1.126758774782481,1.8067807171122887,0.04658083983364804,-1.7601998772786407,1.8533615569459367,-3.5669805943909294,3.6601422740582255,0.7262077004429751,0.68553376126257
EOG,0.4131073695414515,0.4090339160748812,0.7996739162522228,0.8013616441243672,True,True,81,81,0.7914908937389227,0.7868430368850887,2.219545906638995,0.06834064134995381,-2.1512052652890414,2.2878865479889487,-4.3707511719280365,4.507432454627944,0.7977754699621636,0.7982433283075472
DVN,0.4285313514459879,0.4241746888097297,0.8241135822350287,0.8268591554270726,True,True,78,79,0.8167369494583337,0.80823266472296,2.6084657234815767,0.12439773163559545,-2.4840679918459814,2.732863455117172,-5.092533715327558,5.341329178598749,0.8540987860130076,0.8525972394328779
