,mae,mae_main_etf,r2_score,r2_score_main_etf,chisquare_normal,chisquare_normal_main_etf,n_days_error_bt_mae,n_days_error_bt_main_etf_mae,mean_abs_diff_when_bt_mae,mean_abs_diff_when_bt_main_etf_mae,stock_std,mean,lower_sigma,upper_sigma,lower_two_sigma,upper_two_sigma,r2_score_full,r2_score_main_etf_full
CNX,0.5456687228916061,0.6132379655968981,0.7261223477171552,0.6483382802299182,True,True,85,79,0.9667443732328802,1.1252637186892887,1.805623533497194,0.04522776316212545,-1.7603957703350686,1.8508512966593194,-3.5660193038322623,3.6564748301565135,0.7264988957208538,0.685295602170975
RRC,0.648967408542464,0.8430346050007065,0.6988701499264147,0.5476540642963865,True,True,72,73,1.2952633598465968,1.631494720144774,2.2588750079316413,0.10419971174902941,-2.154675296182612,2.3630747196806707,-4.413550304114254,4.621949727612312,0.7344299018389385,0.6366655981195938
EOG,0.41537797710773117,0.41092009359640247,0.7983279689371956,0.8001483065388717,True,True,83,81,0.783641281521491,0.7880153771648106,2.216971589642054,0.06602858155343133,-2.1509430080886225,2.2830001711954853,-4.367914597730676,4.499971760837539,0.7977632992084241,0.7982450672469752
DVN,0.42691652426843757,0.4230147368202224,0.8234730140951152,0.8262113237658213,True,True,78,80,0.8168067776434467,0.8034211165419343,2.60509611614949,0.12306115264395459,-2.4820349635055354,2.728157268793445,-5.087131079655026,5.333253384942934,0.8541370746081713,0.852637010033941
SWN,0.6299393990984353,0.6807670518489155,0.6498109465262376,0.5566505321137412,True,True,90,84,1.0955408942994083,1.258059811737213,2.042344326905802,0.1349928904898481,-1.9073514364159538,2.17733721739565,-3.9496957633217558,4.219681544301452,0.6346915934736186,0.5805309279319248
EQT,0.5852542713129265,0.6994460637309716,0.5788870946451585,0.4401632759732448,True,True,76,75,1.1365333255548773,1.375465605276983,1.7382644171448747,0.07293943043780259,-1.665324986707072,1.8112038475826773,-3.4035894038519467,3.549468264727552,0.64491314803949,0.5572851645761734
