,mae,mae_main_etf,r2_score,r2_score_main_etf,chisquare_normal,chisquare_normal_main_etf,n_days_error_bt_mae,n_days_error_bt_main_etf_mae,mean_abs_diff_when_bt_mae,mean_abs_diff_when_bt_main_etf_mae,stock_std,mean,lower_sigma,upper_sigma,lower_two_sigma,upper_two_sigma,r2_score_full,r2_score_main_etf_full
CNX,0.5735421627687805,0.6372606837583549,0.6385231124971487,0.5787402203664154,True,True,84,76,1.0472496953600623,1.2259446547295019,1.8071497501230558,0.04983676445459339,-1.7573129856684624,1.8569865145776492,-3.564462735791518,3.664136264700705,0.7308378110580879,0.6873110802190311
EOG,0.41659445433432113,0.4119055591188613,0.8243310642968249,0.8249597070013674,True,True,82,83,0.7903895424502847,0.7848534451608752,2.220938467310456,0.07073604838733664,-2.1502024189231195,2.2916745156977925,-4.371140886233575,4.512612983008249,0.8011375037583206,0.8015784008818102
RRC,0.6805673439018415,0.8630049843659835,0.6969629073280321,0.560471583599488,True,True,70,75,1.403797688559157,1.673588794006163,2.2746710122718166,0.08656915732437494,-2.188101854947442,2.3612401695961913,-4.462772867219258,4.635911181868008,0.7337496609100455,0.6366917126406425
SWN,0.6616869863279617,0.6692150030176762,0.6253577070675624,0.5980699790642997,True,True,90,87,1.1610459911661175,1.2164796483958253,2.0451603299872727,0.12909336978581,-1.9160669602014626,2.174253699773083,-3.9612272901887353,4.2194140297603555,0.6363199093332403,0.5856129977201152
DVN,0.4348566262426293,0.42837496082989057,0.8418617732162677,0.8449762964974924,True,True,83,78,0.8099005246579972,0.8250238080916795,2.608384267790909,0.11561223809138915,-2.4927720296995197,2.7239965058822984,-5.101156297490429,5.332380773673207,0.8564556067825462,0.8551237700862208
EQT,0.5888501181413885,0.7029607128578467,0.5848408651170836,0.4648154139756393,True,True,76,78,1.1641357129721552,1.3651836974661944,1.744462029646511,0.06416464338873426,-1.6802973862577768,1.8086266730352452,-3.424759415904288,3.553088702681756,0.6484845776384789,0.5604041474349346
