,mae,mae_main_etf,r2_score,r2_score_main_etf,chisquare_normal,chisquare_normal_main_etf,n_days_error_bt_mae,n_days_error_bt_main_etf_mae,mean_abs_diff_when_bt_mae,mean_abs_diff_when_bt_main_etf_mae,stock_std,mean,lower_sigma,upper_sigma,lower_two_sigma,upper_two_sigma,r2_score_full,r2_score_main_etf_full
CNX,0.5549167823312517,0.6180809214115568,0.7283788630279093,0.6514884276287738,True,True,87,79,0.9699452209773448,1.140941950960658,1.807281230594172,0.04629533839217272,-1.7609858922019992,1.8535765689863446,-3.568267122796171,3.6608577995805165,0.7270524976677692,0.6857543981812126
DVN,0.4309107306162293,0.42667518555536327,0.8273142358855274,0.8302285399040653,True,True,80,79,0.8129766225618227,0.8117808894652117,2.604616757588587,0.12107947821305069,-2.483537279375536,2.725696235801638,-5.088154036964124,5.3303129933902245,0.8545107024019597,0.853065345939491
RRC,0.6660106332625878,0.8580355764588667,0.6958827120848232,0.5551867615329291,True,True,69,75,1.3750176500444138,1.6454125201770284,2.265300107715156,0.0999977107843273,-2.1653023969308287,2.3652978184994837,-4.430602504645985,4.63059792621464,0.7335830755091666,0.6369240745325604
EOG,0.4197890354533113,0.41471083371488665,0.7998937971026029,0.8020144454575324,True,True,84,83,0.7845783300088566,0.783718806946832,2.214797132188318,0.06596560601719165,-2.148831526171126,2.28076273820551,-4.363628658359445,4.495559870393827,0.7979612569104515,0.7984823329107361
EQT,0.5913096139900077,0.7067331505922377,0.5856222188910853,0.44823387846613116,True,True,78,76,1.1348294174826314,1.3824442122436675,1.7402888333668085,0.07191357829850305,-1.6683752550683055,1.8122024116653115,-3.408664088435114,3.55249124503212,0.6461426810818077,0.5585028717476347
