,mae,mae_main_etf,r2_score,r2_score_main_etf,chisquare_normal,chisquare_normal_main_etf,n_days_error_bt_mae,n_days_error_bt_main_etf_mae,mean_abs_diff_when_bt_mae,mean_abs_diff_when_bt_main_etf_mae,stock_std,mean,lower_sigma,upper_sigma,lower_two_sigma,upper_two_sigma,r2_score_full,r2_score_main_etf_full
EOG,0.4221050054045588,0.417519327815166,0.8186605993395781,0.8198331550809099,True,True,85,84,0.789523723380549,0.7925371174743449,2.2232991187216324,0.06836089302084636,-2.154938225700786,2.291660011742479,-4.378237344422418,4.514959130464112,0.8010561196017798,0.8014981000322101
EQT,0.585334267291334,0.706298703697805,0.6006012768253746,0.47126696839038684,True,True,77,77,1.145081484062952,1.3831043600012591,1.7456306900483445,0.06174094705351347,-1.683889742994831,1.807371637101858,-3.4295204330431757,3.5530023271502023,0.6493452798708715,0.5615849634491328
DVN,0.4355341909842003,0.4295459680669825,0.8424690701938765,0.8453130134562223,True,True,82,78,0.8123853762595233,0.8243801950215647,2.611281568940783,0.11273922261803822,-2.4985423463227447,2.724020791558821,-5.109823915263528,5.335302360499604,0.856448576669993,0.8551093716157611
RRC,0.6834508876774967,0.8726071641590469,0.7033817111088434,0.5595518326640727,True,True,70,75,1.4028525313555058,1.6988395948314994,2.2754394563452767,0.0811153548140717,-2.194324101531205,2.356554811159348,-4.469763557876481,4.631994267504625,0.7331949449579367,0.6364079427707396
CNX,0.5483006625085324,0.6161826174672795,0.7432602092936116,0.661305825485998,True,True,86,79,0.9655081247105965,1.145794793000903,1.808009366696102,0.048390170569305044,-1.7596191961267968,1.856399537265407,-3.567628562822899,3.6644089039615086,0.730715081971889,0.6868453416725518
