,mae,mae_main_etf,r2_score,r2_score_main_etf,chisquare_normal,chisquare_normal_main_etf,n_days_error_bt_mae,n_days_error_bt_main_etf_mae,mean_abs_diff_when_bt_mae,mean_abs_diff_when_bt_main_etf_mae,stock_std,mean,lower_sigma,upper_sigma,lower_two_sigma,upper_two_sigma,r2_score_full,r2_score_main_etf_full
SWN,0.6589024871136049,0.6704792643712314,0.62185386115345,0.5927721972276929,True,True,88,86,1.175126118103909,1.2251997531527279,2.0436637627755876,0.1289845720570328,-1.9146791907185547,2.1726483348326204,-3.9583429534941423,4.216312097608208,0.6359599675523532,0.5851220343744109
DVN,0.43071129279224407,0.4237719304552182,0.8413714148897273,0.844480270224435,True,True,82,80,0.8129225045744828,0.8118928515483737,2.6082231165112386,0.1075976623038341,-2.5006254542074045,2.7158207788150728,-5.108848570718643,5.324043895326311,0.857405458982965,0.8561267860612893
EQT,0.5898148718765804,0.6971697494034357,0.5776241625374903,0.4628821498890324,True,True,75,77,1.1729864123159495,1.3561804485942102,1.7435747887463293,0.06427807763591047,-1.679296711110419,1.8078528663822397,-3.422871499856748,3.551427655128569,0.6485531999034327,0.5604741314616554
RRC,0.6751994363533959,0.8562393318000658,0.694828802007912,0.5583447874884475,True,True,69,74,1.4091556986578995,1.6737779741916772,2.272181467395416,0.08771821057466472,-2.1844632568207514,2.3598996779700805,-4.456644724216167,4.632081145365497,0.7340811383185017,0.6370312766141709
EOG,0.4185332586988107,0.41421032389857165,0.8206804480254446,0.8214935992314405,True,True,81,82,0.8005392689287937,0.795127072682691,2.218978186621425,0.0709387462875102,-2.1480394403339145,2.2899169329089353,-4.36701762695534,4.50889511953036,0.8012128158135292,0.8016672240381767
CNX,0.5751754779796727,0.6354374719969081,0.6375219253126728,0.5786459050367427,True,True,85,77,1.0386621939255445,1.21352737341891,1.8096334031238466,0.04617658846216273,-1.7634568146616838,1.8558099915860093,-3.5730902177855306,3.6654433947098557,0.728167060478351,0.6866950213817016
