,mae,mae_main_etf,r2_score,r2_score_main_etf,chisquare_normal,chisquare_normal_main_etf,n_days_error_bt_mae,n_days_error_bt_main_etf_mae,mean_abs_diff_when_bt_mae,mean_abs_diff_when_bt_main_etf_mae,stock_std,mean,lower_sigma,upper_sigma,lower_two_sigma,upper_two_sigma,r2_score_full,r2_score_main_etf_full
DVN,0.4307112927921787,0.42377193045521827,0.8413714148896811,0.8444802702244338,True,True,82,80,0.8129225045744806,0.8118928515483784,2.6082231165112386,0.10759766230383408,-2.5006254542074045,2.7158207788150728,-5.108848570718643,5.324043895326311,0.8574054589829645,0.8561267860612886
CNX,0.575175477979675,0.6354374719968732,0.6375219253126709,0.5786459050367649,True,True,85,77,1.0386621939255474,1.2135273734188596,1.8096334031238468,0.046176588462162715,-1.763456814661684,1.8558099915860096,-3.573090217785531,3.665443394709856,0.7281670604783509,0.6866950213817019
EQT,0.5898148718765455,0.6971697494034008,0.5776241625375185,0.46288214988905874,True,True,75,77,1.1729864123159244,1.3561804485941615,1.7435747887463293,0.06427807763591044,-1.679296711110419,1.8078528663822397,-3.422871499856748,3.551427655128569,0.648553199903433,0.5604741314616561
SWN,0.6589024871135043,0.6704792643712705,0.6218538611535329,0.5927721972276625,True,True,88,86,1.1751261181036727,1.2251997531527958,2.0436637627755876,0.1289845720570328,-1.9146791907185547,2.1726483348326204,-3.9583429534941423,4.216312097608208,0.6359599675523538,0.5851220343744101
EOG,0.41853325869884017,0.4142103238985733,0.8206804480254329,0.8214935992314367,True,True,81,82,0.8005392689288143,0.795127072682694,2.218978186621425,0.07093874628751022,-2.1480394403339145,2.2899169329089353,-4.36701762695534,4.50889511953036,0.8012128158135282,0.801667224038177
RRC,0.6751994363534893,0.8562393318000658,0.694828802007806,0.5583447874884475,True,True,69,74,1.4091556986581253,1.6737779741916772,2.272181467395416,0.08771821057466472,-2.1844632568207514,2.3598996779700805,-4.456644724216167,4.632081145365497,0.7340811383185017,0.6370312766141701
