,mae,mae_main_etf,r2_score,r2_score_main_etf,chisquare_normal,chisquare_normal_main_etf,n_days_error_bt_mae,n_days_error_bt_main_etf_mae,mean_abs_diff_when_bt_mae,mean_abs_diff_when_bt_main_etf_mae,stock_std,mean,lower_sigma,upper_sigma,lower_two_sigma,upper_two_sigma,r2_score_full,r2_score_main_etf_full
SWN,0.6296302023347455,0.6839250213510965,0.6472857451113101,0.5517747984767067,True,True,90,85,1.0961816331640308,1.253777147472523,2.0454074471363874,0.13638796647490287,-1.9090194806614846,2.1817954136112903,-3.954426927797872,4.227202860747678,0.6343835286879658,0.5805395648746411
RRC,0.6540188238712341,0.8381153166319664,0.6951095030162318,0.5451294690814408,True,True,70,73,1.3185792193373955,1.6279065801246355,2.260559694031608,0.10093346257688489,-2.159626231454723,2.3614931566084927,-4.420185925486331,4.622052850640101,0.7340821375586042,0.6378565416148316
CNX,0.545508368715465,0.6113499642488518,0.7236575566857502,0.6470909028733708,True,True,84,78,0.9713905026223748,1.1270760532477337,1.8077151622466876,0.04521491344821132,-1.7625002487984762,1.852930075694899,-3.570215411045164,3.6606452379415866,0.7261243160550588,0.6857576976421518
EQT,0.5934677834345502,0.7075914609845233,0.5724727769633193,0.4256425164802401,True,True,76,75,1.148182855980584,1.3975286458553533,1.7399206348217695,0.0732825906636761,-1.6666380441580935,1.8132032254854455,-3.406558678979863,3.553123860307215,0.6442405437341747,0.5576975420012389
EOG,0.41543928513484313,0.4115323945032755,0.800897574973543,0.802529498147514,True,True,82,81,0.7912200415204327,0.7918096446205053,2.2211040662211547,0.06780445453112724,-2.1532996116900276,2.288908520752282,-4.374403677911182,4.510012586973437,0.7977976811599403,0.7982604586177487
DVN,0.4292547486987375,0.4251146641197169,0.8254106964624881,0.828025572406149,True,True,78,79,0.8168585045430314,0.808302682761568,2.6103480827492826,0.12451039964734108,-2.4858376831019418,2.7348584823966235,-5.096185765851224,5.345206565145906,0.8540988331669068,0.8526008186826651
