,mae,mae_main_etf,r2_score,r2_score_main_etf,chisquare_normal,chisquare_normal_main_etf,n_days_error_bt_mae,n_days_error_bt_main_etf_mae,mean_abs_diff_when_bt_mae,mean_abs_diff_when_bt_main_etf_mae,stock_std,mean,lower_sigma,upper_sigma,lower_two_sigma,upper_two_sigma,r2_score_full,r2_score_main_etf_full
RRC,0.648789613510131,0.846294697447345,0.6979471014604843,0.542245661754367,True,True,73,73,1.2836265345821471,1.6377190828280095,2.2588826171096223,0.1009826518191243,-2.157899965290498,2.3598652689287465,-4.416782582400121,4.618747886038369,0.7343248705864891,0.63739674179528
SWN,0.6294492469965021,0.6835145696815818,0.6495095152024132,0.5544444114987979,True,True,91,85,1.0909943612724584,1.2555737649575534,2.0437346129206557,0.13436404923600412,-1.9093705636846516,2.17809866215666,-3.953105176605307,4.221833275077316,0.6347152499067269,0.580561621628642
DVN,0.4231124028557279,0.41849908884526976,0.8256093767910471,0.8284737137382094,True,True,77,81,0.815772820195524,0.791803041621699,2.6061871728491375,0.12094849646625686,-2.4852386763828807,2.7271356693153943,-5.091425849232018,5.333322842164532,0.8542626257105835,0.8527731636949949
CNX,0.5460262315280768,0.6147010734959787,0.7253350833095386,0.64698655551487,True,True,86,79,0.9632875651069864,1.1279369029247637,1.8066716242295158,0.04410929343352061,-1.7625623307959952,1.8507809176630363,-3.5692339550255108,3.6574525418925523,0.7263171310252414,0.6852705417769287
EQT,0.5894844566927644,0.7074794039723463,0.5778591763292318,0.4319954720466558,True,True,76,76,1.1409402043844097,1.3850177477941976,1.7393712417557252,0.07210622398256429,-1.667265017773161,1.8114774657382895,-3.406636259528886,3.5508487074940147,0.6448111970266697,0.5572406383018355
EOG,0.4149720685447814,0.4109827587837226,0.7997086575312919,0.801450289659837,True,True,83,81,0.7837667450246679,0.7880244053161686,2.218548494009294,0.0663773740879873,-2.1521711199213067,2.2849258680972815,-4.370719613930601,4.503474362106576,0.7977545067092278,0.7982334020101085
