,mae,mae_main_etf,r2_score,r2_score_main_etf,chisquare_normal,chisquare_normal_main_etf,n_days_error_bt_mae,n_days_error_bt_main_etf_mae,mean_abs_diff_when_bt_mae,mean_abs_diff_when_bt_main_etf_mae,stock_std,mean,lower_sigma,upper_sigma,lower_two_sigma,upper_two_sigma,r2_score_full,r2_score_main_etf_full
EQT,0.5913096139898484,0.7067331505922315,0.5856222188911968,0.44823387846613627,True,True,78,76,1.1348294174824343,1.3824442122436569,1.7402888333668087,0.07191357829850305,-1.6683752550683058,1.8122024116653117,-3.4086640884351143,3.5524912450321207,0.6461426810818067,0.5585028717476347
CNX,0.5549167823309196,0.6180809214115012,0.7283788630281158,0.6514884276288226,True,True,87,79,0.9699452209769261,1.1409419509605725,1.8072812305941723,0.04629533839217273,-1.7609858922019996,1.853576568986345,-3.568267122796172,3.6608577995805174,0.7270524976677697,0.6857543981812136
RRC,0.6660106332625777,0.8580355764563976,0.6958827120848277,0.5551867615354735,True,True,69,75,1.3750176500443885,1.645412520172554,2.2653001077151567,0.0999977107843273,-2.165302396930829,2.365297818499484,-4.430602504645986,4.630597926214641,0.7335830755091667,0.6369240745325608
DVN,0.4309107306162171,0.42667518555538714,0.8273142358854724,0.8302285399040369,True,True,80,79,0.8129766225618968,0.811780889465323,2.604616757588587,0.12107947821305069,-2.483537279375536,2.725696235801638,-5.088154036964124,5.3303129933902245,0.8545107024019598,0.8530653459394919
EOG,0.4197890354533132,0.41471083371490275,0.799893797102603,0.8020144454575211,True,True,84,83,0.7845783300088605,0.7837188069468394,2.214797132188318,0.06596560601719166,-2.148831526171126,2.28076273820551,-4.363628658359445,4.495559870393827,0.7979612569104514,0.7984823329107348
