,mae,mae_main_etf,r2_score,r2_score_main_etf,shapiro_normal,pearson_normal,ks_normal,chisquare_normal,shapiro_normal_main_etf,pearson_normal_main_etf,ks_normal_main_etf,chisquare_normal_main_etf,n_days_error_bt_mae,n_days_error_bt_main_etf_mae,mean_abs_diff_when_bt_mae,mean_abs_diff_when_bt_main_etf_mae,stock_std,mean,lower_sigma,upper_sigma,lower_two_sigma,upper_two_sigma,r2_score_full,r2_score_main_etf_full
DVN,0.4958000370608652,0.49669309857500593,0.7379080000692468,0.7273730712418086,False,False,False,True,False,False,False,True,64,64,1.063917478735249,1.0744460695522515,2.6347507101892034,0.11232107073528014,-2.5224296394539234,2.7470717809244833,-5.157180349643126,5.381822491113687,0.8432337977830777,0.8402494131525844
SWN,0.6291415532256038,0.719038307053708,0.6033599647391137,0.4579172011302859,False,False,False,True,False,False,False,True,83,75,1.1418534692639664,1.3824019721525622,2.0563958888541056,0.1332322638590234,-1.9231636249950823,2.189628152713129,-3.9795595138491877,4.246024041567234,0.6284635260094693,0.5733548462951009
EOG,0.4535938121094307,0.452424744061258,0.7314109406652137,0.7265591271998912,False,False,False,True,False,False,False,True,80,75,0.8543958907308566,0.8824747151013458,2.2410274369829346,0.05660436547507711,-2.1844230715078576,2.2976318024580116,-4.425450508490792,4.538659239440946,0.7866977962987931,0.7864873978281696
CNX,0.5783477420365011,0.6489317280401633,0.6535334169019027,0.5451287413190805,False,False,False,True,False,False,False,True,83,75,1.0273910347892075,1.2198120117047704,1.8112481466547106,0.02812680208487992,-1.7831213445698306,1.8393749487395905,-3.5943694912245414,3.650623095394301,0.7125340673671158,0.6689217824538596
RRC,0.7011753842818184,0.8879807205174373,0.6348708552040545,0.451085982056484,False,False,False,True,False,False,False,True,65,67,1.478434411407091,1.8355401313935709,2.26786675349235,0.08842256411301554,-2.1794441893793346,2.3562893176053654,-4.447310942871685,4.624156071097715,0.7260559162393522,0.6272306814767439
EQT,0.5765707832274684,0.7013940465598546,0.5647472609631197,0.38417102614822185,False,False,False,True,False,False,False,True,73,72,1.1017050926026533,1.3945535742546333,1.737946107805359,0.055122127869991024,-1.6828239799353681,1.79306823567535,-3.420770087740727,3.531014343480709,0.6371459506636911,0.5498229113152626
