,mae,mae_main_etf,r2_score,r2_score_main_etf,chisquare_normal,chisquare_normal_main_etf,n_days_error_bt_mae,n_days_error_bt_main_etf_mae,mean_abs_diff_when_bt_mae,mean_abs_diff_when_bt_main_etf_mae,stock_std,mean,lower_sigma,upper_sigma,lower_two_sigma,upper_two_sigma,r2_score_full,r2_score_main_etf_full
DVN,0.43495825707821767,0.42919440832142025,0.84266221812313,0.8454744727946762,True,True,83,78,0.8078244872516815,0.8244102559742253,2.612692455316253,0.11092955964870915,-2.501762895667544,2.7236220149649624,-5.114455350983797,5.3363144702812155,0.8564227836246352,0.8550782158047662
EQT,0.5889252295326115,0.7007013208779207,0.5979189483350718,0.4761316911180181,True,True,78,76,1.1426456907988494,1.3770532345628617,1.7464313047554982,0.06319738919393933,-1.683233915561559,1.8096286939494375,-3.429665220317057,3.556059998704936,0.6491736503003435,0.5630278502423861
RRC,0.6828652702911783,0.8651885612589205,0.7037846121228615,0.5665440396664815,True,True,70,74,1.402840012188486,1.6901770380989949,2.276580601253746,0.08282529029886648,-2.1937553109548795,2.3594058915526124,-4.4703359122086255,4.635986492806358,0.7331140174010236,0.6378567027982048
CNX,0.5501899947101525,0.6213680969625281,0.740369878349729,0.6570485094624254,True,True,86,79,0.9707304882374332,1.1555228443932204,1.8127674813244674,0.042391326001021766,-1.7703761553234456,1.8551588073254892,-3.5831436366479132,3.6679262886499564,0.7288647822665336,0.6873489197588624
EOG,0.4183271196778158,0.414111870193921,0.8196069442854192,0.8205154089671627,True,True,84,83,0.7869318409795506,0.7905533497507504,2.223231123341823,0.06514683813163913,-2.158084285210184,2.2883779614734623,-4.381315408552007,4.511609084815285,0.8010113804823348,0.8014661797845457
