,mae,mae_main_etf,r2_score,r2_score_main_etf,chisquare_normal,chisquare_normal_main_etf,n_days_error_bt_mae,n_days_error_bt_main_etf_mae,mean_abs_diff_when_bt_mae,mean_abs_diff_when_bt_main_etf_mae,stock_std,mean,lower_sigma,upper_sigma,lower_two_sigma,upper_two_sigma,r2_score_full,r2_score_main_etf_full
RRC,0.6810004382132654,0.8717726235410602,0.7052242879134907,0.5617001592282163,True,True,70,75,1.4028525313553166,1.698839594832419,2.275503021559688,0.08436738012225532,-2.1911356414374326,2.359870401681943,-4.46663866299712,4.6353734232416315,0.7335807860737348,0.6368457086318272
CNX,0.5791205590241432,0.6454049149298684,0.6471893287110875,0.5796430703638402,True,True,84,76,1.0538269338291177,1.2490914170064367,1.808009366696102,0.048390170569305044,-1.7596191961267968,1.856399537265407,-3.567628562822899,3.6644089039615086,0.7307150819718893,0.6873783868376077
EOG,0.42178273825564516,0.4170463177366824,0.8192385008645992,0.8204641891150595,True,True,85,84,0.7895237233805497,0.7925371174743399,2.222504228730864,0.07057080656884716,-2.1519334221620166,2.293075035299711,-4.37443765089288,4.515579264030575,0.8011623312996322,0.8016067412655593
DVN,0.4363742498275344,0.4301615863766526,0.8424654539281256,0.8453975701024093,True,True,83,79,0.8100311777641113,0.8210655029700842,2.6101976617564975,0.11511744356478827,-2.4950802181917093,2.7253151053212856,-5.105277879948207,5.335512767077783,0.8564549727788082,0.855124720989673
EQT,0.5900608223824096,0.7086658864318309,0.5953188670266215,0.4682378801142403,True,True,77,78,1.1582898501131558,1.3809826396710536,1.744402476237931,0.06165411027847337,-1.6827483659594578,1.8060565865164044,-3.427150842197389,3.5504590627543355,0.6480911779891172,0.5608235044789962
SWN,0.660220558336913,0.6866130168512825,0.649327078234139,0.590059026129295,True,True,89,86,1.1647189711447825,1.2605854915487305,2.0465923722398074,0.1289962775288983,-1.917596094710909,2.175588649768706,-3.9641884669507164,4.222181022008513,0.6368165785094262,0.585624908190456
