,mae,mae_main_etf,r2_score,r2_score_main_etf,chisquare_normal,chisquare_normal_main_etf,n_days_error_bt_mae,n_days_error_bt_main_etf_mae,mean_abs_diff_when_bt_mae,mean_abs_diff_when_bt_main_etf_mae,stock_std,mean,lower_sigma,upper_sigma,lower_two_sigma,upper_two_sigma,r2_score_full,r2_score_main_etf_full
CNX,0.5483116742498434,0.6145134698525626,0.738331891528307,0.6609237651557525,True,True,85,78,0.9677920104458922,1.1404680819454267,1.8113685904580867,0.039065776549739056,-1.7723028139083477,1.8504343670078258,-3.5836714043664344,3.6618029574659126,0.7289706621613643,0.68841931929292
EOG,0.41515433286334896,0.410282788631469,0.8128452902530665,0.8145563350495093,True,True,83,81,0.7821994183200105,0.7873515697480193,2.222300296887117,0.056468808071122895,-2.1658314888159937,2.27876910495824,-4.388131785703111,4.501069401845356,0.799866199435492,0.8004109176687275
RRC,0.6797879126034483,0.8594665546402438,0.701930384662521,0.5738341307150936,True,True,69,75,1.4050026969827243,1.6495215061420945,2.278708873336282,0.08212800201584876,-2.196580871320433,2.3608368753521307,-4.475289744656715,4.639545748688413,0.7325973990850092,0.6395443387344082
EQT,0.5933024054223236,0.6990918497275305,0.5948651791026263,0.47856444936869147,True,True,77,76,1.1548225225218929,1.3691155093820315,1.7491201258272373,0.0636341462637013,-1.685485979563536,1.8127542720909386,-3.4346061053907735,3.5618743979181757,0.6483502005243503,0.5633226517950558
DVN,0.43033595147999115,0.42472188277799094,0.8374314361800269,0.8403848696896552,True,True,80,81,0.8124412834781471,0.8020590532534965,2.61426896460441,0.11007019104853484,-2.5041987735558755,2.724339155652945,-5.118467738160286,5.338608120257355,0.8559181812510613,0.8545629636252459
