,mae,mae_main_etf,r2_score,r2_score_main_etf,chisquare_normal,chisquare_normal_main_etf,n_days_error_bt_mae,n_days_error_bt_main_etf_mae,mean_abs_diff_when_bt_mae,mean_abs_diff_when_bt_main_etf_mae,stock_std,mean,lower_sigma,upper_sigma,lower_two_sigma,upper_two_sigma,r2_score_full,r2_score_main_etf_full
EQT,0.5933024054224897,0.699091849727529,0.5948651791025152,0.4785644493686926,True,True,77,76,1.1548225225220694,1.369115509382029,1.7491201258272369,0.06363414626370129,-1.6854859795635355,1.8127542720909382,-3.4346061053907726,3.561874397918175,0.6483502005243493,0.5633226517950559
CNX,0.5483116742497101,0.6145134698525035,0.7383318915283863,0.6609237651558049,True,True,85,78,0.9677920104457307,1.140468081945331,1.8113685904580865,0.03906577654973907,-1.7723028139083474,1.8504343670078256,-3.583671404366434,3.661802957465912,0.7289706621613637,0.6884193192929196
EOG,0.41515433286333514,0.4102827886314743,0.8128452902530693,0.8145563350495045,True,True,83,81,0.7821994183199854,0.7873515697480189,2.222300296887117,0.056468808071122915,-2.1658314888159937,2.27876910495824,-4.388131785703111,4.501069401845356,0.7998661994354919,0.8004109176687276
DVN,0.43033595148003856,0.42472188277800127,0.8374314361800583,0.8403848696896313,True,True,80,81,0.8124412834781444,0.8020590532535996,2.61426896460441,0.11007019104853484,-2.5041987735558755,2.724339155652945,-5.118467738160286,5.338608120257355,0.8559181812510603,0.8545629636252455
RRC,0.6797879126033943,0.8594665546367413,0.7019303846625615,0.5738341307184331,True,True,69,75,1.4050026969826088,1.6495215061359776,2.278708873336282,0.08212800201584876,-2.196580871320433,2.3608368753521307,-4.475289744656715,4.639545748688413,0.7325973990850096,0.6395443387344079
