,mae,mae_main_etf,r2_score,r2_score_main_etf,chisquare_normal,chisquare_normal_main_etf,n_days_error_bt_mae,n_days_error_bt_main_etf_mae,mean_abs_diff_when_bt_mae,mean_abs_diff_when_bt_main_etf_mae,stock_std,mean,lower_sigma,upper_sigma,lower_two_sigma,upper_two_sigma,r2_score_full,r2_score_main_etf_full
TECK,0.7025093745533266,0.9630269662562337,0.647732647180547,0.42200164390642025,True,True,78,89,1.3754610208700147,1.6714012021002755,2.008324973419312,0.1288834057966266,-1.8794415676226852,2.1372083792159384,-3.887766541041997,4.14553335263525,0.8200097051609645,0.6888459913627014
CLF,0.7963757259245369,1.1373745502322083,0.555375405336807,0.2861615751621449,False,False,66,72,1.8261829853602598,2.311816993698601,2.1434573094786233,0.1615274729167939,-1.9819298365618294,2.304984782395417,-4.1253871460404525,4.448442091874041,0.806237632603251,0.6551915624445385
STLD,0.6182820182302349,0.8308445953389456,0.5919085102250916,0.33949298180468634,True,True,73,81,1.229166389531452,1.5430046037113239,1.654679751598636,0.1680858845010474,-1.4865938670975887,1.8227656360996833,-3.1412736186962245,3.4774453876983196,0.7615778509497607,0.6333881204961959
NUE,0.5858233038041828,0.777784718659158,0.5693461735010572,0.3143122770003828,True,True,74,78,1.2166404760463188,1.4756342923195234,1.5237223520673522,0.10733516095978846,-1.4163871911075638,1.6310575130271405,-2.940109543174916,3.154779865094493,0.798793568993879,0.6550589677717333
