,mae,mae_main_etf,r2_score,r2_score_main_etf,chisquare_normal,chisquare_normal_main_etf,n_days_error_bt_mae,n_days_error_bt_main_etf_mae,mean_abs_diff_when_bt_mae,mean_abs_diff_when_bt_main_etf_mae,stock_std,mean,lower_sigma,upper_sigma,lower_two_sigma,upper_two_sigma,r2_score_full,r2_score_main_etf_full
CLF,0.782860624887753,1.1306429010202723,0.5524109172333842,0.27710569823940945,False,False,68,74,1.7750369939493587,2.2661434851333864,2.137398161046178,0.16497968243934363,-1.9724184786068342,2.3023778434855213,-4.109816639653012,4.4397760045317,0.8046221923950054,0.6525549359953118
STLD,0.6142956196808723,0.8339890634829579,0.5956880587856874,0.3412368289998807,True,True,74,83,1.2286228097389091,1.535912422174269,1.651984759360254,0.1660227272307266,-1.4859620321295273,1.8180074865909805,-3.137946791489781,3.4699922459512345,0.7611663424352514,0.6326687068012868
TECK,0.6940110251850163,0.9610253051835698,0.6492210674811418,0.41711081227853475,True,True,78,89,1.3686207966580752,1.6727625992535982,2.0017051832602917,0.12695050543435324,-1.8747546778259385,2.128655688694645,-3.87645986108623,4.130360871954936,0.8196566614677449,0.6892655709744826
NUE,0.57695337405685,0.7845471686212089,0.5749432517234104,0.30728246735317855,True,True,75,80,1.194647582735414,1.4654660904707615,1.5188842669694635,0.10677184094093867,-1.412112426028525,1.6256561079104022,-2.9309966929979883,3.144540374879866,0.798222141178262,0.6533243237975331
