,mae,mae_main_etf,r2_score,r2_score_main_etf,chisquare_normal,chisquare_normal_main_etf,n_days_error_bt_mae,n_days_error_bt_main_etf_mae,mean_abs_diff_when_bt_mae,mean_abs_diff_when_bt_main_etf_mae,stock_std,mean,lower_sigma,upper_sigma,lower_two_sigma,upper_two_sigma,r2_score_full,r2_score_main_etf_full
CLF,0.7997924043712686,1.13685113055025,0.5548256802683302,0.2971581230807544,False,False,66,73,1.837146305929552,2.2942086729309135,2.142284462697457,0.1630361367519833,-1.9792483259454736,2.3053205994494403,-4.121532788642931,4.447605062146897,0.8059322375069201,0.658120158617749
TECK,0.6982144345846818,0.9568887190601852,0.6501225840185936,0.4327278665472907,True,True,79,89,1.3604356074123383,1.65786917307111,2.007355246669794,0.1294687964977177,-1.8778864501720762,2.1368240431675116,-3.88524169684187,4.1441792898373055,0.8204445353418873,0.6925062631762724
STLD,0.6168299276539008,0.8249798719657334,0.59654200325803,0.36071111125503574,True,True,74,81,1.2224955109423925,1.5286713978768023,1.6545655531633399,0.16497426470256804,-1.4895912884607718,1.819539817865908,-3.1441568416241115,3.474105371029248,0.762198561584716,0.6376987021071716
NUE,0.5824732962970564,0.770367555889909,0.5753533734441298,0.3363747522036036,True,True,74,79,1.212562088801411,1.4564982151089492,1.522909339984197,0.10623206740576724,-1.4166772725784298,1.6291414073899644,-2.939586612562627,3.1520507473741612,0.8000424725261497,0.6588122624856432
