,mae,mae_main_etf,r2_score,r2_score_main_etf,chisquare_normal,chisquare_normal_main_etf,n_days_error_bt_mae,n_days_error_bt_main_etf_mae,mean_abs_diff_when_bt_mae,mean_abs_diff_when_bt_main_etf_mae,stock_std,mean,lower_sigma,upper_sigma,lower_two_sigma,upper_two_sigma,r2_score_full,r2_score_main_etf_full
NUE,0.57888493735523,0.7825621881025463,0.6000028976479802,0.3538416826957069,True,True,75,81,1.2122491089173515,1.4742165833244558,1.5217584680694658,0.10564928012067996,-1.416109187948786,1.6274077481901457,-2.9378676560182515,3.1491662162596117,0.7998498890742267,0.6572123480891998
CLF,0.7496784652140941,1.0638088309866192,0.5660082202477184,0.33478154452069797,False,True,71,79,1.6641189249586785,2.0674831246880605,2.135050883916337,0.16155718581863854,-1.9734936980976987,2.2966080697349756,-4.108544582014035,4.431658953651313,0.8055292421049108,0.6559511647208387
STLD,0.6070543083057658,0.8197784214354408,0.6133133964755391,0.39251635818139563,True,True,74,84,1.2258370918758277,1.5056351596341593,1.6516744043886216,0.1627079975593234,-1.4889664068292983,1.8143824019479449,-3.14064081121792,3.4660568063365664,0.7616585696094721,0.6348563354643251
TECK,0.699207683096372,0.9738995467514053,0.662842128141691,0.4382571864865977,True,True,80,92,1.3719673208035785,1.674586449834691,2.0078521949360377,0.12704696139621363,-1.880805233539824,2.1348991563322515,-3.8886574284758617,4.142751351268289,0.8217035953979439,0.6899148985836162
