,mae,mae_main_etf,r2_score,r2_score_main_etf,chisquare_normal,chisquare_normal_main_etf,n_days_error_bt_mae,n_days_error_bt_main_etf_mae,mean_abs_diff_when_bt_mae,mean_abs_diff_when_bt_main_etf_mae,stock_std,mean,lower_sigma,upper_sigma,lower_two_sigma,upper_two_sigma,r2_score_full,r2_score_main_etf_full
CLF,0.7482306443730908,1.0658696836949708,0.5656655888612511,0.3324874223644365,False,True,70,79,1.6727354817993894,2.0674831246880596,2.141138172800775,0.16558571139750494,-1.9755524614032698,2.30672388419828,-4.116690634204045,4.447862056999054,0.806216344632337,0.6557020445686452
NUE,0.5778958353028447,0.7768521793561614,0.5938470421970528,0.3516397597342257,True,True,74,80,1.2179343417592567,1.46751661475882,1.524852578788713,0.1070472951807453,-1.4178052836079678,1.6318998739694583,-2.942657862396681,3.1567524527581714,0.799419255599501,0.6586159801946598
STLD,0.6096133575076838,0.8173213493203085,0.6093320705927032,0.39051873565799355,True,True,74,83,1.2258370918514987,1.507533788952778,1.655143053065271,0.1646784764632883,-1.4904645766019828,1.8198215295285594,-3.145607629667254,3.4749645825938305,0.7617433869544608,0.6348574169895256
TECK,0.6997644017202556,0.9675894340720981,0.6563889754120606,0.4358976233252513,True,True,80,91,1.371967320803471,1.6673777979339464,2.0049018735479045,0.12210412025241733,-1.8827977532954872,2.1270059938003216,-3.887699626843392,4.131907867348226,0.8210840997649459,0.6905275316707657
