,mae,mae_main_etf,r2_score,r2_score_main_etf,chisquare_normal,chisquare_normal_main_etf,n_days_error_bt_mae,n_days_error_bt_main_etf_mae,mean_abs_diff_when_bt_mae,mean_abs_diff_when_bt_main_etf_mae,stock_std,mean,lower_sigma,upper_sigma,lower_two_sigma,upper_two_sigma,r2_score_full,r2_score_main_etf_full
TECK,0.6883171617492972,0.9734179562393848,0.6709302985189944,0.4382565798861514,True,True,79,92,1.360880936625423,1.6746343488105313,2.0064486610152086,0.12697025573134604,-1.8794784052838625,2.1334189167465545,-3.8859270662990713,4.1398675777617635,0.8217030550464495,0.6898383990014116
CLF,0.7473357432590341,1.0617563658712723,0.5643679856526629,0.3325405806872723,False,True,71,79,1.6638298972695529,2.067493462001174,2.1391809411229126,0.16808460139788725,-1.9710963397250254,2.3072655425208,-4.110277280847938,4.4464464836437125,0.806075826123927,0.6558975057393833
STLD,0.6099881154606128,0.814446359199143,0.6093174104665622,0.3912805750696422,True,True,74,83,1.229323659610912,1.5098056439964314,1.6548970330966482,0.16808532082160121,-1.4868117122750468,1.8229823539182495,-3.141708745371695,3.4778793870148976,0.7622944131706944,0.6348679448530103
NUE,0.582199874077499,0.7842481626861065,0.5966988098429535,0.35245151471020997,True,True,76,82,1.2117357426328703,1.46582221555593,1.527010779311047,0.11256068899444464,-1.4144500903166024,1.6395714683054916,-2.941460869627649,3.166582247616539,0.7994514792251771,0.65706954999048
