,mae,mae_main_etf,r2_score,r2_score_main_etf,chisquare_normal,chisquare_normal_main_etf,n_days_error_bt_mae,n_days_error_bt_main_etf_mae,mean_abs_diff_when_bt_mae,mean_abs_diff_when_bt_main_etf_mae,stock_std,mean,lower_sigma,upper_sigma,lower_two_sigma,upper_two_sigma,r2_score_full,r2_score_main_etf_full
NUE,0.5850557024768188,0.7790556325675113,0.57319443887403,0.31987374910911304,True,True,74,78,1.2165616198276321,1.475648610589456,1.524814619535875,0.10729349982938467,-1.4175211197064903,1.6321081193652596,-2.942335739242365,3.1569227389011347,0.7988022457461995,0.6550615589017799
TECK,0.7010511194175965,0.9616931674746587,0.649618792273878,0.42389124290159597,True,True,78,89,1.3730549893875172,1.6713367592588242,2.0095786631198123,0.12989875642950485,-1.8796799066903074,2.139477419549317,-3.88925856981012,4.149056082669129,0.8202900826705513,0.6890612122051127
STLD,0.6169676294059223,0.8321274980818737,0.5963824680093451,0.3458215402684618,True,True,73,81,1.229274443229631,1.543056218617835,1.6558507112649115,0.1683260071931917,-1.4875247040717197,1.8241767184581033,-3.143375415336631,3.4800274297230147,0.7616213314210675,0.6334094528784739
CLF,0.7960923221987235,1.1405028276351896,0.559464737975047,0.2918893806162626,False,False,67,72,1.810875730057905,2.3118581871604587,2.1450030734853978,0.1615611944733321,-1.9834418790120656,2.3065642679587297,-4.128444952497463,4.451567341444128,0.806255143906803,0.6551987801251331
