,mae,mae_main_etf,r2_score,r2_score_main_etf,chisquare_normal,chisquare_normal_main_etf,n_days_error_bt_mae,n_days_error_bt_main_etf_mae,mean_abs_diff_when_bt_mae,mean_abs_diff_when_bt_main_etf_mae,stock_std,mean,lower_sigma,upper_sigma,lower_two_sigma,upper_two_sigma,r2_score_full,r2_score_main_etf_full
STLD,0.6034906782680901,0.8029337182057046,0.6571999197295655,0.4085111379001841,True,True,76,83,1.1756882446564387,1.4880900824685743,1.6538766735029389,0.16696171947524047,-1.4869149540276985,1.8208383929781793,-3.1407916275306373,3.474715066481118,0.7606729078181165,0.6227221324420796
TECK,0.6855917313214482,0.9678138763280892,0.6736507568063751,0.44731282262864225,True,True,79,90,1.3585168041599902,1.6872846123239917,2.0044861567846786,0.12731140770580948,-1.877174749078869,2.131797564490488,-3.881660905863548,4.136283721275166,0.8220297706958091,0.6865245007882749
CLF,0.7414183366002682,1.0600342164947616,0.5762209638266012,0.3484591703279606,False,True,70,80,1.653004606706193,2.0457047219693423,2.1369155328950624,0.16717132553572767,-1.9697442073593348,2.3040868584307903,-4.106659740254397,4.441002391325853,0.8057327233626147,0.6522695662263509
NUE,0.5787970199716849,0.7778873957678429,0.6147472641372956,0.37029669070457016,True,True,79,81,1.1730740354152556,1.4620057484433562,1.525817694077503,0.11252330001754851,-1.4132943940599545,1.6383409940950515,-2.9391120881374575,3.1641586881725545,0.7989068877968981,0.6531189245116784
