,mae,mae_main_etf,r2_score,r2_score_main_etf,chisquare_normal,chisquare_normal_main_etf,n_days_error_bt_mae,n_days_error_bt_main_etf_mae,mean_abs_diff_when_bt_mae,mean_abs_diff_when_bt_main_etf_mae,stock_std,mean,lower_sigma,upper_sigma,lower_two_sigma,upper_two_sigma,r2_score_full,r2_score_main_etf_full
STLD,0.6034906782710366,0.8029337182057,0.6571999197256975,0.4085111379001948,True,True,76,83,1.1756882446638592,1.4880900824685621,1.653876673502939,0.1669617194752405,-1.4869149540276987,1.8208383929781795,-3.140791627530638,3.4747150664811186,0.7606729078181158,0.6227221324420796
TECK,0.685591731321423,0.9678138763280857,0.6736507568063945,0.44731282262863736,True,True,79,90,1.358516804159953,1.6872846123240064,2.0044861567846786,0.12731140770580945,-1.877174749078869,2.131797564490488,-3.881660905863548,4.136283721275166,0.822029770695807,0.686524500788275
CLF,0.7414183366013992,1.0600342164947607,0.5762209638265547,0.3484591703279558,False,True,70,80,1.6530046067083153,2.0457047219693494,2.1369155328950624,0.16717132553572767,-1.9697442073593348,2.3040868584307903,-4.106659740254397,4.441002391325853,0.8057327233626135,0.6522695662263508
NUE,0.5787970199717525,0.7778873957678428,0.6147472641372193,0.3702966907045685,True,True,79,81,1.1730740354153726,1.4620057484433575,1.525817694077503,0.11252330001754851,-1.4132943940599545,1.6383409940950515,-2.9391120881374575,3.1641586881725545,0.7989068877968974,0.6531189245116784
