,mae,mae_main_etf,r2_score,r2_score_main_etf,chisquare_normal,chisquare_normal_main_etf,n_days_error_bt_mae,n_days_error_bt_main_etf_mae,mean_abs_diff_when_bt_mae,mean_abs_diff_when_bt_main_etf_mae,stock_std,mean,lower_sigma,upper_sigma,lower_two_sigma,upper_two_sigma,r2_score_full,r2_score_main_etf_full
TECK,0.6947074414565235,0.9614266863330373,0.664352752182708,0.4422787332803422,True,True,79,90,1.3605281863259753,1.665198445065715,2.01086900232274,0.11869068694375111,-1.8921783153789886,2.129559689266491,-3.9030473177017284,4.14042869158923,0.8215538484897648,0.6913489849592015
NUE,0.5775059505098615,0.7838539246366687,0.5994285511369124,0.34734677952370296,True,True,75,81,1.1946594659839833,1.4594465074394798,1.5273586509198935,0.09987518160217743,-1.427483469317716,1.627233832522071,-2.95484212023761,3.1545924834419643,0.8004881645228508,0.6573992993410922
STLD,0.6115968193999854,0.8250424937297705,0.6128724822363611,0.3774188922378937,True,True,73,82,1.2325130306756904,1.5277690286321193,1.6575928495595702,0.15886687256733983,-1.4987259769922303,1.81645972212691,-3.1563188265518005,3.4740525716864803,0.7633070606740012,0.6322878931233995
CLF,0.7705485894992136,1.1053596207267504,0.5698761614352329,0.31499730655953095,False,False,71,75,1.694457459832654,2.1954301723009992,2.1435948236310107,0.15700174714081952,-1.9865930764901911,2.3005965707718303,-4.130187900121202,4.444191394402841,0.8062906838567139,0.65580632326348
