,mae,mae_main_etf,r2_score,r2_score_main_etf,chisquare_normal,chisquare_normal_main_etf,n_days_error_bt_mae,n_days_error_bt_main_etf_mae,mean_abs_diff_when_bt_mae,mean_abs_diff_when_bt_main_etf_mae,stock_std,mean,lower_sigma,upper_sigma,lower_two_sigma,upper_two_sigma,r2_score_full,r2_score_main_etf_full
STLD,0.6034906782573235,0.8029337182057,0.6571999197407727,0.4085111379001948,True,True,76,83,1.1756882446360795,1.4880900824685621,1.6538766735029389,0.16696171947524047,-1.4869149540276985,1.8208383929781793,-3.1407916275306373,3.474715066481118,0.7606729078181172,0.6227221324420791
NUE,0.5787970199717594,0.7778873957678406,0.6147472641372034,0.3702966907045562,True,True,79,81,1.173074035415394,1.4620057484433697,1.525817694077503,0.11252330001754851,-1.4132943940599545,1.6383409940950515,-2.9391120881374575,3.1641586881725545,0.7989068877968983,0.6531189245116782
CLF,0.7414183365979733,1.0600342164947614,0.5762209638290615,0.3484591703279586,False,True,70,80,1.6530046067082447,2.0457047219693454,2.1369155328950624,0.16717132553572767,-1.9697442073593348,2.3040868584307903,-4.106659740254397,4.441002391325853,0.8057327233626135,0.6522695662263504
TECK,0.6855917313215216,0.9678138763280889,0.6736507568063168,0.4473128226286417,True,True,79,90,1.3585168041601112,1.687284612323994,2.0044861567846786,0.1273114077058095,-1.877174749078869,2.131797564490488,-3.881660905863548,4.136283721275166,0.8220297706958088,0.686524500788275
