,mae,mae_main_etf,r2_score,r2_score_main_etf,chisquare_normal,chisquare_normal_main_etf,n_days_error_bt_mae,n_days_error_bt_main_etf_mae,mean_abs_diff_when_bt_mae,mean_abs_diff_when_bt_main_etf_mae,stock_std,mean,lower_sigma,upper_sigma,lower_two_sigma,upper_two_sigma,r2_score_full,r2_score_main_etf_full
STLD,0.6115968193951221,0.8250424937297731,0.6128724822399081,0.37741889223788927,True,True,73,82,1.2325130306672396,1.5277690286321237,1.6575928495595704,0.15886687256733983,-1.4987259769922305,1.8164597221269103,-3.156318826551801,3.4740525716864807,0.763307060674001,0.6322878931233991
TECK,0.6947074414565697,0.9614266863330393,0.6643527521826744,0.44227873328034506,True,True,79,90,1.3605281863260434,1.6651984450657071,2.01086900232274,0.11869068694375111,-1.8921783153789886,2.129559689266491,-3.9030473177017284,4.14042869158923,0.821553848489764,0.6913489849592024
CLF,0.7705485894982952,1.1053596207267518,0.5698761614365027,0.31499730655953173,False,False,71,75,1.6944574598311426,2.1954301723009997,2.1435948236310107,0.1570017471408195,-1.9865930764901911,2.3005965707718303,-4.130187900121202,4.444191394402841,0.8062906838567157,0.6558063232634804
NUE,0.5775059505098342,0.7838539246366674,0.5994285511370064,0.34734677952370063,True,True,75,81,1.1946594659838432,1.4594465074394818,1.5273586509198935,0.09987518160217743,-1.427483469317716,1.627233832522071,-2.95484212023761,3.1545924834419643,0.8004881645228503,0.6573992993410924
