,mae,mae_main_etf,r2_score,r2_score_main_etf,shapiro_normal,pearson_normal,ks_normal,chisquare_normal,shapiro_normal_main_etf,pearson_normal_main_etf,ks_normal_main_etf,chisquare_normal_main_etf,n_days_error_bt_mae,n_days_error_bt_main_etf_mae,mean_abs_diff_when_bt_mae,mean_abs_diff_when_bt_main_etf_mae,stock_std,mean,lower_sigma,upper_sigma,lower_two_sigma,upper_two_sigma,r2_score_full,r2_score_main_etf_full
TECK,0.7456482119401246,0.9724048825946476,0.5930672461906179,0.41371278393111144,False,False,False,True,False,False,False,True,75,87,1.458893069355121,1.6808598377091428,2.01633084732058,0.14286238259875778,-1.873468464721822,2.1591932299193375,-3.889799312042402,4.175524077239918,0.8175836792342155,0.6900225181701458
NUE,0.5925970358992214,0.7416151731558138,0.49624027968878015,0.31572232585359994,False,False,False,True,False,False,False,True,70,79,1.2355270386004775,1.368844387607481,1.4991309569297717,0.10443365369114647,-1.3946973032386252,1.6035646106209183,-2.893828260168397,3.1026955675506898,0.8017816850097989,0.6658565957625381
CLF,0.8318591309530186,1.1281717365369919,0.4975045592885441,0.2567576820272064,False,False,False,False,False,False,False,False,67,70,1.8262260790871656,2.302299618166254,2.132997506079237,0.1662599990841372,-1.9667375069951,2.2992575051633746,-4.099735013074337,4.432255011242612,0.8022389723891405,0.6564485798761943
STLD,0.6137993771497786,0.7950913456861789,0.5421523293691739,0.33190777840852326,False,False,False,True,False,False,False,True,72,78,1.2069639857592964,1.4717530360108653,1.6482904674899423,0.17025784772316166,-1.4780326197667808,1.818548315213104,-3.126323087256723,3.4668387827030465,0.7586500515788134,0.6374620527648378
