,mae,mae_main_etf,r2_score,r2_score_main_etf,chisquare_normal,chisquare_normal_main_etf,n_days_error_bt_mae,n_days_error_bt_main_etf_mae,mean_abs_diff_when_bt_mae,mean_abs_diff_when_bt_main_etf_mae,stock_std,mean,lower_sigma,upper_sigma,lower_two_sigma,upper_two_sigma,r2_score_full,r2_score_main_etf_full
NUE,0.5816615564615716,0.7755779101269538,0.5709704125004502,0.31460110370452443,True,True,75,79,1.2052868364857778,1.4667795003714275,1.5218239941324994,0.10633228106330377,-1.4154917130691955,1.6281562751958032,-2.937315707201695,3.1499802693283026,0.7986017352185362,0.6551196610760361
STLD,0.6174712392453818,0.830645503600434,0.5931413687053421,0.34287080771589673,True,True,74,82,1.2263307762567297,1.5347801173043443,1.6538865298619205,0.16453090154677172,-1.4893556283151488,1.8184174314086923,-3.1432421581770695,3.4723039612706126,0.7614429133278988,0.6336217356316463
CLF,0.797409822579383,1.1277607805805143,0.5449471945823257,0.2778830757653453,False,False,68,72,1.7929837850048227,2.2900821497581436,2.140775843411504,0.16347203208988784,-1.977303811321616,2.3042478755013915,-4.11807965473312,4.445023718912895,0.8047045140294133,0.6535479769509149
TECK,0.7016762037378307,0.9615284979488793,0.646589923997259,0.41904350366318166,True,True,78,89,1.3744866411916217,1.6716173168832946,2.0055395564277827,0.12804532738788416,-1.8774942290398986,2.133584883815667,-3.8830337854676813,4.1391244402434495,0.819887186315234,0.6899359755845615
