,mae,mae_main_etf,r2_score,r2_score_main_etf,chisquare_normal,chisquare_normal_main_etf,n_days_error_bt_mae,n_days_error_bt_main_etf_mae,mean_abs_diff_when_bt_mae,mean_abs_diff_when_bt_main_etf_mae,stock_std,mean,lower_sigma,upper_sigma,lower_two_sigma,upper_two_sigma,r2_score_full,r2_score_main_etf_full
NUE,0.5769533740568371,0.7845471686212159,0.5749432517234057,0.307282467353182,True,True,75,80,1.1946475827354144,1.4654660904707622,1.5188842669694633,0.10677184094093867,-1.4121124260285247,1.625656107910402,-2.930996692997988,3.1445403748798655,0.7982221411782615,0.6533243237975328
STLD,0.6142956196767427,0.833989063482961,0.5956880587895489,0.34123682899987184,True,True,74,83,1.228622809730586,1.535912422174279,1.6519847593602537,0.16602272723072664,-1.485962032129527,1.8180074865909803,-3.1379467914897807,3.469992245951234,0.7611663424352517,0.6326687068012863
TECK,0.6940110251849424,0.9610253051835692,0.6492210674811996,0.4171108122785344,True,True,78,89,1.3686207966579758,1.6727625992535993,2.0017051832602917,0.12695050543435324,-1.8747546778259385,2.128655688694645,-3.87645986108623,4.130360871954936,0.819656661467745,0.6892655709744828
CLF,0.7828606248891392,1.1306429010202712,0.5524109172310542,0.2771056982394091,False,False,68,74,1.7750369939502737,2.266143485133387,2.137398161046178,0.16497968243934358,-1.9724184786068344,2.3023778434855213,-4.109816639653012,4.4397760045317,0.8046221923950054,0.6525549359953127
