,mae,mae_main_etf,r2_score,r2_score_main_etf,chisquare_normal,chisquare_normal_main_etf,n_days_error_bt_mae,n_days_error_bt_main_etf_mae,mean_abs_diff_when_bt_mae,mean_abs_diff_when_bt_main_etf_mae,stock_std,mean,lower_sigma,upper_sigma,lower_two_sigma,upper_two_sigma,r2_score_full,r2_score_main_etf_full
STLD,0.6529258561457979,0.8339890634829575,0.5586005515015497,0.3412368289998816,True,True,81,83,1.2528807098792403,1.5359124221742682,1.6442975948522782,0.16233189638681203,-1.481965698465466,1.8066294912390903,-3.1262632933177446,3.4509270860913683,0.7545445237818581,0.6326687068012866
TECK,0.6951123522553708,0.9610253051835682,0.6608489050825332,0.4171108122785335,True,True,84,89,1.2947683846625777,1.6727625992536015,2.0017051832602917,0.12695050543435324,-1.8747546778259385,2.128655688694645,-3.87645986108623,4.130360871954936,0.8300059652971374,0.6892655709744833
NUE,0.6176426545270921,0.784547168621214,0.5050970871775142,0.307282467353181,True,True,75,80,1.2779275235255076,1.465466090470762,1.5202206921741055,0.11152018846019086,-1.4087005037139146,1.6317408806342963,-2.92892119588802,3.151961572808402,0.7625205318147352,0.6533243237975319
X,0.8335225419572031,1.1326591829424553,0.45515521659953695,0.22607970788145337,False,False,70,73,1.8126161316209206,2.245360823663953,2.1513358678050265,0.12026997403599783,-2.0310658937690285,2.2716058418410245,-4.182401761574055,4.422941709646051,0.7338866828131454,0.6420641942527974
