,mae,mae_main_etf,r2_score,r2_score_main_etf,chisquare_normal,chisquare_normal_main_etf,n_days_error_bt_mae,n_days_error_bt_main_etf_mae,mean_abs_diff_when_bt_mae,mean_abs_diff_when_bt_main_etf_mae,stock_std,mean,lower_sigma,upper_sigma,lower_two_sigma,upper_two_sigma,r2_score_full,r2_score_main_etf_full
STLD,0.6348119142262506,0.8029337182056987,0.5970776755699522,0.4085111379001979,True,True,84,83,1.193974488053236,1.4880900824685583,1.6463321221151381,0.16333396947145346,-1.4829981526436846,1.8096660915865916,-3.1293302747588227,3.4559982137017298,0.7549134712901602,0.62272213244208
TECK,0.6910954500712934,0.967813876328089,0.6818017935376463,0.4473128226286419,True,True,87,90,1.2753168852385994,1.6872846123239933,2.0044861567846786,0.1273114077058095,-1.877174749078869,2.131797564490488,-3.881660905863548,4.136283721275166,0.8324265272269756,0.6865245007882748
X,0.7683296497943689,1.0429344778148806,0.5211562476260871,0.3229901036106245,False,False,71,80,1.629964636774987,1.9334329060644617,2.151155217479682,0.12139753403071844,-2.0297576834489637,2.2725527515104003,-4.180912900928646,4.423707968990082,0.7372481366816526,0.6413923532129339
NUE,0.6150771119379795,0.7778873957678426,0.5401077002675709,0.37029669070456805,True,True,75,81,1.2932210841251752,1.4620057484433582,1.527098664138886,0.11718415572465615,-1.4099145084142297,1.6442828198635422,-2.9370131725531157,3.171381484002428,0.7648718837673132,0.6531189245116791
