,mae,mae_main_etf,r2_score,r2_score_main_etf,chisquare_normal,chisquare_normal_main_etf,n_days_error_bt_mae,n_days_error_bt_main_etf_mae,mean_abs_diff_when_bt_mae,mean_abs_diff_when_bt_main_etf_mae,stock_std,mean,lower_sigma,upper_sigma,lower_two_sigma,upper_two_sigma,r2_score_full,r2_score_main_etf_full
STLD,0.6348119142263532,0.8029337182057,0.5970776755698863,0.40851113790019455,True,True,84,83,1.1939744880533516,1.4880900824685621,1.6463321221151381,0.16333396947145346,-1.4829981526436846,1.8096660915865916,-3.1293302747588227,3.4559982137017298,0.7549134712901591,0.6227221324420803
NUE,0.6150771119379618,0.777887395767842,0.5401077002675838,0.3702966907045647,True,True,75,81,1.2932210841251557,1.4620057484433615,1.527098664138886,0.11718415572465617,-1.4099145084142297,1.6442828198635422,-2.9370131725531157,3.171381484002428,0.7648718837673123,0.6531189245116786
X,0.7683296497921052,1.0429344778148804,0.5211562476263785,0.32299010361062486,False,False,71,80,1.6299646367700744,1.933432906064461,2.151155217479682,0.12139753403071843,-2.0297576834489637,2.2725527515104003,-4.180912900928646,4.423707968990082,0.7372481366816526,0.6413923532129343
TECK,0.6910954500745093,0.9678138763280844,0.6818017935348903,0.44731282262863536,True,True,87,90,1.2753168852434027,1.687284612324012,2.0044861567846786,0.12731140770580948,-1.877174749078869,2.131797564490488,-3.881660905863548,4.136283721275166,0.8324265272269765,0.686524500788275
