,mae,mae_main_etf,r2_score,r2_score_main_etf,chisquare_normal,chisquare_normal_main_etf,n_days_error_bt_mae,n_days_error_bt_main_etf_mae,mean_abs_diff_when_bt_mae,mean_abs_diff_when_bt_main_etf_mae,stock_std,mean,lower_sigma,upper_sigma,lower_two_sigma,upper_two_sigma,r2_score_full,r2_score_main_etf_full
X,0.833522541951654,1.132659182942455,0.4551552166024465,0.22607970788145337,False,False,70,73,1.8126161316030565,2.245360823663944,2.1513358678050265,0.12026997403599783,-2.0310658937690285,2.2716058418410245,-4.182401761574055,4.422941709646051,0.7338866828131437,0.6420641942527979
NUE,0.6176426545271434,0.7845471686212129,0.5050970871774826,0.30728246735318054,True,True,75,80,1.2779275235255387,1.4654660904707617,1.5202206921741055,0.11152018846019085,-1.4087005037139146,1.6317408806342963,-2.9289211958880204,3.1519615728084016,0.7625205318147358,0.6533243237975321
STLD,0.6529258561458411,0.83398906348296,0.5586005515015195,0.3412368289998745,True,True,81,83,1.25288070987929,1.535912422174276,1.6442975948522782,0.162331896386812,-1.481965698465466,1.8066294912390903,-3.1262632933177446,3.4509270860913683,0.754544523781859,0.6326687068012866
TECK,0.6951123522562893,0.9610253051835647,0.6608489050822447,0.4171108122785303,True,True,84,89,1.2947683846630644,1.6727625992536075,2.0017051832602917,0.12695050543435324,-1.8747546778259385,2.128655688694645,-3.87645986108623,4.130360871954936,0.8300059652971392,0.689265570974483
