,mae,mae_main_etf,r2_score,r2_score_main_etf,shapiro_normal,pearson_normal,ks_normal,chisquare_normal,shapiro_normal_main_etf,pearson_normal_main_etf,ks_normal_main_etf,chisquare_normal_main_etf,n_days_error_bt_mae,n_days_error_bt_main_etf_mae,mean_abs_diff_when_bt_mae,mean_abs_diff_when_bt_main_etf_mae,stock_std,mean,lower_sigma,upper_sigma,lower_two_sigma,upper_two_sigma,r2_score_full,r2_score_main_etf_full
TECK,0.746104608024237,0.9724048825946463,0.6128444278988939,0.41371278393111066,False,False,False,True,False,False,False,True,78,87,1.3964076588675172,1.680859837709149,2.01633084732058,0.14286238259875778,-1.873468464721822,2.1591932299193375,-3.889799312042402,4.175524077239918,0.827233369965152,0.690022518170146
X,0.8261369862490451,1.1018184530133837,0.5100176488903783,0.25294485881610584,False,False,False,True,False,False,False,True,70,75,1.6813080243597522,2.090261695875973,2.159697523331374,0.1257324449470741,-2.0339650783843,2.2854299682784482,-4.193662601715674,4.4451274916098225,0.7272675743375131,0.6400315824320502
NUE,0.622203610236663,0.7416151731558166,0.42888640587280347,0.31572232585359794,False,False,False,True,False,False,False,True,70,79,1.290616496224145,1.3688443876074816,1.506818019869412,0.11512432297703076,-1.3916936968923814,1.6219423428464428,-2.8985117167617935,3.128760362715855,0.7656117447150851,0.6658565957625375
STLD,0.6504653058105144,0.7950913456861789,0.5012819717794892,0.3319077784085227,False,False,False,True,False,False,False,True,75,78,1.2641836206435462,1.471753036010869,1.6448923568428058,0.171745313818057,-1.4731470430247489,1.8166376706608627,-3.1180393998675546,3.4615300275036684,0.751803803057264,0.6374620527648388
