,mae,mae_main_etf,r2_score,r2_score_main_etf,chisquare_normal,chisquare_normal_main_etf,n_days_error_bt_mae,n_days_error_bt_main_etf_mae,mean_abs_diff_when_bt_mae,mean_abs_diff_when_bt_main_etf_mae,stock_std,mean,lower_sigma,upper_sigma,lower_two_sigma,upper_two_sigma,r2_score_full,r2_score_main_etf_full
NUE,0.6140035500492992,0.7768521793561649,0.5306027896418937,0.35163975973423156,True,True,73,80,1.3117789154663466,1.4675166147588132,1.5261597027524942,0.11174197897714502,-1.4144177237753492,1.6379016817296392,-2.9405774265278435,3.1640613844821335,0.7642089018156487,0.658615980194659
X,0.8089877107601074,1.0803316414015476,0.4706164540959993,0.2765484937159719,False,False,69,74,1.760641734642152,2.111622989737877,2.1533676643737514,0.12023664937747497,-2.0331310149962762,2.2736043137512265,-4.186498679370028,4.4269719781249774,0.7352455863551138,0.6435902501344151
STLD,0.6441983565806715,0.8173213493203065,0.5809905737760794,0.3905187356579992,True,True,82,83,1.2367044043614381,1.5075337889527716,1.6475585420642018,0.16102717212145484,-1.486531369942747,1.8085857141856567,-3.134089912006949,3.4561442562498583,0.7550793546704202,0.6348574169895256
TECK,0.7035409495429716,0.9675894340721042,0.6673224710934362,0.43589762332525506,True,True,88,91,1.2846603863422965,1.6673777979339355,2.0049018735479045,0.12210412025241735,-1.8827977532954872,2.1270059938003216,-3.887699626843392,4.131907867348226,0.8310263850351683,0.6905275316707662
