,mae,mae_main_etf,r2_score,r2_score_main_etf,chisquare_normal,chisquare_normal_main_etf,n_days_error_bt_mae,n_days_error_bt_main_etf_mae,mean_abs_diff_when_bt_mae,mean_abs_diff_when_bt_main_etf_mae,stock_std,mean,lower_sigma,upper_sigma,lower_two_sigma,upper_two_sigma,r2_score_full,r2_score_main_etf_full
TECK,0.6918662871000709,0.9614266863330353,0.6772524999510037,0.44227873328033895,True,True,85,90,1.2856129169255626,1.6651984450657231,2.01086900232274,0.11869068694375114,-1.8921783153789886,2.129559689266491,-3.9030473177017284,4.14042869158923,0.831712103202588,0.6913489849592028
NUE,0.6157044900542542,0.78385392463667,0.5340646912451781,0.3473467795237052,True,True,74,81,1.290094694601627,1.4594465074394778,1.528693348973837,0.10461985156032673,-1.4240734974135103,1.6333132005341637,-2.9527668463873473,3.1620065495080008,0.764998617333012,0.6573992993410924
X,0.8336250339444434,1.1178885015466005,0.4671162128460893,0.25253260447394177,False,False,69,72,1.8220576685174437,2.2338322493768605,2.1589112921911435,0.11112006736287265,-2.047791224828271,2.2700313595540162,-4.206702517019415,4.428942651745159,0.7361754055131524,0.645902707529969
STLD,0.6533051896595115,0.8250424937297705,0.5748058828892546,0.3774188922378937,True,True,82,82,1.2471556631576195,1.5277690286321195,1.6499455159902043,0.15517636111101285,-1.4947691548791915,1.8051218771012172,-3.144714670869396,3.4550673930914213,0.7566580971954522,0.6322878931234002
