,mae,mae_main_etf,r2_score,r2_score_main_etf,chisquare_normal,chisquare_normal_main_etf,n_days_error_bt_mae,n_days_error_bt_main_etf_mae,mean_abs_diff_when_bt_mae,mean_abs_diff_when_bt_main_etf_mae,stock_std,mean,lower_sigma,upper_sigma,lower_two_sigma,upper_two_sigma,r2_score_full,r2_score_main_etf_full
NUE,0.6235574231094523,0.7790556325675146,0.5052409919603676,0.31987374910911737,True,True,76,78,1.2788517753009103,1.4756486105894533,1.5261471166949803,0.11208185940332507,-1.4140652572916552,1.6382289760983053,-2.9402123739866353,3.164376092793286,0.7633354533089125,0.6550615589017799
TECK,0.7041668967966704,0.9616931674746575,0.6610811388946591,0.42389124290159375,True,True,83,89,1.302022184040482,1.6713367592588293,2.0095786631198127,0.12989875642950485,-1.8796799066903078,2.1394774195493174,-3.8892585698101207,4.14905608266913,0.8305782167151966,0.6890612122051132
STLD,0.652001743115856,0.8321274980818769,0.5630070400063443,0.3458215402684546,True,True,83,81,1.2251296152465918,1.5430562186178416,1.6481262364215246,0.1646067905050696,-1.483519445916455,1.8127330269265942,-3.1316456823379797,3.4608592633481186,0.7556924911468732,0.6334094528784744
X,0.8342088674062162,1.1500201217987713,0.47152442870000477,0.23777271914128217,False,False,70,72,1.7973891148485066,2.2814388460442654,2.159230603223401,0.12311245100460368,-2.036118152218797,2.2823430542280048,-4.195348755442199,4.441573657451405,0.7346083392770041,0.6427060237958337
