,mae,mae_main_etf,r2_score,r2_score_main_etf,chisquare_normal,chisquare_normal_main_etf,n_days_error_bt_mae,n_days_error_bt_main_etf_mae,mean_abs_diff_when_bt_mae,mean_abs_diff_when_bt_main_etf_mae,stock_std,mean,lower_sigma,upper_sigma,lower_two_sigma,upper_two_sigma,r2_score_full,r2_score_main_etf_full
NUE,0.6198757387186187,0.7755779101269569,0.5043865274829413,0.3146011037045272,True,True,75,79,1.2798656338982706,1.4667795003714257,1.5231607043716602,0.1111015468196434,-1.4120591575520167,1.6342622511913036,-2.935219861923677,3.157422955562964,0.7629570094846887,0.655119661076037
STLD,0.6535249099456011,0.8306455036004363,0.5571526693073956,0.3428708077158912,True,True,80,82,1.2559693195476398,1.5347801173043503,1.6461746456551465,0.16082217281366099,-1.4853524728414855,1.8069968184688074,-3.131527118496632,3.453171464123954,0.7546803257642858,0.6336217356316468
X,0.8348835429188752,1.1307424894093834,0.45755360261931277,0.2293764882453263,False,False,70,73,1.8073132401556884,2.2457771846366277,2.15513812384778,0.12081566260056362,-2.0343224612472164,2.2759537864483437,-4.189460585094997,4.431091910296123,0.7340056580516374,0.6428665665427481
TECK,0.6984343950206957,0.9615284979488801,0.6606678310280326,0.4190435036631829,True,True,84,89,1.2931336905964597,1.6716173168832924,2.005539556427783,0.12804532738788418,-1.877494229039899,2.1335848838156672,-3.883033785467682,4.13912444024345,0.8303164115282569,0.6899359755845611
