,mae,mae_main_etf,r2_score,r2_score_main_etf,chisquare_normal,chisquare_normal_main_etf,n_days_error_bt_mae,n_days_error_bt_main_etf_mae,mean_abs_diff_when_bt_mae,mean_abs_diff_when_bt_main_etf_mae,stock_std,mean,lower_sigma,upper_sigma,lower_two_sigma,upper_two_sigma,r2_score_full,r2_score_main_etf_full
STLD,0.6348119142262921,0.8029337182057007,0.5970776755699266,0.408511137900193,True,True,84,83,1.1939744880532819,1.4880900824685643,1.6463321221151381,0.16333396947145346,-1.4829981526436846,1.8096660915865916,-3.1293302747588227,3.4559982137017298,0.7549134712901604,0.62272213244208
TECK,0.6910954500719406,0.967813876328085,0.6818017935370622,0.44731282262863636,True,True,87,90,1.2753168852395391,1.6872846123240095,2.0044861567846786,0.12731140770580948,-1.877174749078869,2.131797564490488,-3.881660905863548,4.136283721275166,0.8324265272269752,0.6865245007882754
NUE,0.6150771119379926,0.7778873957678433,0.5401077002675617,0.3702966907045707,True,True,75,81,1.293221084125191,1.4620057484433555,1.527098664138886,0.11718415572465617,-1.4099145084142297,1.6442828198635422,-2.9370131725531157,3.171381484002428,0.7648718837673131,0.653118924511678
X,0.7683296497945749,1.0429344778148797,0.5211562476264355,0.3229901036106283,False,False,71,80,1.6299646367756597,1.9334329060644542,2.151155217479682,0.12139753403071844,-2.0297576834489637,2.2725527515104003,-4.180912900928646,4.423707968990082,0.7372481366816511,0.6413923532129335
