,mae,mae_main_etf,r2_score,r2_score_main_etf,chisquare_normal,chisquare_normal_main_etf,n_days_error_bt_mae,n_days_error_bt_main_etf_mae,mean_abs_diff_when_bt_mae,mean_abs_diff_when_bt_main_etf_mae,stock_std,mean,lower_sigma,upper_sigma,lower_two_sigma,upper_two_sigma,r2_score_full,r2_score_main_etf_full
X,0.806259375588885,1.081364791606096,0.47425202313884485,0.2795114031734197,False,False,70,74,1.7470400587960984,2.1146338840414036,2.1538707274972357,0.12375594198414891,-2.0301147855130868,2.2776266694813847,-4.183985513010323,4.43149739697862,0.7357040116336905,0.6437434200604264
NUE,0.6159362535494424,0.7825621881025461,0.5368650763823691,0.3538416826957067,True,True,73,81,1.31747855533789,1.474216583324456,1.5288497238822647,0.11575260016985758,-1.413097123712407,1.6446023240521224,-2.941946847594672,3.173452047934387,0.7646437328319132,0.6572123480892003
STLD,0.6424919731229873,0.8197784214354398,0.5850921585737461,0.39251635818139796,True,True,83,84,1.229555217565819,1.5056351596341566,1.6484706725730893,0.16411629879202544,-1.4843543737810638,1.8125869713651148,-3.1328250463541534,3.461057643938204,0.7556443405608568,0.6348563354643252
TECK,0.7040514030688408,0.973899546751411,0.6730014614480151,0.4382571864866027,True,True,89,92,1.2793698079724607,1.6745864498346779,2.0078521949360377,0.12704696139621363,-1.880805233539824,2.1348991563322515,-3.8886574284758617,4.142751351268289,0.8314734660711831,0.6899148985836163
