,mae,mae_main_etf,r2_score,r2_score_main_etf,chisquare_normal,chisquare_normal_main_etf,n_days_error_bt_mae,n_days_error_bt_main_etf_mae,mean_abs_diff_when_bt_mae,mean_abs_diff_when_bt_main_etf_mae,stock_std,mean,lower_sigma,upper_sigma,lower_two_sigma,upper_two_sigma,r2_score_full,r2_score_main_etf_full
NUE,0.613358126521808,0.7787686542164964,0.528948198755951,0.34798683892001914,True,True,73,81,1.3116642801884457,1.459373098184172,1.526375233980018,0.10982713535692001,-1.416548098623098,1.636202369336938,-2.942923332603116,3.162577603316956,0.7639640008403318,0.6582984769810923
STLD,0.6546112447696958,0.8311997466988857,0.571837834327916,0.37015095258535835,True,True,83,84,1.2523841990653715,1.5299041477943685,1.6485812440694136,0.16023609786227813,-1.4883451462071355,1.8088173419316917,-3.136926390276549,3.4573985860011054,0.7552644551209939,0.6308646021397071
TECK,0.7022193725741287,0.9715327800241607,0.6673340378738533,0.43294292180557026,True,True,88,92,1.2849178269291228,1.6619553486382102,2.002366197839172,0.11539737843584286,-1.8869688194033292,2.117763576275015,-3.889335017242501,4.1201297741141865,0.831024744395896,0.6903741784282736
X,0.8333317658296036,1.114960229711059,0.455906037157071,0.2389404004637179,False,False,67,72,1.8594632207059398,2.229879048104967,2.154415526599851,0.11851936743203068,-2.0358961591678204,2.2729348940318816,-4.190311685767671,4.427350420631733,0.7351817368446091,0.6434194915344374
