,mae,mae_main_etf,r2_score,r2_score_main_etf,chisquare_normal,chisquare_normal_main_etf,n_days_error_bt_mae,n_days_error_bt_main_etf_mae,mean_abs_diff_when_bt_mae,mean_abs_diff_when_bt_main_etf_mae,stock_std,mean,lower_sigma,upper_sigma,lower_two_sigma,upper_two_sigma,r2_score_full,r2_score_main_etf_full
X,0.8309689852686528,1.1451140932529535,0.4663663562817284,0.23045547902960217,False,False,67,72,1.8381117784488192,2.2786410024851893,2.157676428070513,0.12287837805775433,-2.0347980500127587,2.2805548061282677,-4.192474478083272,4.43823123419878,0.7345919482643954,0.6426758107032008
TECK,0.7053632658284433,0.9630269662562352,0.6594412792130895,0.42200164390642336,True,True,83,89,1.3039386785627776,1.6714012021002702,2.008324973419312,0.1288834057966266,-1.8794415676226852,2.1372083792159384,-3.887766541041997,4.14553335263525,0.8303176897220583,0.6888459913627027
STLD,0.652683046344717,0.8308445953389472,0.5583309279140779,0.33949298180468235,True,True,83,81,1.2248315804735557,1.5430046037113276,1.6469586485928152,0.16437163794720522,-1.4825870106456098,1.8113302865400205,-3.129545659238425,3.4582889351328356,0.7556494740856703,0.6333881204961958
NUE,0.6241624101154657,0.7777847186591628,0.5009145513673164,0.31431227700038744,True,True,75,78,1.2875053297856667,1.47563429231952,1.5250553386857955,0.11211662050415125,-1.4129387181816442,1.6371719591899467,-2.93799405686744,3.162227297875742,0.763326084267301,0.6550589677717334
