,mae,mae_main_etf,r2_score,r2_score_main_etf,chisquare_normal,chisquare_normal_main_etf,n_days_error_bt_mae,n_days_error_bt_main_etf_mae,mean_abs_diff_when_bt_mae,mean_abs_diff_when_bt_main_etf_mae,stock_std,mean,lower_sigma,upper_sigma,lower_two_sigma,upper_two_sigma,r2_score_full,r2_score_main_etf_full
STLD,0.653305189659497,0.8250424937297733,0.5748058828892626,0.37741889223788916,True,True,82,82,1.2471556631576068,1.5277690286321242,1.6499455159902043,0.15517636111101285,-1.4947691548791915,1.8051218771012172,-3.144714670869396,3.4550673930914213,0.7566580971954517,0.6322878931233994
TECK,0.6918662871076344,0.9614266863330411,0.6772524999453836,0.4422787332803476,True,True,85,90,1.2856129169381594,1.6651984450657007,2.01086900232274,0.11869068694375111,-1.8921783153789886,2.129559689266491,-3.9030473177017284,4.14042869158923,0.8317121032025876,0.6913489849592023
X,0.8336250339406852,1.1178885015466016,0.46711621284792115,0.2525326044739412,False,False,69,72,1.8220576685069674,2.233832249376864,2.1589112921911435,0.11112006736287265,-2.047791224828271,2.2700313595540162,-4.206702517019415,4.428942651745159,0.7361754055131517,0.6459027075299688
NUE,0.6157044900543559,0.7838539246366703,0.534064691245115,0.34734677952370574,True,True,74,81,1.2900946946017302,1.4594465074394776,1.528693348973837,0.10461985156032673,-1.4240734974135103,1.6333132005341637,-2.9527668463873473,3.1620065495080008,0.7649986173330122,0.6573992993410929
