,mae,mae_main_etf,r2_score,r2_score_main_etf,chisquare_normal,chisquare_normal_main_etf,n_days_error_bt_mae,n_days_error_bt_main_etf_mae,mean_abs_diff_when_bt_mae,mean_abs_diff_when_bt_main_etf_mae,stock_std,mean,lower_sigma,upper_sigma,lower_two_sigma,upper_two_sigma,r2_score_full,r2_score_main_etf_full
TECK,0.6995613735289805,0.9568887190601807,0.6608844182093168,0.4327278665472798,True,True,83,89,1.2991015598932356,1.6578691730711335,2.007355246669794,0.1294687964977177,-1.8778864501720762,2.1368240431675116,-3.88524169684187,4.1441792898373055,0.8306296159936541,0.6925062631762723
STLD,0.6538251706451427,0.824979871965733,0.5592300506981667,0.3607111112550373,True,True,82,81,1.2386307416632623,1.5286713978768007,1.6468477815002758,0.16126087781599469,-1.485586903684281,1.8081086593162705,-3.132434685184557,3.454956440816546,0.7554907266069678,0.637698702107171
X,0.8328843051727701,1.135902713565287,0.46566717324701545,0.24284003278702115,False,False,68,74,1.8292721464865869,2.2332260392078935,2.1566898452071745,0.12098999977603338,-2.0356998454311412,2.277679844983208,-4.192389690638316,4.434369690190382,0.7342343623504437,0.6461210993247148
NUE,0.6233365913105842,0.7703675558899119,0.50492860138855,0.336374752203607,True,True,76,79,1.2764728360971025,1.4564982151089463,1.5242457605594932,0.11100827963773295,-1.4132374809217603,1.6352540401972262,-2.9374832414812535,3.1594998007567194,0.7642249819712243,0.6588122624856427
