,mae,mae_main_etf,r2_score,r2_score_main_etf,chisquare_normal,chisquare_normal_main_etf,n_days_error_bt_mae,n_days_error_bt_main_etf_mae,mean_abs_diff_when_bt_mae,mean_abs_diff_when_bt_main_etf_mae,stock_std,mean,lower_sigma,upper_sigma,lower_two_sigma,upper_two_sigma,r2_score_full,r2_score_main_etf_full
TER,0.48899192628791394,0.7266586746115897,0.5713060407848485,0.3473996824805111,False,False,58,70,1.2600601434099628,1.5928669750535744,1.5418343663949046,0.1425764312746749,-1.3992579351202297,1.6844107976695795,-2.941092301515134,3.2262451640644842,0.8548659412385083,0.6845333536488918
KLAC,0.446975924392974,0.6498020207942519,0.6384630372685243,0.5021262950751038,False,True,67,75,1.0086225403695896,1.2767007875849448,1.5057318411977612,0.11281857787804668,-1.3929132633197145,1.6185504190758078,-2.8986451045174757,3.124282260273569,0.8497599257925188,0.6633403088600334
LRCX,0.36153976477732985,0.6088510583866958,0.8179570769562411,0.5735413022562881,True,True,78,83,0.7141586560119875,1.1486366884606987,1.719355804019123,0.16641472624198356,-1.5529410777771395,1.8857705302611065,-3.2722968817962625,3.6051263342802295,0.892812062786002,0.6970324854351766
