,mae,mae_main_etf,r2_score,r2_score_main_etf,chisquare_normal,chisquare_normal_main_etf,n_days_error_bt_mae,n_days_error_bt_main_etf_mae,mean_abs_diff_when_bt_mae,mean_abs_diff_when_bt_main_etf_mae,stock_std,mean,lower_sigma,upper_sigma,lower_two_sigma,upper_two_sigma,r2_score_full,r2_score_main_etf_full
KLAC,0.441138115787391,0.6556711462258793,0.6460739400364877,0.4966501832282565,False,True,66,74,0.9956990177412856,1.2961023379345065,1.5113792128036645,0.11642412656554206,-1.3949550862381224,1.6278033393692066,-2.906334299041787,3.139182552172871,0.8515799543532198,0.6657987503219109
LRCX,0.3479955569423742,0.6204224706248889,0.8431904177909104,0.5619854308790614,True,True,79,83,0.6683985405157447,1.1645402561983038,1.7256457153889568,0.1683914347651371,-1.5572542806238197,1.894037150154094,-3.2828999960127767,3.6196828655430506,0.8964514092795174,0.6999563182997366
TER,0.49013285936566786,0.7414298149255935,0.574279339108263,0.33474819741746276,False,False,58,70,1.2541006190458472,1.6183196083626128,1.546468596527399,0.14726726241632654,-1.3992013341110725,1.6937358589437255,-2.9456699306384713,3.2402044554711247,0.8557325647672849,0.6854507305842816
