,mae,mae_main_etf,r2_score,r2_score_main_etf,chisquare_normal,chisquare_normal_main_etf,n_days_error_bt_mae,n_days_error_bt_main_etf_mae,mean_abs_diff_when_bt_mae,mean_abs_diff_when_bt_main_etf_mae,stock_std,mean,lower_sigma,upper_sigma,lower_two_sigma,upper_two_sigma,r2_score_full,r2_score_main_etf_full
KLAC,0.44724502158647145,0.6508530380969612,0.6305103383409202,0.4862109015248558,True,True,68,77,1.0082557521261026,1.277299101736994,1.5003249388810977,0.11928136914009536,-1.3810435697410024,1.619606308021193,-2.8813685086221,3.119931246902291,0.8495550934787776,0.6582813613317415
TER,0.45210476413572165,0.688143156241189,0.6520907632735624,0.43048334857626425,True,True,59,72,1.1241910707778031,1.4733288889293803,1.5391428677626577,0.14886898551463265,-1.3902738822480252,1.6880118532772903,-2.9294167500106827,3.2271547210399483,0.8544852912858517,0.678630074320294
LRCX,0.36551667352407025,0.6074711368172655,0.8136044254298505,0.564502712945474,True,True,79,85,0.7165375179584543,1.1515963070295356,1.7134668736224463,0.17132611445974527,-1.542140759162701,1.8847929880821916,-3.2556076327851473,3.598259861704638,0.8923978626396709,0.6917286981491021
