,mae,mae_main_etf,r2_score,r2_score_main_etf,shapiro_normal,pearson_normal,ks_normal,chisquare_normal,shapiro_normal_main_etf,pearson_normal_main_etf,ks_normal_main_etf,chisquare_normal_main_etf,n_days_error_bt_mae,n_days_error_bt_main_etf_mae,mean_abs_diff_when_bt_mae,mean_abs_diff_when_bt_main_etf_mae,stock_std,mean,lower_sigma,upper_sigma,lower_two_sigma,upper_two_sigma,r2_score_full,r2_score_main_etf_full
KLAC,0.47920926061458696,0.6828765180927728,0.6066248997751376,0.47328048459349137,False,False,False,False,False,False,False,True,58,72,1.1371479744549204,1.340387981549867,1.5248520727639732,0.1278052367322536,-1.3970468360317196,1.6526573094962267,-2.9218989087956926,3.1775093822602,0.8452108968257124,0.6575837229072866
TER,0.5458872891525441,0.7575266931108188,0.5053360826513029,0.3241525688232778,False,False,False,False,False,False,False,False,56,67,1.4142303666186515,1.6603073828092072,1.5633453375067252,0.1587356498777155,-1.4046096876290097,1.7220809873844407,-2.967955025135735,3.2854263248911657,0.84248585195034,0.6832895017839953
LRCX,0.37381571471046043,0.6556443981789029,0.8056137058096302,0.5370033729872392,False,False,False,True,False,False,False,True,76,81,0.7424533105681499,1.205702671362549,1.7420343687292472,0.185430168102317,-1.5566042006269303,1.9274645368315642,-3.2986385693561773,3.6694989055608116,0.8935493588490558,0.6982973834128036
