,mae,mae_main_etf,r2_score,r2_score_main_etf,chisquare_normal,chisquare_normal_main_etf,n_days_error_bt_mae,n_days_error_bt_main_etf_mae,mean_abs_diff_when_bt_mae,mean_abs_diff_when_bt_main_etf_mae,stock_std,mean,lower_sigma,upper_sigma,lower_two_sigma,upper_two_sigma,r2_score_full,r2_score_main_etf_full
TER,0.4961199921449011,0.7427387942537996,0.5698848089783086,0.33109084061698946,False,False,59,72,1.2543253457371522,1.597083316836618,1.5444636734193236,0.1487070763428128,-1.3957565970765107,1.6931707497621364,-2.9402202704958342,3.23763442318146,0.8548047855089669,0.6844972681472548
KLAC,0.4430456656281303,0.6542429857667041,0.6442568217435347,0.49561428829375576,False,True,67,75,0.9916923079665373,1.287521301364394,1.5094732898667027,0.11662702229304601,-1.3928462675736566,1.6261003121597488,-2.9023195574403595,3.1355736020264513,0.8512525691097591,0.6655978873410431
LRCX,0.34859198688278276,0.6145920258532147,0.8399691554625239,0.5617930595422482,True,True,79,84,0.6739340327001371,1.1489710556280626,1.723485859272723,0.16934831524101268,-1.5541375440317102,1.8928341745137356,-3.277623403304433,3.6163200337864585,0.896201995727998,0.699890242746319
