,mae,mae_main_etf,r2_score,r2_score_main_etf,chisquare_normal,chisquare_normal_main_etf,n_days_error_bt_mae,n_days_error_bt_main_etf_mae,mean_abs_diff_when_bt_mae,mean_abs_diff_when_bt_main_etf_mae,stock_std,mean,lower_sigma,upper_sigma,lower_two_sigma,upper_two_sigma,r2_score_full,r2_score_main_etf_full
LRCX,0.34537353138686494,0.6159683544113543,0.8437162267086119,0.5643430066233164,True,True,80,84,0.6643327540220273,1.1551587832801737,1.7247443803151825,0.1678064266782806,-1.556937953636902,1.8925508069934631,-3.2816823339520846,3.6172951873086454,0.8964848467948108,0.7003669731294263
TER,0.4915092553506031,0.7415096139927387,0.5732601358569396,0.3340099416062834,False,False,59,70,1.2460116982279896,1.6195775679352777,1.545519630673482,0.14801999788649842,-1.3974996327869835,1.6935396285599804,-2.9430192634604655,3.2390592592334624,0.8553968525937407,0.6851171334145503
KLAC,0.4429785173194888,0.6549872615395064,0.6459507730587422,0.49681040658943676,True,True,67,74,0.9870088792240439,1.296102424015492,1.5105189497479896,0.11494645196232924,-1.3955724977856603,1.625465401710319,-2.90609144753365,3.1359843514583083,0.8514261445106935,0.6657475292776766
