,mae,mae_main_etf,r2_score,r2_score_main_etf,chisquare_normal,chisquare_normal_main_etf,n_days_error_bt_mae,n_days_error_bt_main_etf_mae,mean_abs_diff_when_bt_mae,mean_abs_diff_when_bt_main_etf_mae,stock_std,mean,lower_sigma,upper_sigma,lower_two_sigma,upper_two_sigma,r2_score_full,r2_score_main_etf_full
KLAC,0.4492458139631467,0.6548039848195728,0.6310798303265377,0.4847586143470697,True,True,68,75,1.0072995244150134,1.299549415180047,1.502141779693326,0.11667680723890733,-1.3854649724544188,1.6188185869322333,-2.887606752147745,3.1209603666255594,0.8491878890213206,0.65872357396876
LRCX,0.3679704968715428,0.610093713201986,0.8131914954155186,0.5606159695771071,True,True,80,84,0.7150349435370714,1.1605743079513742,1.715978107871857,0.16879067574654724,-1.5471874321253098,1.8847687836184042,-3.263165539997167,3.600746891490261,0.8925962863638417,0.6934159074444888
TER,0.4635812456237619,0.7018722722032463,0.6533130270255123,0.4226631789042744,True,True,61,72,1.1297925927435721,1.50742344433612,1.5413026629817825,0.14665283373983973,-1.394649829241943,1.6879554967216222,-2.9359524922237252,3.229258159703405,0.8551207782844834,0.6813796793876358
