,mae,mae_main_etf,r2_score,r2_score_main_etf,chisquare_normal,chisquare_normal_main_etf,n_days_error_bt_mae,n_days_error_bt_main_etf_mae,mean_abs_diff_when_bt_mae,mean_abs_diff_when_bt_main_etf_mae,stock_std,mean,lower_sigma,upper_sigma,lower_two_sigma,upper_two_sigma,r2_score_full,r2_score_main_etf_full
TER,0.49400680461844354,0.7363948801283727,0.567424212688856,0.3300059726373924,False,False,58,71,1.2690950751400716,1.60341632531457,1.5420605256180293,0.1466585861563977,-1.3954019394616317,1.688719111774427,-2.937462465079661,3.230779637392456,0.8544317603790522,0.6844511600433146
KLAC,0.44962117869295937,0.6552522148339915,0.6361815941088312,0.49316099551891035,True,True,68,74,1.0025652699200323,1.2950255596890665,1.5063796155304376,0.11597009203343345,-1.3904095234970042,1.622349707563871,-2.896789139027442,3.1287293230943085,0.8495568935118971,0.6629242573025498
LRCX,0.35943022385454954,0.6204678280778126,0.8182153788137285,0.5547895393287839,True,True,78,84,0.7088914970515605,1.160709101344244,1.7200943752792162,0.17045961617921007,-1.5496347591000061,1.8905539914584262,-3.2697291343792223,3.6106483667376423,0.8929088255493662,0.6971244712531728
