,mae,mae_main_etf,r2_score,r2_score_main_etf,chisquare_normal,chisquare_normal_main_etf,n_days_error_bt_mae,n_days_error_bt_main_etf_mae,mean_abs_diff_when_bt_mae,mean_abs_diff_when_bt_main_etf_mae,stock_std,mean,lower_sigma,upper_sigma,lower_two_sigma,upper_two_sigma,r2_score_full,r2_score_main_etf_full
KLAC,0.44697592439295974,0.6498020207943108,0.6384630372685356,0.5021262950752505,False,True,67,75,1.0086225403695521,1.2767007875844891,1.505731841197761,0.11281857787804668,-1.3929132633197143,1.6185504190758075,-2.8986451045174753,3.1242822602735685,0.8497599257925195,0.6633403088600334
LRCX,0.36153976477744754,0.6088510583867114,0.8179570769561401,0.5735413022562712,True,True,78,83,0.7141586560122974,1.148636688460721,1.7193558040191232,0.16641472624198353,-1.5529410777771397,1.8857705302611067,-3.272296881796263,3.60512633428023,0.8928120627860019,0.6970324854351766
TER,0.4889919262882022,0.7266586746115787,0.5713060407847013,0.3473996824805191,False,False,58,70,1.2600601434106442,1.5928669750535727,1.5418343663949046,0.1425764312746749,-1.3992579351202297,1.6844107976695795,-2.941092301515134,3.2262451640644842,0.8548659412385091,0.6845333536488916
