,mae,mae_main_etf,r2_score,r2_score_main_etf,chisquare_normal,chisquare_normal_main_etf,n_days_error_bt_mae,n_days_error_bt_main_etf_mae,mean_abs_diff_when_bt_mae,mean_abs_diff_when_bt_main_etf_mae,stock_std,mean,lower_sigma,upper_sigma,lower_two_sigma,upper_two_sigma,r2_score_full,r2_score_main_etf_full
LRCX,0.365516673523971,0.6074711368181838,0.8136044254299334,0.564502712944381,True,True,79,85,0.7165375179581963,1.1515963070309887,1.7134668736224463,0.1713261144597453,-1.542140759162701,1.8847929880821916,-3.2556076327851473,3.598259861704638,0.8923978626396704,0.6917286981491018
TER,0.452104764135795,0.6881431562411932,0.6520907632735125,0.43048334857626225,True,True,59,72,1.1241910707779528,1.4733288889293823,1.5391428677626577,0.14886898551463265,-1.3902738822480252,1.6880118532772903,-2.9294167500106827,3.2271547210399483,0.8544852912858515,0.6786300743202934
KLAC,0.4472450215864683,0.650853038097035,0.6305103383409227,0.4862109015248445,True,True,68,77,1.0082557521260924,1.27729910173699,1.500324938881098,0.11928136914009539,-1.3810435697410026,1.6196063080211933,-2.8813685086221006,3.1199312469022913,0.8495550934787777,0.6582813613317415
