,mae,mae_main_etf,r2_score,r2_score_main_etf,chisquare_normal,chisquare_normal_main_etf,n_days_error_bt_mae,n_days_error_bt_main_etf_mae,mean_abs_diff_when_bt_mae,mean_abs_diff_when_bt_main_etf_mae,stock_std,mean,lower_sigma,upper_sigma,lower_two_sigma,upper_two_sigma,r2_score_full,r2_score_main_etf_full
KLAC,0.44074322540254507,0.6602845961567164,0.6463918771045138,0.4927784002502884,False,True,66,75,0.995595541511717,1.296738354853055,1.512461389417982,0.11660932245939722,-1.3958520669585848,1.629070711877379,-2.9083134563765665,3.141532101295361,0.8516935216864667,0.6658982387433869
TER,0.4882402107279708,0.7453580807050078,0.5749969879132726,0.33196554775596887,False,False,57,71,1.2672654447162723,1.612903982181403,1.5475928344111538,0.14737356197940105,-1.4002192724317528,1.6949663963905548,-2.9478121068429064,3.242559230801709,0.855891412731129,0.6856153214685632
LRCX,0.3473266519801495,0.6232823539858703,0.843899028141816,0.561092474480428,True,True,78,82,0.6716859523442779,1.1746811422709231,1.726833007914172,0.16887976122035211,-1.55795324669382,1.8957127691345241,-3.284786254607992,3.622545777048696,0.8965099100122819,0.6999737539046047
