,mae,mae_main_etf,r2_score,r2_score_main_etf,chisquare_normal,chisquare_normal_main_etf,n_days_error_bt_mae,n_days_error_bt_main_etf_mae,mean_abs_diff_when_bt_mae,mean_abs_diff_when_bt_main_etf_mae,stock_std,mean,lower_sigma,upper_sigma,lower_two_sigma,upper_two_sigma,r2_score_full,r2_score_main_etf_full
TER,0.4521047641359364,0.6881431562411946,0.6520907632734162,0.4304833485762617,True,True,59,72,1.1241910707782405,1.4733288889293827,1.5391428677626577,0.14886898551463265,-1.3902738822480252,1.6880118532772903,-2.9294167500106827,3.2271547210399483,0.8544852912858523,0.6786300743202935
KLAC,0.4472450215865442,0.6508530380965557,0.6305103383408537,0.48621090152491775,True,True,68,77,1.008255752126341,1.277299101737016,1.500324938881098,0.11928136914009535,-1.3810435697410026,1.6196063080211933,-2.8813685086221006,3.1199312469022913,0.8495550934787773,0.6582813613317424
LRCX,0.3655166735241065,0.6074711368187699,0.8136044254298215,0.5645027129436837,True,True,79,85,0.716537517958547,1.1515963070319153,1.7134668736224463,0.1713261144597453,-1.542140759162701,1.8847929880821916,-3.2556076327851473,3.598259861704638,0.892397862639671,0.6917286981491013
