,mae,mae_main_etf,r2_score,r2_score_main_etf,chisquare_normal,chisquare_normal_main_etf,n_days_error_bt_mae,n_days_error_bt_main_etf_mae,mean_abs_diff_when_bt_mae,mean_abs_diff_when_bt_main_etf_mae,stock_std,mean,lower_sigma,upper_sigma,lower_two_sigma,upper_two_sigma,r2_score_full,r2_score_main_etf_full
LRCX,0.36691043733000506,0.6128024516717674,0.8133441005069334,0.5551659539071525,True,True,81,85,0.7107950347187699,1.1650582137647016,1.7145019537783874,0.170384891283902,-1.5441170624944855,1.8848868450622893,-3.2586190162728728,3.599388798840677,0.8922198598738799,0.6948189407219933
TER,0.464635723017445,0.70268007252437,0.6468751751670319,0.41196570410066946,True,True,61,72,1.136812665960432,1.5156536076141371,1.5395305564263535,0.14779221605803475,-1.3917383403683188,1.6873227724843882,-2.931268896794672,3.226853328910742,0.8540325022846542,0.6808500892196507
KLAC,0.4490465790308057,0.654114793671514,0.629433284990973,0.48186569728791406,True,True,69,76,1.0003622949886073,1.2946907487158472,1.501318727192769,0.11863486685189802,-1.382683860340871,1.619953594044667,-2.88400258753364,3.121272321237436,0.8492478902493107,0.6590317254791267
