,mae,mae_main_etf,r2_score,r2_score_main_etf,chisquare_normal,chisquare_normal_main_etf,n_days_error_bt_mae,n_days_error_bt_main_etf_mae,mean_abs_diff_when_bt_mae,mean_abs_diff_when_bt_main_etf_mae,stock_std,mean,lower_sigma,upper_sigma,lower_two_sigma,upper_two_sigma,r2_score_full,r2_score_main_etf_full
LRCX,0.3637679291833427,0.6038306738736281,0.8156268088735752,0.5692240660289671,True,True,81,83,0.7040240920385009,1.153221717907483,1.7171329420211268,0.16829307735124652,-1.5488398646698802,1.8854260193723733,-3.265972806691007,3.6025589613935,0.8929488657037598,0.6970751745147562
KLAC,0.4496565955043798,0.6503041805935208,0.6328037704648309,0.49277878891282645,True,True,69,76,1.0005065971117937,1.278404344671474,1.5031129091203392,0.11605109578513458,-1.3870618133352046,1.6191640049054739,-2.890174722455544,3.122276914025813,0.8495822614621058,0.6624972696839672
TER,0.4598755323705272,0.6972701014191728,0.6550978502412513,0.4276705086684589,True,True,60,72,1.1342077406749786,1.4954035750612553,1.5423473968571122,0.14615070881035463,-1.3961966880467576,1.6884981056674668,-2.93854408490387,3.230845502524579,0.8555403087332173,0.6844242814117536
