,mae,mae_main_etf,r2_score,r2_score_main_etf,chisquare_normal,chisquare_normal_main_etf,n_days_error_bt_mae,n_days_error_bt_main_etf_mae,mean_abs_diff_when_bt_mae,mean_abs_diff_when_bt_main_etf_mae,stock_std,mean,lower_sigma,upper_sigma,lower_two_sigma,upper_two_sigma,r2_score_full,r2_score_main_etf_full
TER,0.49400680461829743,0.7363948801294816,0.5674242126889287,0.33000597263647446,False,False,58,71,1.2690950751397458,1.6034163253147256,1.5420605256180293,0.1466585861563977,-1.3954019394616317,1.688719111774427,-2.937462465079661,3.230779637392456,0.8544317603790522,0.6844511600433134
KLAC,0.44962117869303475,0.6552522148339341,0.636181594108781,0.4931609955188484,True,True,68,74,1.0025652699202117,1.2950255596893592,1.5063796155304376,0.11597009203343345,-1.3904095234970042,1.622349707563871,-2.896789139027442,3.1287293230943085,0.8495568935118979,0.6629242573025503
LRCX,0.3594302238545872,0.6204678280776033,0.8182153788136972,0.5547895393290212,True,True,78,84,0.7088914970516543,1.160709101343927,1.7200943752792157,0.17045961617921007,-1.5496347591000057,1.8905539914584257,-3.2697291343792214,3.6106483667376414,0.892908825549366,0.6971244712531717
