,mae,mae_main_etf,r2_score,r2_score_main_etf,chisquare_normal,chisquare_normal_main_etf,n_days_error_bt_mae,n_days_error_bt_main_etf_mae,mean_abs_diff_when_bt_mae,mean_abs_diff_when_bt_main_etf_mae,stock_std,mean,lower_sigma,upper_sigma,lower_two_sigma,upper_two_sigma,r2_score_full,r2_score_main_etf_full
CCJ,0.6198903106275083,0.7246493293498967,0.6304914368229984,0.5282509193433039,True,True,49,54,1.2785688578555854,1.4298098122825091,1.4901321290019078,0.2194428604215965,-1.2706892685803113,1.7095749894235044,-2.760821397582219,3.1997071184254122,0.6755145835843803,0.5074927726407349
