,mae,mae_main_etf,r2_score,r2_score_main_etf,chisquare_normal,chisquare_normal_main_etf,n_days_error_bt_mae,n_days_error_bt_main_etf_mae,mean_abs_diff_when_bt_mae,mean_abs_diff_when_bt_main_etf_mae,stock_std,mean,lower_sigma,upper_sigma,lower_two_sigma,upper_two_sigma,r2_score_full,r2_score_main_etf_full
CCJ,0.6295073077603942,0.731002838174129,0.6357641267801519,0.5418834244394837,True,True,50,55,1.2909889091588997,1.4313683266190054,1.4978879048851312,0.22713917554754454,-1.2707487293375868,1.7250270804326757,-2.7686366342227178,3.222914985317807,0.6762586697218052,0.5116314438362302
