,mae,mae_main_etf,r2_score,r2_score_main_etf,shapiro_normal,pearson_normal,ks_normal,chisquare_normal,shapiro_normal_main_etf,pearson_normal_main_etf,ks_normal_main_etf,chisquare_normal_main_etf,n_days_error_bt_mae,n_days_error_bt_main_etf_mae,mean_abs_diff_when_bt_mae,mean_abs_diff_when_bt_main_etf_mae,stock_std,mean,lower_sigma,upper_sigma,lower_two_sigma,upper_two_sigma,r2_score_full,r2_score_main_etf_full
NXE,0.9105594606402596,0.9399741026857009,0.4820242315150919,0.47188676755508085,False,False,False,True,False,False,False,True,55,57,1.5966968048542278,1.631474652168001,2.38969912011676,0.5133516949950462,-1.8763474251217138,2.903050815111806,-4.266046545238473,5.292749935228566,0.36201094516259213,0.33150517725978845
CCJ,0.5947851784442948,0.6982011628376148,0.5568772521020225,0.44332041620759255,False,False,False,True,False,False,False,True,42,48,1.2865664643650465,1.3905140103295757,1.4898836633803842,0.23225491721303876,-1.2576287461673454,1.722138580593423,-2.74751240954773,3.212022243973807,0.6462541609350599,0.4749829181619101
