,mae,mae_main_etf,r2_score,r2_score_main_etf,chisquare_normal,chisquare_normal_main_etf,n_days_error_bt_mae,n_days_error_bt_main_etf_mae,mean_abs_diff_when_bt_mae,mean_abs_diff_when_bt_main_etf_mae,stock_std,mean,lower_sigma,upper_sigma,lower_two_sigma,upper_two_sigma,r2_score_full,r2_score_main_etf_full
NXE,0.8695877725252298,0.9253662818035692,0.511831276929979,0.4355304115264932,True,True,57,59,1.5449025321269696,1.651728972760636,2.3394401658970123,0.49608837832873925,-1.843351787568273,2.8355285442257516,-4.182791953465285,5.174968710122764,0.3634373564612584,0.3283311402849046
CCJ,0.6264790609829477,0.7234168771056404,0.5968103604247944,0.4988036521050867,True,True,44,52,1.3535886622821522,1.4414009056579873,1.4983537164134795,0.2444122941778099,-1.2539414222356695,1.7427660105912894,-2.752295138649149,3.2411197270047687,0.6553187150034709,0.4932829850955248
