,mae,mae_main_etf,r2_score,r2_score_main_etf,shapiro_normal,pearson_normal,ks_normal,chisquare_normal,shapiro_normal_main_etf,pearson_normal_main_etf,ks_normal_main_etf,chisquare_normal_main_etf,n_days_error_bt_mae,n_days_error_bt_main_etf_mae,mean_abs_diff_when_bt_mae,mean_abs_diff_when_bt_main_etf_mae,stock_std,mean,lower_sigma,upper_sigma,lower_two_sigma,upper_two_sigma,r2_score_full,r2_score_main_etf_full
CCJ,0.5867470630494043,0.6815113633667186,0.5829922369714027,0.4834693188047091,False,False,False,True,False,False,False,True,42,49,1.241777351913925,1.3142969063332628,1.4927878060099393,0.23472509839161743,-1.258062707618322,1.7275129044015567,-2.750850513628261,3.2203007104114962,0.6474421102361446,0.47396198663189915
NXE,0.9211754880239675,0.9409553156429874,0.4826973421239158,0.4820936766368882,False,False,False,True,False,False,False,True,55,56,1.6155380571083469,1.6419750657436682,2.3940999875905242,0.5126245237531235,-1.8814754638374007,2.906724511343648,-4.275575451427925,5.300824498934172,0.3594736938148825,0.3287463229377917
