,mae,mae_main_etf,r2_score,r2_score_main_etf,chisquare_normal,chisquare_normal_main_etf,n_days_error_bt_mae,n_days_error_bt_main_etf_mae,mean_abs_diff_when_bt_mae,mean_abs_diff_when_bt_main_etf_mae,stock_std,mean,lower_sigma,upper_sigma,lower_two_sigma,upper_two_sigma,r2_score_full,r2_score_main_etf_full
CCJ,0.6318609167867002,0.7350418541150346,0.6324978337904982,0.5367455016370261,True,True,51,55,1.2805159665803332,1.436289992868243,1.4965760665477794,0.2284695365141119,-1.2681065300336676,1.7250456030618913,-2.764682596581447,3.2216216696096707,0.6758193776001533,0.5106375750301217
