,mae,mae_main_etf,r2_score,r2_score_main_etf,shapiro_normal,pearson_normal,ks_normal,chisquare_normal,shapiro_normal_main_etf,pearson_normal_main_etf,ks_normal_main_etf,chisquare_normal_main_etf,n_days_error_bt_mae,n_days_error_bt_main_etf_mae,mean_abs_diff_when_bt_mae,mean_abs_diff_when_bt_main_etf_mae,stock_std,mean,lower_sigma,upper_sigma,lower_two_sigma,upper_two_sigma,r2_score_full,r2_score_main_etf_full
CCJ,0.5838875571767683,0.6795898603490738,0.5814874257601321,0.4809207111106518,False,False,False,True,False,False,False,True,42,49,1.2414000708917867,1.3145011944225953,1.4915127696479171,0.2365028191052276,-1.2550099505426895,1.7280155887531448,-2.746522720190607,3.2195283584010617,0.6476340232678176,0.4775556051981976
NXE,0.9241722306398703,0.9446450605327946,0.4798565410442909,0.47884797707202065,False,False,False,True,False,False,False,True,55,56,1.6155283428871983,1.6420161500348047,2.391743754006848,0.5150355517650994,-1.8767082022417485,2.9067793057719475,-4.2684519562485965,5.298523059778796,0.35965297064874413,0.3288815078517445
