,mae,mae_main_etf,r2_score,r2_score_main_etf,shapiro_normal,pearson_normal,ks_normal,chisquare_normal,shapiro_normal_main_etf,pearson_normal_main_etf,ks_normal_main_etf,chisquare_normal_main_etf,n_days_error_bt_mae,n_days_error_bt_main_etf_mae,mean_abs_diff_when_bt_mae,mean_abs_diff_when_bt_main_etf_mae,stock_std,mean,lower_sigma,upper_sigma,lower_two_sigma,upper_two_sigma,r2_score_full,r2_score_main_etf_full
NXE,0.8873611768699258,0.9097436559225563,0.5005279264983529,0.48177139209640985,False,False,False,True,False,False,False,True,49,50,1.565772915277746,1.6175131244269423,2.396843696221557,0.5138538391578072,-1.8829898570637496,2.9106975353793643,-4.2798335532853065,5.307541231600921,0.3599673127751075,0.3294544800005038
CCJ,0.5799384951758074,0.6751208956087845,0.6112148436009159,0.5126016775221807,False,False,False,True,False,False,False,True,38,45,1.2128341524829787,1.2891433691496759,1.4944086832786683,0.2356284856377887,-1.2587801976408795,1.730037168916457,-2.7531888809195477,3.2244458521951254,0.6482295754112684,0.47527371661420603
