,mae,mae_main_etf,r2_score,r2_score_main_etf,chisquare_normal,chisquare_normal_main_etf,n_days_error_bt_mae,n_days_error_bt_main_etf_mae,mean_abs_diff_when_bt_mae,mean_abs_diff_when_bt_main_etf_mae,stock_std,mean,lower_sigma,upper_sigma,lower_two_sigma,upper_two_sigma,r2_score_full,r2_score_main_etf_full
CCJ,0.6292212708080117,0.7322441330202768,0.6300170628007953,0.5341296401189393,True,True,51,56,1.2839248656165696,1.4248525512296426,1.4943465630834891,0.2287404887144837,-1.2656060743690054,1.7230870517979728,-2.7599526374524945,3.217433614881462,0.6732517849813433,0.5057725181629267
