,mae,mae_main_etf,r2_score,r2_score_main_etf,chisquare_normal,chisquare_normal_main_etf,n_days_error_bt_mae,n_days_error_bt_main_etf_mae,mean_abs_diff_when_bt_mae,mean_abs_diff_when_bt_main_etf_mae,stock_std,mean,lower_sigma,upper_sigma,lower_two_sigma,upper_two_sigma,r2_score_full,r2_score_main_etf_full
CCJ,0.6389254007275691,0.7339466799132949,0.590793763102884,0.49450077369782663,True,True,45,52,1.3558045342531866,1.4529315752253116,1.501293221055045,0.2462351371169209,-1.255058083938124,1.7475283581719658,-2.756351304993169,3.2488215792270108,0.6552944800283438,0.4930342309043164
NXE,0.8772125322077083,0.9360459242882415,0.5206078449444198,0.44226099367778693,True,True,57,59,1.5536772242014785,1.663763600545916,2.344295078928245,0.4986911623967408,-1.8456039165315044,2.842986241324986,-4.18989899545975,5.187281320253231,0.3640610324121083,0.32827657517732967
