,mae,mae_main_etf,r2_score,r2_score_main_etf,chisquare_normal,chisquare_normal_main_etf,n_days_error_bt_mae,n_days_error_bt_main_etf_mae,mean_abs_diff_when_bt_mae,mean_abs_diff_when_bt_main_etf_mae,stock_std,mean,lower_sigma,upper_sigma,lower_two_sigma,upper_two_sigma,r2_score_full,r2_score_main_etf_full
CCJ,0.6330962894079482,0.7431077724131351,0.6237603102563546,0.5238489158809639,True,True,47,54,1.3323002553911174,1.4512227900682688,1.4903858676297699,0.21730564198493008,-1.27308022564484,1.7076915096146998,-2.7634660932746096,3.19807737724447,0.6752416111667714,0.5062851660652483
