,mae,mae_main_etf,r2_score,r2_score_main_etf,chisquare_normal,chisquare_normal_main_etf,n_days_error_bt_mae,n_days_error_bt_main_etf_mae,mean_abs_diff_when_bt_mae,mean_abs_diff_when_bt_main_etf_mae,stock_std,mean,lower_sigma,upper_sigma,lower_two_sigma,upper_two_sigma,r2_score_full,r2_score_main_etf_full
CCJ,0.6292366026399302,0.7319029301604572,0.6034395770990302,0.5050109203533467,True,True,45,53,1.350918171271645,1.439597871297885,1.4713237939437827,0.23602888676736475,-1.2352949071764179,1.7073526807111474,-2.7066187011202008,3.17867647465493,0.667287211917335,0.49454106687631016
