,mae,mae_main_etf,r2_score,r2_score_main_etf,chisquare_normal,chisquare_normal_main_etf,n_days_error_bt_mae,n_days_error_bt_main_etf_mae,mean_abs_diff_when_bt_mae,mean_abs_diff_when_bt_main_etf_mae,stock_std,mean,lower_sigma,upper_sigma,lower_two_sigma,upper_two_sigma,r2_score_full,r2_score_main_etf_full
CCJ,0.6330962894079937,0.7431077724134652,0.6237603102563186,0.52384891588058,True,True,47,54,1.3323002553911476,1.4512227900694483,1.49038586762977,0.2173056419849301,-1.27308022564484,1.7076915096147003,-2.76346609327461,3.1980773772444704,0.6752416111667727,0.5062851660652482
