,mae,mae_main_etf,r2_score,r2_score_main_etf,shapiro_normal,pearson_normal,ks_normal,chisquare_normal,shapiro_normal_main_etf,pearson_normal_main_etf,ks_normal_main_etf,chisquare_normal_main_etf,n_days_error_bt_mae,n_days_error_bt_main_etf_mae,mean_abs_diff_when_bt_mae,mean_abs_diff_when_bt_main_etf_mae,stock_std,mean,lower_sigma,upper_sigma,lower_two_sigma,upper_two_sigma,r2_score_full,r2_score_main_etf_full
NXE,0.8874618218105153,0.9141082206362402,0.49264393145390284,0.4785484456426403,False,False,False,True,False,False,False,True,51,50,1.5462794943299631,1.6277451548801025,2.402290996696425,0.5231026293535449,-1.8791883673428802,2.92539362604997,-4.281479364039305,5.327684622746395,0.3621185647390045,0.3324843060495237
CCJ,0.5802792542498069,0.6756324965364713,0.6107542911313244,0.5119665054812246,False,False,False,True,False,False,False,True,37,45,1.2298568664628085,1.2891561490799777,1.4955632802445644,0.2376525056762124,-1.257910774568352,1.7332157859207769,-2.7534740548129166,3.228779066165341,0.6479560411256623,0.47816564376707216
