,mae,mae_main_etf,r2_score,r2_score_main_etf,chisquare_normal,chisquare_normal_main_etf,n_days_error_bt_mae,n_days_error_bt_main_etf_mae,mean_abs_diff_when_bt_mae,mean_abs_diff_when_bt_main_etf_mae,stock_std,mean,lower_sigma,upper_sigma,lower_two_sigma,upper_two_sigma,r2_score_full,r2_score_main_etf_full
CCJ,0.629221270808405,0.7322441330200171,0.6300170628004345,0.5341296401193566,True,True,51,56,1.2839248656177364,1.4248525512283847,1.4943465630834891,0.22874048871448366,-1.2656060743690054,1.7230870517979728,-2.7599526374524945,3.217433614881462,0.6732517849813433,0.5057725181629262
