,mae,shapiro_normal,pearson_normal,ks_normal,chisquare_normal,shapiro_normal_main_etf,pearson_normal_main_etf,ks_normal_main_etf,chisquare_normal_main_etf,n_days_error_bt_mae,mean_abs_diff_when_bt_mae,mae_main_etf,n_days_error_bt_main_etf_mae,mean_abs_diff_when_bt_main_etf_mae,stock_std,mean,lower_sigma,upper_sigma,lower_two_sigma,upper_two_sigma
NXE,0.8923025160381838,True,True,True,False,True,True,True,True,50,1.5593441357358204,0.918657742727132,50,1.6279836085151067,2.402140843586412,0.5171038021903295,-1.8850370413960826,2.9192446457767414,-4.287177884982494,5.321385489363154
CCJ,0.5781122299530327,False,False,False,True,False,False,False,True,38,1.211733892637395,0.672715408026667,44,1.2994200064615546,1.49622756881676,0.2404020289874165,-1.2558255398293434,1.7366295978041764,-2.7520531086461033,3.2328571666209363
