,mae,mae_main_etf,r2_score,r2_score_main_etf,shapiro_normal,pearson_normal,ks_normal,chisquare_normal,shapiro_normal_main_etf,pearson_normal_main_etf,ks_normal_main_etf,chisquare_normal_main_etf,n_days_error_bt_mae,n_days_error_bt_main_etf_mae,mean_abs_diff_when_bt_mae,mean_abs_diff_when_bt_main_etf_mae,stock_std,mean,lower_sigma,upper_sigma,lower_two_sigma,upper_two_sigma,r2_score_full,r2_score_main_etf_full
NXE,0.8923025160374166,0.9186577427272203,0.4909922683623432,0.47632933558833257,False,False,False,True,False,False,False,True,50,50,1.5593441357360225,1.6279836085152624,2.402140843586412,0.5171038021903295,-1.8850370413960826,2.9192446457767414,-4.287177884982494,5.321385489363154,0.36007805210657007,0.3295506989091028
CCJ,0.5781122299515632,0.6727154080267024,0.6098657227246271,0.5114766955450285,False,False,False,True,False,False,False,True,38,44,1.211733892632764,1.2994200064608576,1.49622756881676,0.24040202898741653,-1.2558255398293434,1.7366295978041764,-2.7520531086461033,3.2328571666209363,0.6478324161633334,0.4780718839008129
