,mae,mae_main_etf,r2_score,r2_score_main_etf,chisquare_normal,chisquare_normal_main_etf,n_days_error_bt_mae,n_days_error_bt_main_etf_mae,mean_abs_diff_when_bt_mae,mean_abs_diff_when_bt_main_etf_mae,stock_std,mean,lower_sigma,upper_sigma,lower_two_sigma,upper_two_sigma,r2_score_full,r2_score_main_etf_full
CCJ,0.6255751016005161,0.7209205703836746,0.5960417490098386,0.4997605150928962,True,True,44,52,1.3535249510102658,1.434429174925006,1.4967411336938952,0.24404704123758653,-1.2526940924563086,1.7407881749314817,-2.749435226150204,3.2375293086253767,0.6552610708385724,0.4926001773245384
NXE,0.8666799661239281,0.9235851052281305,0.5149867832624161,0.43497971506702204,True,True,56,59,1.5504006179927434,1.647688527254793,2.3368719129690234,0.49541017542296373,-1.8414617375460596,2.8322820883919873,-4.178333650515083,5.169154001361011,0.363805604927951,0.32793303386033845
