,mae,mae_main_etf,r2_score,r2_score_main_etf,shapiro_normal,pearson_normal,ks_normal,chisquare_normal,shapiro_normal_main_etf,pearson_normal_main_etf,ks_normal_main_etf,chisquare_normal_main_etf,n_days_error_bt_mae,n_days_error_bt_main_etf_mae,mean_abs_diff_when_bt_mae,mean_abs_diff_when_bt_main_etf_mae,stock_std,mean,lower_sigma,upper_sigma,lower_two_sigma,upper_two_sigma,r2_score_full,r2_score_main_etf_full
CCJ,0.5802792542465575,0.675632496536492,0.6107542911367507,0.5119665054812477,False,False,False,True,False,False,False,True,37,45,1.229856866452737,1.2891561490798167,1.4955632802445644,0.2376525056762124,-1.257910774568352,1.7332157859207769,-2.7534740548129166,3.228779066165341,0.6479560411256634,0.47816564376707227
NXE,0.8874618218102468,0.9141082206359813,0.49264393145399055,0.47854844564282606,False,False,False,True,False,False,False,True,51,50,1.5462794943298779,1.6277451548796293,2.402290996696425,0.523102629353545,-1.8791883673428802,2.92539362604997,-4.281479364039305,5.327684622746395,0.3621185647390046,0.3324843060495236
