,mae,mae_main_etf,r2_score,r2_score_main_etf,chisquare_normal,chisquare_normal_main_etf,n_days_error_bt_mae,n_days_error_bt_main_etf_mae,mean_abs_diff_when_bt_mae,mean_abs_diff_when_bt_main_etf_mae,stock_std,mean,lower_sigma,upper_sigma,lower_two_sigma,upper_two_sigma,r2_score_full,r2_score_main_etf_full
CCJ,0.6148353878160603,0.7247583008842126,0.6348089540054204,0.52815920402226,True,True,48,54,1.2771265591560053,1.4298098122822969,1.4907300852242151,0.22195067953350137,-1.2687794056907138,1.7126807647577165,-2.7595094909149287,3.203410849981932,0.6768894734399855,0.5072557239682738
