,URNM,XLE
CCJ,0.590152526067369,0.5011579800838623
NXE,0.7922078585779347,0.5412575104930814
