,NXE,CCJ
NXE,1,0.9120968241818206
CCJ,0.33631862635354964,1
