,NXE,CCJ
NXE,1,0.8878598151588636
CCJ,0.3424999209004684,1
