,URNM,XLE
CCJ,0.563291388014418,0.5129899104170557
