,CCJ,NXE
CCJ,1,0.33559801713186876
NXE,0.9239745279702708,1
