,URNM,XLE
CCJ,0.702555637800944,0.7545011009514866
NXE,0.5746497201029352,0.49937798964662694
