,URNM,XLE
NXE,0.5760843928539687,0.4957362667771126
CCJ,0.6878694725430993,0.7502385667484304
