,CCJ,NXE
CCJ,1,0.34249903085161115
NXE,0.8878675329761272,1
