,URNM,XLE
CCJ,0.7116339672327718,0.7597034171616525
