,CCJ,NXE
CCJ,1,0.6113648313066709
NXE,0.6367876815617519,1
