,URNM,XLE
NXE,0.5771143628545193,0.49611619609298285
CCJ,0.6899383577339286,0.7489808575396008
