,URNM,XLE
CCJ,0.572802115884707,0.5211106706185249
