,URNM,XLE
CCJ,0.5763881577950833,0.5228235545616677
