,NXE,CCJ
NXE,1,0.9208309837046521
CCJ,0.33571420666155405,1
