,URNM,XLE
NXE,0.7973583999773494,0.5415824526730192
CCJ,0.5910214031014758,0.5008724758562778
