,CCJ,NXE
CCJ,1,0.3357425255642506
NXE,0.9208731187243138,1
