,URNM,XLE
CCJ,0.5874321145724415,0.5010056388820121
NXE,0.7919138034153965,0.5409935918166044
