,URNM,XLE
CCJ,0.5632913880144176,0.5129899104170558
