,URNM,XLE
NXE,0.7932470403762449,0.541063695849601
CCJ,0.5884086934232913,0.5010541248693735
