,URNM,XLE
CCJ,0.5757856217099684,0.5122494252317551
NXE,0.7393203041713725,0.5467753527368128
