,URNM,XLE
CCJ,0.6920995213201159,0.7491174669904556
NXE,0.5781602403289431,0.4951438988484619
