,URNM,XLE
CCJ,0.71516891675852,0.7579218362074058
