,URNM,XLE
NXE,0.7388887908111921,0.5522438684981958
CCJ,0.5758295854196399,0.5174997165673207
