,URNM,XLE
NXE,0.5747299609745992,0.5035840867372884
CCJ,0.7027224884080049,0.7561447282925214
