,URNM,XLE
CCJ,0.5788859674713395,0.5220679387778016
