,NXE,CCJ
NXE,1,0.6375955225869138
CCJ,0.6147960276179402,1
