,NXE,CCJ
NXE,1,0.6373017589488471
CCJ,0.6151597875322778,1
