,URNM,XLE
CCJ,0.5728021158847075,0.5211106706185249
