,CCJ,NXE
CCJ,1,0.6147960276179403
NXE,0.637595522586914,1
