,NXE,CCJ
NXE,1,0.6355411130380653
CCJ,0.614714495199368,1
