,NXE,CCJ
NXE,1,0.9227823225492655
CCJ,0.3348648772288749,1
