,URNM,XLE
CCJ,0.5752707427942735,0.5122549253537194
NXE,0.7380918499941634,0.5465912480434792
