,URNM,XLE
CCJ,0.7036998251612783,0.7542033704145571
