,URNM,XLE
NXE,0.575596716076383,0.49575007356743644
CCJ,0.6919704564137069,0.7490286403203059
