,URNM,XLE
CCJ,0.7036998251612778,0.7542033704145572
