,URNM,XLE
CCJ,0.5763881577950837,0.5228235545616677
