,URNM,XLE
CCJ,0.7128732427793666,0.7600494003732368
