,URNM,XLE
CCJ,0.5782190003557929,0.52215799636259
