,URNM,XLE
CCJ,0.7124055188258527,0.7587589787244503
