,NXE,CCJ
NXE,1,0.6356432118516213
CCJ,0.6148054215764408,1
