,URNM,XLE
CCJ,0.7124055188258535,0.7587589787244504
