,CCJ,NXE
CCJ,1,0.6113904767414271
NXE,0.6368453210587203,1
