,CCJ,NXE
CCJ,1,0.3425021019560357
NXE,0.8879556737097177,1
