,NXE,CCJ
NXE,1,0.635541113038065
CCJ,0.6147144951993683,1
