,CCJ,NXE
CCJ,1,0.342444749773235
NXE,0.8879915833659472,1
