,URNM,XLE
CCJ,0.5910214031014756,0.5008724758562777
NXE,0.7973583999773494,0.5415824526730193
