,CCJ,NXE
CCJ,1,0.6148479082455319
NXE,0.6356723805044965,1
