,URNM,XLE
NXE,0.7941862152727405,0.5409156189596159
CCJ,0.5905022625365933,0.5005382841243128
