,NXE,CCJ
NXE,1,0.6367709705346504
CCJ,0.6113566812481879,1
