,CCJ,NXE
CCJ,1,0.6113629091226783
NXE,0.6367707994668615,1
