,URNM,XLE
NXE,0.5755739871418324,0.4960095399340499
CCJ,0.6899054482175091,0.7492533509883841
