,URNM,XLE
CCJ,0.7130914231913295,0.7579385519628591
