,URNM,XLE
NXE,0.7956952938368531,0.5431384619570498
CCJ,0.5893495113860204,0.5015344954059308
