,URNM,XLE
CCJ,0.689006955785092,0.7491331444353143
NXE,0.5748783630788222,0.4959253491716434
