,URNM,XLE
CCJ,0.5759513691473499,0.5122608474692842
NXE,0.7391621406601867,0.546842562809238
