,URNM,XLE
CCJ,0.7159382193363204,0.7579385519628593
