,NXE,CCJ
NXE,1,0.9239745279702702
CCJ,0.3355980171318687,1
