,URNM,XLE
NXE,0.5781602403289431,0.49514389884846205
CCJ,0.692099521320116,0.7491174669904557
