,CCJ,NXE
CCJ,1,0.6150145734784577
NXE,0.6359055554131762,1
