,URNM,XLE
NXE,0.7976190939234263,0.540800154016302
CCJ,0.5875857420174153,0.5003063170765463
