,URNM,XLE
CCJ,0.5749225871689894,0.5220679387778016
