,NXE,CCJ
NXE,1,0.92131510516594
CCJ,0.3353531844899599,1
