,NXE,CCJ
NXE,1,0.6355304079758118
CCJ,0.6149994804472582,1
