,URNM,XLE
CCJ,0.5744574714157964,0.523393301446926
