,URNM,XLE
NXE,0.5755967160763833,0.4957500735674365
CCJ,0.6919704564137068,0.7490286403203067
