,URNM,XLE
NXE,0.7941862152727405,0.5409156189596157
CCJ,0.5905022625365937,0.5005382841243122
