,CCJ,NXE
CCJ,1,0.33590710153779146
NXE,0.9211339916997224,1
