,NXE,CCJ
NXE,1,0.9213151051659407
CCJ,0.3353531844899596,1
