,URNM,XLE
CCJ,0.7022686012864596,0.7546095224307608
NXE,0.5743214219162049,0.4992450444558882
