,URNM,XLE
CCJ,0.6916879459587373,0.7492981183065186
NXE,0.5750356563574257,0.49620045416475017
