,URNM,XLE
CCJ,0.7025197714520085,0.754478273169497
NXE,0.5748135368570159,0.49924078906764474
