,mae,mae_main_etf,r2_score,r2_score_main_etf,chisquare_normal,chisquare_normal_main_etf,n_days_error_bt_mae,n_days_error_bt_main_etf_mae,mean_abs_diff_when_bt_mae,mean_abs_diff_when_bt_main_etf_mae,stock_std,mean,lower_sigma,upper_sigma,lower_two_sigma,upper_two_sigma,r2_score_full,r2_score_main_etf_full
RIOT,4.32118195466137,4.499915112367031,0.4590030863617278,0.4218852860725184,True,True,1,1,8.985101944503988,9.184358442645218,2.7113663113050572,1.8908312311513251,-0.8205350801537321,4.602197542456382,-3.5319013914587893,7.31356385376144,0.700702149254805,0.5165939005456388
MARA,2.935062876526828,3.5730807862115324,0.015932394206780387,-0.3019449085931103,False,True,2,2,5.207010710353237,6.124668121741245,4.733822926815875,1.4496272483909984,-3.2841956784248763,6.183450175206874,-8.018018605240751,10.917273102022747,0.7741722058264744,0.616482641980806
COIN,0.8327368463090403,0.9001766633513005,0.7528058816162928,0.6273419693113836,True,True,2,1,1.0252024470590528,1.8288312632139632,1.5913921642703743,1.1183247575760815,-0.4730674066942928,2.709716921846456,-2.064459570964667,4.30110908611683,0.6918754155875747,0.43067943401981856
