,mae,mae_main_etf,r2_score,r2_score_main_etf,chisquare_normal,chisquare_normal_main_etf,n_days_error_bt_mae,n_days_error_bt_main_etf_mae,mean_abs_diff_when_bt_mae,mean_abs_diff_when_bt_main_etf_mae,stock_std,mean,lower_sigma,upper_sigma,lower_two_sigma,upper_two_sigma,r2_score_full,r2_score_main_etf_full
MARA,2.563005648309663,2.4503013023411637,-0.45707034441152783,-0.18518751110040998,False,False,2,1,4.764777529913587,6.360737749972733,4.567175064391895,1.391514081641624,-3.175660982750271,5.958689146033519,-7.742836047142166,10.525864210425414,0.754325136662529,0.6152446371648703
COIN,0.950534456075507,0.9071333431186674,0.6651117190611104,0.6322046175214414,True,True,2,2,1.302969834214431,1.373723497330268,2.94014890263541,0.3537021348169274,-2.5864467678184826,3.2938510374523378,-5.526595670453893,6.233999940087748,0.36087222891973725,0.4430535972282854
RIOT,3.00042054577615,3.7512471147428053,0.5850031415275692,0.45971332125673325,False,False,1,1,8.558150144200672,9.52982813479057,2.5959361712499556,1.8913065688626562,-0.7046296023872993,4.487242740112611,-3.300565773637255,7.083178911362568,0.7015380708339072,0.506880959751604
