,mae,mae_main_etf,r2_score,r2_score_main_etf,chisquare_normal,chisquare_normal_main_etf,n_days_error_bt_mae,n_days_error_bt_main_etf_mae,mean_abs_diff_when_bt_mae,mean_abs_diff_when_bt_main_etf_mae,stock_std,mean,lower_sigma,upper_sigma,lower_two_sigma,upper_two_sigma,r2_score_full,r2_score_main_etf_full
MARA,1.3547740503220982,0.6317036883480658,0.884651934578824,0.9772055338103875,True,True,3,5,2.1949777621617304,0.8374392251899939,4.170366985189043,0.8664014994561005,-3.3039654857329426,5.036768484645143,-7.474332470921985,9.207135469834187,0.7944979763104527,0.7199617413459332
RIOT,2.276986691976468,1.4042750432436026,0.5280188217443338,0.8645139838269048,True,True,3,5,4.111071915317075,1.8194115373896007,3.3977570045867806,0.6368392509581954,-2.7609177536285854,4.034596255544976,-6.158674758215366,7.432353260131757,0.8354318434003889,0.7805900995510427
COIN,0.8552573785103437,0.6627165542676403,0.8482746708058523,0.9005130543573915,True,True,5,4,1.0914566762369131,0.9987377330967743,2.0863663699719477,0.12474476698282212,-1.9616216029891256,2.21111113695477,-4.0479879729610735,4.297477506926717,0.8176258216181502,0.7757646611814101
