,mae,mae_main_etf,r2_score,r2_score_main_etf,chisquare_normal,chisquare_normal_main_etf,n_days_error_bt_mae,n_days_error_bt_main_etf_mae,mean_abs_diff_when_bt_mae,mean_abs_diff_when_bt_main_etf_mae,stock_std,mean,lower_sigma,upper_sigma,lower_two_sigma,upper_two_sigma,r2_score_full,r2_score_main_etf_full
MARA,1.49454227485916,0.7867376997825127,0.8237806157429477,0.9427386744857674,True,True,4,4,2.280577593799917,1.293737217898941,4.276960372154053,0.7376332533433514,-3.539327118810702,5.014593625497405,-7.816287490964755,9.291553997651459,0.8177508718408237,0.7628455074854726
COIN,0.9734812570543598,0.8258085653912082,0.7807727895079001,0.762387347013904,True,True,4,3,1.572281770482948,1.7817703512423186,2.190016580932365,0.26862198215353944,-1.9213945987788255,2.4586385630859042,-4.11141117971119,4.648655144018269,0.7997154820632592,0.7577786494107852
RIOT,0.9667474751440337,1.190492461108974,0.8775012993642181,0.855845497420208,True,True,4,4,1.7986711056844236,1.960841542798236,3.3865066666176262,0.769547294832874,-2.6169593717847524,4.1560539614505005,-6.003466038402379,7.542560628068126,0.8411415901994794,0.7894191800346994
