,mae,mae_main_etf,r2_score,r2_score_main_etf,chisquare_normal,chisquare_normal_main_etf,n_days_error_bt_mae,n_days_error_bt_main_etf_mae,mean_abs_diff_when_bt_mae,mean_abs_diff_when_bt_main_etf_mae,stock_std,mean,lower_sigma,upper_sigma,lower_two_sigma,upper_two_sigma,r2_score_full,r2_score_main_etf_full
RIOT,0.9667474751441105,1.1904924611089678,0.8775012993642075,0.8558454974202077,True,True,4,4,1.7986711056844857,1.9608415427982435,3.3865066666176253,0.7695472948328738,-2.6169593717847515,4.156053961450499,-6.003466038402377,7.5425606280681246,0.8411415901994783,0.7894191800346991
MARA,1.4945422748587636,0.7867376997825,0.8237806157430303,0.9427386744857701,True,True,4,4,2.280577593799478,1.2937372178989204,4.276960372154053,0.7376332533433512,-3.539327118810702,5.014593625497405,-7.816287490964755,9.291553997651457,0.8177508718408237,0.7628455074854738
COIN,0.973481257054389,0.8258085653911473,0.7807727895079244,0.7623873470139005,True,True,4,3,1.5722817704828762,1.7817703512422642,2.1900165809323653,0.26862198215353955,-1.9213945987788257,2.4586385630859047,-4.111411179711191,4.64865514401827,0.7997154820632588,0.7577786494107852
