,mae,mae_main_etf,r2_score,r2_score_main_etf,chisquare_normal,chisquare_normal_main_etf,n_days_error_bt_mae,n_days_error_bt_main_etf_mae,mean_abs_diff_when_bt_mae,mean_abs_diff_when_bt_main_etf_mae,stock_std,mean,lower_sigma,upper_sigma,lower_two_sigma,upper_two_sigma,r2_score_full,r2_score_main_etf_full
MARA,2.7363931117919122,2.8193706406811665,-0.3251254080413972,-0.19379015124453525,False,True,1,1,6.897647023952016,6.331177143089023,4.427998746283402,1.2984110810395324,-3.1295876652438697,5.726409827322934,-7.5575864115272715,10.154408573606336,0.7266664029593617,0.5933440364828717
COIN,0.9515983656082072,0.5041545157412859,0.6064990894390441,0.800137073021714,True,True,3,2,1.095612487877904,0.9186549343495729,2.9174350749539917,0.024855635477912308,-2.8925794394760795,2.942290710431904,-5.810014514430071,5.859725785385896,0.4209810438792557,0.6663250502698328
RIOT,3.4222751599391708,3.4785035792179975,0.47701816030739497,0.44055392082340217,False,False,1,1,9.310856183067884,9.678069932485679,2.741459521868434,1.5871577045002638,-1.1543018173681703,4.3286172263686975,-3.8957613392366044,7.070076748237132,0.7928067466921759,0.5914270447421948
