,mae,mae_main_etf,r2_score,r2_score_main_etf,chisquare_normal,chisquare_normal_main_etf,n_days_error_bt_mae,n_days_error_bt_main_etf_mae,mean_abs_diff_when_bt_mae,mean_abs_diff_when_bt_main_etf_mae,stock_std,mean,lower_sigma,upper_sigma,lower_two_sigma,upper_two_sigma,r2_score_full,r2_score_main_etf_full
RIOT,2.766541958047163,2.938434002274301,-2.8626201829595415,-3.421448936452559,True,True,1,1,3.9422105032632997,4.316684414441713,2.7113663113050572,1.890831231151325,-0.8205350801537323,4.602197542456382,-3.5319013914587893,7.31356385376144,0.7007021492548039,0.516593900545639
COIN,0.8385583442913203,0.904725338940719,-1.8937343939413838,-3.626197275713958,True,True,2,1,1.0252024470590457,1.8288312632139836,3.0580858456648126,0.38293349049983555,-2.675152355164977,3.441019336164648,-5.733238200829789,6.499105181829461,0.3621031479605543,0.43067943401981845
MARA,3.713965778209476,4.601460000524367,-1.1220714020085554,-1.8160439246095086,True,True,2,2,5.2070107103532575,6.124668121741628,4.1632637277038205,2.126257778567765,-2.0370059491360553,6.289521506271585,-6.200269676839875,10.452785233975407,0.6904222478399478,0.4716389058955678
