,mae,mae_main_etf,r2_score,r2_score_main_etf,chisquare_normal,chisquare_normal_main_etf,n_days_error_bt_mae,n_days_error_bt_main_etf_mae,mean_abs_diff_when_bt_mae,mean_abs_diff_when_bt_main_etf_mae,stock_std,mean,lower_sigma,upper_sigma,lower_two_sigma,upper_two_sigma,r2_score_full,r2_score_main_etf_full
RIOT,0.49016528348768507,0.7863475145134002,0.790850410531537,0.6439048972039532,True,True,1,2,1.4292637136009592,1.227024744356294,4.279767175036162,0.6667159435898432,-3.613051231446319,4.946483118626006,-7.892818406482481,9.226250293662167,0.7481237182364897,0.5619039618944746
COIN,1.009667830673985,0.6950794501110107,-1.6092213823521164,-1.267851510638863,True,True,3,2,1.222837782499114,1.3602565583628023,1.7739192591155757,0.4858009790561158,-1.28811828005946,2.2597202381716914,-3.0620375391750354,4.033639497287267,0.7326288071415358,0.42873073277892604
MARA,1.6720425912875538,0.9514474748185842,-3.6702228313811265,-1.395299805504846,True,True,3,2,2.169211120701931,1.8306803914478054,4.054728457152676,1.3050139084953478,-2.7497145486573276,5.359742365648024,-6.804443005810003,9.414470822800698,0.7379738805129855,0.4556731498326744
