,mae,mae_main_etf,r2_score,r2_score_main_etf,chisquare_normal,chisquare_normal_main_etf,n_days_error_bt_mae,n_days_error_bt_main_etf_mae,mean_abs_diff_when_bt_mae,mean_abs_diff_when_bt_main_etf_mae,stock_std,mean,lower_sigma,upper_sigma,lower_two_sigma,upper_two_sigma,r2_score_full,r2_score_main_etf_full
COIN,0.8527931550176456,0.851515455407415,0.5654064099613433,0.45403811157070173,True,True,4,3,1.1224245982774876,1.3846859580607125,1.8537703581951945,-0.0565167710764871,-1.9102871292716816,1.7972535871187074,-3.764057487466876,3.651023945313902,0.7962116543678112,0.7121500618380132
RIOT,1.008470776487729,1.100073401963382,0.8014288450790089,0.808097362124984,True,True,3,3,1.7839271334873683,1.7106661960693963,2.8216467180599913,1.1532746764316035,-1.6683720416283878,3.974921394491595,-4.490018759688379,6.796568112551586,0.8291304779105706,0.6583295592150584
MARA,1.109271863031655,0.7485912114795704,0.8282549863806568,0.8555498558268254,True,True,4,2,1.4886703479122905,1.8236123906506094,4.316665438353895,0.693444428081804,-3.6232210102720908,5.010109866435699,-7.939886448625986,9.326775304789594,0.7888056014566678,0.6759003570714899
