,mae,mae_main_etf,r2_score,r2_score_main_etf,chisquare_normal,chisquare_normal_main_etf,n_days_error_bt_mae,n_days_error_bt_main_etf_mae,mean_abs_diff_when_bt_mae,mean_abs_diff_when_bt_main_etf_mae,stock_std,mean,lower_sigma,upper_sigma,lower_two_sigma,upper_two_sigma,r2_score_full,r2_score_main_etf_full
MARA,1.4945422748538637,0.7867376997824946,0.8237806157440697,0.9427386744857712,True,True,4,4,2.2805775937935677,1.293737217898912,4.276960372154054,0.7376332533433514,-3.5393271188107027,5.0145936254974055,-7.816287490964757,9.291553997651459,0.8177508718408236,0.7628455074854736
COIN,0.9734812570543987,0.8258085653918741,0.7807727895079523,0.7623873470139405,True,True,4,3,1.5722817704827914,1.7817703512429164,2.1900165809323653,0.26862198215353944,-1.921394598778826,2.4586385630859047,-4.111411179711191,4.64865514401827,0.7997154820632594,0.7577786494107852
RIOT,0.9667474751439866,1.1904924611089607,0.8775012993642238,0.8558454974202072,True,True,4,4,1.7986711056843827,1.9608415427982528,3.3865066666176262,0.769547294832874,-2.6169593717847524,4.1560539614505005,-6.003466038402379,7.542560628068126,0.8411415901994792,0.7894191800346992
