,mae,mae_main_etf,r2_score,r2_score_main_etf,chisquare_normal,chisquare_normal_main_etf,n_days_error_bt_mae,n_days_error_bt_main_etf_mae,mean_abs_diff_when_bt_mae,mean_abs_diff_when_bt_main_etf_mae,stock_std,mean,lower_sigma,upper_sigma,lower_two_sigma,upper_two_sigma,r2_score_full,r2_score_main_etf_full
RIOT,2.0922753993067924,1.564271470843165,0.4287592756448655,0.7973832583308667,True,True,2,4,4.381625002644779,1.9027272261804549,2.6693371793394127,1.2801628414007686,-1.389174337938644,3.9495000207401816,-4.058511517278057,6.618837200079594,0.719924569396803,0.625191796640242
COIN,0.9272986034658209,0.6475766117707608,0.7562198758228454,0.8576322450616758,True,True,3,3,1.2202828083900885,1.0754182602137703,1.876205733833574,0.31825312421705143,-1.5579526096165226,2.1944588580506252,-3.434158343450097,4.070664591884199,0.7654504203148348,0.7119541345515216
MARA,1.3266836593089473,0.5700976117834595,0.8327957141909522,0.9733842580260521,True,True,2,4,2.516763249533546,0.7810624754124246,3.746462326447678,1.25456383792777,-2.491898488519908,5.001026164375448,-6.238360814967586,8.747488490823127,0.7375270540832368,0.5543743085071311
