,mae,mae_main_etf,r2_score,r2_score_main_etf,chisquare_normal,chisquare_normal_main_etf,n_days_error_bt_mae,n_days_error_bt_main_etf_mae,mean_abs_diff_when_bt_mae,mean_abs_diff_when_bt_main_etf_mae,stock_std,mean,lower_sigma,upper_sigma,lower_two_sigma,upper_two_sigma,r2_score_full,r2_score_main_etf_full
RIOT,0.49016528348768434,0.7863475145134002,0.7908504105315389,0.6439048972039532,True,True,1,2,1.4292637136009523,1.2270247443562943,4.279767175036162,0.6667159435898431,-3.613051231446319,4.946483118626006,-7.892818406482482,9.226250293662167,0.7481237182364893,0.5619039618944757
COIN,1.0096678306737341,0.6950794501110076,-1.6092213823510328,-1.267851510638851,True,True,3,2,1.2228377824988912,1.3602565583627995,1.7739192591155757,0.4858009790561159,-1.2881182800594597,2.2597202381716914,-3.0620375391750354,4.033639497287267,0.7326288071415346,0.4287307327789265
MARA,1.672042591287969,0.9514474748185737,-3.6702228313790357,-1.3952998055048136,True,True,3,2,2.169211120701975,1.8306803914477956,4.054728457152676,1.305013908495348,-2.7497145486573276,5.359742365648024,-6.804443005810003,9.414470822800698,0.7379738805129852,0.45567314983267304
