,mae,mae_main_etf,r2_score,r2_score_main_etf,chisquare_normal,chisquare_normal_main_etf,n_days_error_bt_mae,n_days_error_bt_main_etf_mae,mean_abs_diff_when_bt_mae,mean_abs_diff_when_bt_main_etf_mae,stock_std,mean,lower_sigma,upper_sigma,lower_two_sigma,upper_two_sigma,r2_score_full,r2_score_main_etf_full
RIOT,1.008470776487716,1.100073401963382,0.8014288450790161,0.8080973621249838,True,True,3,3,1.7839271334873334,1.7106661960693967,2.821646718059992,1.1532746764316033,-1.6683720416283885,3.974921394491595,-4.490018759688381,6.796568112551586,0.829130477910569,0.6583295592150578
MARA,1.1092718630343843,0.7485912114795729,0.8282549863802218,0.8555498558268264,True,True,4,2,1.4886703479135863,1.823612390650602,4.316665438353894,0.693444428081804,-3.62322101027209,5.010109866435698,-7.939886448625984,9.326775304789592,0.7888056014566678,0.6759003570714903
COIN,0.8527931550178526,0.851515455407415,0.5654064099612017,0.45403811157070184,True,True,4,3,1.122424598277623,1.384685958060712,1.8537703581951943,-0.05651677107648717,-1.9102871292716814,1.7972535871187072,-3.764057487466876,3.6510239453139013,0.7962116543678113,0.7121500618380138
