,mae,mae_main_etf,r2_score,r2_score_main_etf,chisquare_normal,chisquare_normal_main_etf,n_days_error_bt_mae,n_days_error_bt_main_etf_mae,mean_abs_diff_when_bt_mae,mean_abs_diff_when_bt_main_etf_mae,stock_std,mean,lower_sigma,upper_sigma,lower_two_sigma,upper_two_sigma,r2_score_full,r2_score_main_etf_full
COIN,0.8625365443874053,0.7474288292960158,0.8984955586418486,0.8298411099339953,True,True,5,3,1.1498114534112314,1.6962745042626706,2.2902705158192456,0.32286880070621293,-1.9674017151130325,2.6131393165254586,-4.257672230932278,4.903409832344704,0.8382384733300094,0.7757646611814102
MARA,1.6147490265605575,0.7276948365691572,0.8583115936564406,0.9695903698920845,True,True,4,4,2.4858262874243895,1.065266660804305,4.420299196801387,0.7539808344422269,-3.66631836235916,5.1742800312436135,-8.086617559160546,9.594579228045001,0.8226659775336627,0.7587926826845058
RIOT,1.6353017668471388,1.477045722997979,0.8046057552031968,0.8814215445500976,True,True,3,3,2.9653650191842567,2.0312804804388467,3.506229295584085,0.8526277262227719,-2.653601569361313,4.358857021806857,-6.159830864945398,7.865086317390942,0.8527290230232791,0.7864428402070397
