,mae,mae_main_etf,r2_score,r2_score_main_etf,chisquare_normal,chisquare_normal_main_etf,n_days_error_bt_mae,n_days_error_bt_main_etf_mae,mean_abs_diff_when_bt_mae,mean_abs_diff_when_bt_main_etf_mae,stock_std,mean,lower_sigma,upper_sigma,lower_two_sigma,upper_two_sigma,r2_score_full,r2_score_main_etf_full
AMAT,0.47114382251940273,0.6249551700147763,0.7345023431687339,0.6173832173973952,True,True,71,74,0.9969097754032133,1.3039290706531705,1.6890436705517715,0.15614146249669966,-1.5329022080550718,1.8451851330484712,-3.2219458786068436,3.5342288036002425,0.871134726505637,0.6937767092131801
KLAC,0.4635038814985493,0.6508530380967015,0.613675848788917,0.48621090152489543,True,True,72,77,1.0092984589837426,1.2772991017370083,1.5052913923077662,0.12578894087052805,-1.3795024514372383,1.6310803331782942,-2.8847938437450042,3.1363717254860606,0.8166877972907389,0.658281361331742
LRCX,0.3917475976323875,0.6074711368178707,0.773987469729253,0.5645027129447537,True,True,72,85,0.8198558812149653,1.151596307030493,1.6845552788219034,0.16453805412195605,-1.5200172246999473,1.8490933329438595,-3.2045725035218506,3.533648611765763,0.8743094529914919,0.691728698149101
