,mae,mae_main_etf,r2_score,r2_score_main_etf,chisquare_normal,chisquare_normal_main_etf,n_days_error_bt_mae,n_days_error_bt_main_etf_mae,mean_abs_diff_when_bt_mae,mean_abs_diff_when_bt_main_etf_mae,stock_std,mean,lower_sigma,upper_sigma,lower_two_sigma,upper_two_sigma,r2_score_full,r2_score_main_etf_full
AMAT,0.4521094205801226,0.6018735140960646,0.7674925140444152,0.6337671382467571,True,True,71,72,0.9325306323838829,1.262812307434062,1.690238854972743,0.14718526212651256,-1.5430535928462303,1.8374241170992556,-3.2332924478189735,3.5276629720719983,0.8721064585971935,0.7008533918976506
LRCX,0.3981297907816504,0.6159683544101466,0.7799502754322899,0.5643430066246806,True,True,75,84,0.7934754139546967,1.1551587832782442,1.69537897378785,0.1608529180701515,-1.5345260557176985,1.8562318918580014,-3.2299050295055483,3.5516108656458516,0.8753045082809408,0.7003669731294269
KLAC,0.48099716281871946,0.6549872615395089,0.6142754257378165,0.4968104065894975,True,True,69,74,1.0518169779419486,1.2961024240152776,1.515613699534509,0.12159156160822507,-1.394022137926284,1.6372052611427341,-2.909635837460793,3.1528189606772434,0.8165933778681097,0.6657475292776766
