,mae,mae_main_etf,r2_score,r2_score_main_etf,chisquare_normal,chisquare_normal_main_etf,n_days_error_bt_mae,n_days_error_bt_main_etf_mae,mean_abs_diff_when_bt_mae,mean_abs_diff_when_bt_main_etf_mae,stock_std,mean,lower_sigma,upper_sigma,lower_two_sigma,upper_two_sigma,r2_score_full,r2_score_main_etf_full
AMAT,0.4534092732767907,0.6040849514541635,0.7674582825222818,0.6333363709349105,True,True,71,73,0.9331470900089629,1.2546041280792815,1.6914536148849617,0.14761486741953445,-1.5438387474654274,1.839068482304496,-3.235292362350389,3.5305220971894578,0.8721243107219719,0.7007516855986049
KLAC,0.47862449140920243,0.6556711462258626,0.6147151126191008,0.49665018322817034,True,True,68,74,1.0602015396723807,1.2961023379348162,1.516474359806084,0.12308308968741523,-1.3933912701186686,1.6395574494934992,-2.9098656299247527,3.156031809299583,0.8168405536919671,0.6657987503219109
LRCX,0.39969169937573484,0.6204224706252269,0.7795577630406195,0.5619854308786756,True,True,74,83,0.7988231908366212,1.164540256198854,1.6962584604040476,0.16142964035122806,-1.5348288200528195,1.8576881007552757,-3.231087280456867,3.5539465611593233,0.875306083757792,0.6999563182997355
