,mae,mae_main_etf,r2_score,r2_score_main_etf,chisquare_normal,chisquare_normal_main_etf,n_days_error_bt_mae,n_days_error_bt_main_etf_mae,mean_abs_diff_when_bt_mae,mean_abs_diff_when_bt_main_etf_mae,stock_std,mean,lower_sigma,upper_sigma,lower_two_sigma,upper_two_sigma,r2_score_full,r2_score_main_etf_full
KLAC,0.4770142406059806,0.6498020207942619,0.6139719347786532,0.502126295075129,True,True,68,75,1.06112520138276,1.2767007875848662,1.5107947031801952,0.11940064980102258,-1.3913940533791727,1.6301953529812176,-2.902188756559368,3.140990056161413,0.8163744540502955,0.6633403088600334
LRCX,0.3981552098366141,0.6088510583868352,0.7776631132990223,0.5735413022561364,True,True,75,83,0.795413173004424,1.148636688460901,1.6901288239741394,0.15951644834417528,-1.530612375629964,1.8496452723183148,-3.2207411996041038,3.539774096292454,0.8745053154617448,0.6970324854351762
AMAT,0.4772114083509296,0.6189560306786837,0.7305129363976133,0.6217193495263557,True,True,70,71,1.0153186878314893,1.3236748620676773,1.6879356429201595,0.1472119069515287,-1.5407237359686308,1.8351475498716883,-3.2286593788887905,3.5230831927918476,0.870751196828311,0.6962872226337538
