,mae,mae_main_etf,r2_score,r2_score_main_etf,chisquare_normal,chisquare_normal_main_etf,n_days_error_bt_mae,n_days_error_bt_main_etf_mae,mean_abs_diff_when_bt_mae,mean_abs_diff_when_bt_main_etf_mae,stock_std,mean,lower_sigma,upper_sigma,lower_two_sigma,upper_two_sigma,r2_score_full,r2_score_main_etf_full
AMAT,0.47721140838264064,0.6189560306787972,0.7305129363749683,0.621719349526192,True,True,70,71,1.0153186878912384,1.323674862068012,1.6879356429201597,0.1472119069515287,-1.540723735968631,1.8351475498716885,-3.228659378888791,3.523083192791848,0.870751196828311,0.6962872226337546
KLAC,0.477014240605924,0.6498020207943186,0.6139719347786989,0.5021262950752696,True,True,68,75,1.061125201382662,1.2767007875844303,1.5107947031801952,0.11940064980102258,-1.3913940533791727,1.6301953529812176,-2.902188756559368,3.140990056161413,0.8163744540502962,0.663340308860034
LRCX,0.3981552098356893,0.6088510583890261,0.7776631132987571,0.5735413022537523,True,True,75,83,0.7954131730058139,1.148636688464082,1.6901288239741394,0.1595164483441753,-1.530612375629964,1.8496452723183148,-3.2207411996041038,3.539774096292454,0.8745053154617455,0.6970324854351768
