,mae,mae_main_etf,r2_score,r2_score_main_etf,chisquare_normal,chisquare_normal_main_etf,n_days_error_bt_mae,n_days_error_bt_main_etf_mae,mean_abs_diff_when_bt_mae,mean_abs_diff_when_bt_main_etf_mae,stock_std,mean,lower_sigma,upper_sigma,lower_two_sigma,upper_two_sigma,r2_score_full,r2_score_main_etf_full
AMAT,0.4742836275137522,0.6232591636465737,0.7331990096200879,0.6182492041926242,True,True,71,73,1.0012254167727501,1.3108943452188389,1.6904196218530005,0.15193908190824487,-1.5384805399447556,1.8423587037612454,-3.2289001617977564,3.5327783256142458,0.8707174541855993,0.6964904912091225
LRCX,0.3900511276549912,0.6038306738752903,0.7788865230514902,0.5692240660271441,True,True,74,83,0.7954184893704592,1.1532217179098432,1.688077000747311,0.16144867000513904,-1.526628330742172,1.84952567075245,-3.214705331489483,3.537602671499761,0.8750344793302044,0.6970751745147563
KLAC,0.46882879799984783,0.6503041805931989,0.6146018815855612,0.49277878891265947,True,True,71,76,1.0208400585614208,1.2784043446721276,1.5081272046143923,0.12259565661052083,-1.3855315480038715,1.6307228612249132,-2.893658752618264,3.1388500658393053,0.8166148576110571,0.6624972696839673
