,mae,mae_main_etf,r2_score,r2_score_main_etf,chisquare_normal,chisquare_normal_main_etf,n_days_error_bt_mae,n_days_error_bt_main_etf_mae,mean_abs_diff_when_bt_mae,mean_abs_diff_when_bt_main_etf_mae,stock_std,mean,lower_sigma,upper_sigma,lower_two_sigma,upper_two_sigma,r2_score_full,r2_score_main_etf_full
KLAC,0.47827394497624853,0.6602845961566505,0.6150473288260517,0.49277840025023434,True,True,68,75,1.0598644110217421,1.296738354853403,1.5175625410111195,0.12327844360859641,-1.3942840974025232,1.6408409846197158,-2.9118466384136426,3.1584035256308356,0.8169053710308014,0.6658982387433867
AMAT,0.4537690009540955,0.6088450802022098,0.7672797618324614,0.6307964275587489,True,True,71,73,0.9336431594741615,1.2614558957374074,1.6924540132864183,0.1486482126094547,-1.5438058006769637,1.841102225895873,-3.236259813963382,3.5335562391822912,0.8720999468838581,0.700657205547214
LRCX,0.4000143300774742,0.6232823539907416,0.7799424404592892,0.561092474474862,True,True,74,82,0.7988893538914225,1.1746811422784431,1.697429212176515,0.16190937980285128,-1.5355198323736639,1.8593385919793664,-3.2329490445501787,3.5567678041558817,0.8753359419114944,0.6999737539046045
