,mae,mae_main_etf,r2_score,r2_score_main_etf,chisquare_normal,chisquare_normal_main_etf,n_days_error_bt_mae,n_days_error_bt_main_etf_mae,mean_abs_diff_when_bt_mae,mean_abs_diff_when_bt_main_etf_mae,stock_std,mean,lower_sigma,upper_sigma,lower_two_sigma,upper_two_sigma,r2_score_full,r2_score_main_etf_full
AMAT,0.4711438225343414,0.6249551700147817,0.73450234315784,0.617383217397685,True,True,71,74,0.9969097754325468,1.303929070652881,1.6890436705517715,0.15614146249669963,-1.5329022080550718,1.8451851330484712,-3.2219458786068436,3.5342288036002425,0.8711347265056371,0.6937767092131808
KLAC,0.46350388149878063,0.6508530380965707,0.6136758487887195,0.48621090152491553,True,True,72,77,1.0092984589841234,1.277299101737015,1.5052913923077662,0.1257889408705281,-1.379502451437238,1.6310803331782944,-2.8847938437450042,3.1363717254860606,0.8166877972907391,0.658281361331742
LRCX,0.39174759762253886,0.6074711368184842,0.7739874697316464,0.5645027129440237,True,True,72,85,0.8198558812101862,1.1515963070314634,1.6845552788219034,0.16453805412195602,-1.5200172246999473,1.8490933329438595,-3.2045725035218506,3.533648611765763,0.874309452991492,0.6917286981491018
