,mae,mae_main_etf,r2_score,r2_score_main_etf,chisquare_normal,chisquare_normal_main_etf,n_days_error_bt_mae,n_days_error_bt_main_etf_mae,mean_abs_diff_when_bt_mae,mean_abs_diff_when_bt_main_etf_mae,stock_std,mean,lower_sigma,upper_sigma,lower_two_sigma,upper_two_sigma,r2_score_full,r2_score_main_etf_full
LRCX,0.396621053487682,0.6145209949139138,0.7739649450423817,0.5564907357557873,True,True,73,85,0.8196313336398554,1.1653485697716692,1.6866657663807887,0.16403362397019516,-1.5226321424105935,1.8506993903509839,-3.209297908791382,3.5373651567317728,0.8740377974770488,0.6925624798211407
AMAT,0.47175422588331534,0.6288832569093965,0.7356275540384924,0.6172100804342027,True,True,71,75,0.9983161821875328,1.3010935718216696,1.6902619215985868,0.15493069975145338,-1.5353312218471333,1.8451926213500403,-3.22559314344572,3.535454542948627,0.870894077109285,0.6949874078862465
KLAC,0.4676203725006264,0.6560819483202437,0.6155919189610204,0.485713585708316,True,True,72,76,1.0090233052841509,1.2946980294675832,1.5073358145290108,0.1255283732773941,-1.3818074412516166,1.632864187806405,-2.8891432557806276,3.1402000023354155,0.8162482735030743,0.6587864412976902
