,mae,mae_main_etf,r2_score,r2_score_main_etf,chisquare_normal,chisquare_normal_main_etf,n_days_error_bt_mae,n_days_error_bt_main_etf_mae,mean_abs_diff_when_bt_mae,mean_abs_diff_when_bt_main_etf_mae,stock_std,mean,lower_sigma,upper_sigma,lower_two_sigma,upper_two_sigma,r2_score_full,r2_score_main_etf_full
LRCX,0.3945724820594394,0.6128024516728692,0.7740011015236818,0.5551659539058331,True,True,72,85,0.8217922765073826,1.165058213766427,1.6855253528797292,0.1635751499264392,-1.5219502029532899,1.8491005028061684,-3.2074755558330192,3.5346258556858974,0.8740162281532066,0.6948189407219928
AMAT,0.469239844590248,0.6263215769481751,0.7338729011405905,0.6139669667675628,True,True,70,74,1.0015255548446933,1.3078698482216518,1.689080460272004,0.15468521089479428,-1.5343952493772097,1.8437656711667982,-3.2234757096492137,3.532846131438802,0.8708398647385382,0.6962818229356911
KLAC,0.4664003596805876,0.6541147936719838,0.6127547344289306,0.4818656972878419,True,True,72,76,1.0087564382772234,1.2946907487158015,1.5063014944602104,0.12515899527567043,-1.38114249918454,1.6314604897358809,-2.8874439936447507,3.137761984196091,0.8162460242311574,0.6590317254791269
