,mae,mae_main_etf,r2_score,r2_score_main_etf,chisquare_normal,chisquare_normal_main_etf,n_days_error_bt_mae,n_days_error_bt_main_etf_mae,mean_abs_diff_when_bt_mae,mean_abs_diff_when_bt_main_etf_mae,stock_std,mean,lower_sigma,upper_sigma,lower_two_sigma,upper_two_sigma,r2_score_full,r2_score_main_etf_full
LRCX,0.3917475976402496,0.6074711368174938,0.7739874697273441,0.5645027129452025,True,True,72,85,0.8198558812187837,1.1515963070298967,1.6845552788219034,0.16453805412195602,-1.5200172246999473,1.8490933329438595,-3.2045725035218506,3.533648611765763,0.8743094529914912,0.6917286981491024
AMAT,0.4711438225451784,0.6249551700147817,0.734502343149926,0.617383217397689,True,True,71,74,0.9969097754539675,1.3039290706528774,1.6890436705517715,0.15614146249669963,-1.5329022080550718,1.8451851330484712,-3.2219458786068436,3.5342288036002425,0.8711347265056368,0.6937767092131797
KLAC,0.46350388149882893,0.650853038096917,0.6136758487886782,0.48621090152486257,True,True,72,77,1.0092984589842031,1.2772991017369966,1.5052913923077662,0.12578894087052808,-1.379502451437238,1.6310803331782944,-2.8847938437450042,3.1363717254860606,0.8166877972907393,0.6582813613317421
