,mae,mae_main_etf,r2_score,r2_score_main_etf,chisquare_normal,chisquare_normal_main_etf,n_days_error_bt_mae,n_days_error_bt_main_etf_mae,mean_abs_diff_when_bt_mae,mean_abs_diff_when_bt_main_etf_mae,stock_std,mean,lower_sigma,upper_sigma,lower_two_sigma,upper_two_sigma,r2_score_full,r2_score_main_etf_full
KLAC,0.48092361623648444,0.6542429857667584,0.6130503998297345,0.49561428829380805,True,True,69,75,1.053418952328846,1.2875213013641915,1.5145538424405256,0.12326740680371245,-1.391286435636813,1.637821249244238,-2.905840278077339,3.1523750916847635,0.8165296028238177,0.665597887341043
AMAT,0.4492503578105028,0.5968015165250536,0.7676362492186034,0.6354457172955836,True,True,71,74,0.9328361941761507,1.238690080769682,1.6899425377221644,0.14955466707377005,-1.5403878706483944,1.8394972047959344,-3.2303304083705586,3.529439742518099,0.8722601310152363,0.7010892291126887
LRCX,0.39839138607685043,0.6145920258492096,0.776937573157127,0.5617930595466386,True,True,74,84,0.800048248290262,1.1489710556218724,1.6941437440955702,0.162409145612503,-1.5317345984830673,1.8565528897080732,-3.2258783425786373,3.5506966338036436,0.8750556959774531,0.699890242746319
