,mae,mae_main_etf,r2_score,r2_score_main_etf,chisquare_normal,chisquare_normal_main_etf,n_days_error_bt_mae,n_days_error_bt_main_etf_mae,mean_abs_diff_when_bt_mae,mean_abs_diff_when_bt_main_etf_mae,stock_std,mean,lower_sigma,upper_sigma,lower_two_sigma,upper_two_sigma,r2_score_full,r2_score_main_etf_full
KLAC,0.4792290290275974,0.655252214833912,0.6120424752233349,0.49316099551882453,True,True,69,74,1.0533813567519954,1.2950255596894715,1.5114427832544282,0.12258005388786598,-1.388862729366562,1.6340228371422942,-2.9003055126209905,3.145465620396722,0.8164283371700444,0.6629242573025498
AMAT,0.4739565004809389,0.6191298479214162,0.7289187963755558,0.618003411321654,True,True,69,72,1.0198680378863012,1.3142603493600673,1.6877957621158322,0.15117642027530948,-1.5366193418405227,1.8389721823911416,-3.2244151039563547,3.526767944506974,0.8711728208532115,0.6983091592626214
LRCX,0.3995657260393641,0.6204678280766687,0.7754583051949806,0.554789539330079,True,True,75,84,0.7975714925063325,1.1607091013425115,1.6908149155376735,0.1635532205347145,-1.527261695002959,1.854368136072388,-3.2180766105406327,3.5451830516100613,0.8744653479127962,0.6971244712531723
