,mae,mae_main_etf,r2_score,r2_score_main_etf,shapiro_normal,pearson_normal,ks_normal,chisquare_normal,shapiro_normal_main_etf,pearson_normal_main_etf,ks_normal_main_etf,chisquare_normal_main_etf,n_days_error_bt_mae,n_days_error_bt_main_etf_mae,mean_abs_diff_when_bt_mae,mean_abs_diff_when_bt_main_etf_mae,stock_std,mean,lower_sigma,upper_sigma,lower_two_sigma,upper_two_sigma,r2_score_full,r2_score_main_etf_full
KLAC,0.5377084997060295,0.6828765180930138,0.5255801211183079,0.4732804845934667,False,False,False,False,False,False,False,True,62,72,1.23936724719023,1.340387981549971,1.524753842754464,0.14018539522576995,-1.3845684475286941,1.664939237980234,-2.909322290283158,3.189693080734698,0.8030962330654535,0.6575837229072864
AMAT,0.49306743381328905,0.6334045687346878,0.6617324101212012,0.606761308103044,False,False,False,True,False,False,False,True,65,72,1.0967746641130014,1.2960402284135364,1.6983099324932134,0.171058744920895,-1.5272511875723183,1.8693686774141085,-3.2255611200655316,3.567678609907322,0.8582628012960027,0.6965372441017756
LRCX,0.4470721201079583,0.6556443981765993,0.6827944868750617,0.5370033729901078,False,False,False,True,False,False,False,True,66,81,0.9716243579676043,1.205702671358431,1.708694137136466,0.18306023759269138,-1.5256338995437746,1.8917543747291572,-3.2343280366802403,3.6004485118656233,0.8649655567602885,0.6982973834128032
