,mae,mae_main_etf,r2_score,r2_score_main_etf,chisquare_normal,chisquare_normal_main_etf,n_days_error_bt_mae,n_days_error_bt_main_etf_mae,mean_abs_diff_when_bt_mae,mean_abs_diff_when_bt_main_etf_mae,stock_std,mean,lower_sigma,upper_sigma,lower_two_sigma,upper_two_sigma,r2_score_full,r2_score_main_etf_full
AMAT,0.4739565004912417,0.6191298479212305,0.7289187963681203,0.6180034113220244,True,True,69,72,1.019868037905487,1.3142603493594516,1.687795762115832,0.1511764202753095,-1.5366193418405225,1.8389721823911414,-3.2244151039563542,3.5267679445069735,0.8711728208532111,0.6983091592626214
KLAC,0.47922902902741216,0.6552522148340577,0.6120424752234881,0.49316099551898174,True,True,69,74,1.0533813567516572,1.2950255596887283,1.5114427832544282,0.122580053887866,-1.388862729366562,1.6340228371422942,-2.9003055126209905,3.145465620396722,0.8164283371700456,0.6629242573025502
LRCX,0.3995657260386445,0.6204678280738849,0.7754583051943347,0.5547895393332303,True,True,75,84,0.7975714925081254,1.1607091013382949,1.690814915537673,0.16355322053471452,-1.5272616950029585,1.8543681360723876,-3.2180766105406318,3.5451830516100604,0.8744653479127968,0.6971244712531715
