,mae,mae_main_etf,r2_score,r2_score_main_etf,chisquare_normal,chisquare_normal_main_etf,n_days_error_bt_mae,n_days_error_bt_main_etf_mae,mean_abs_diff_when_bt_mae,mean_abs_diff_when_bt_main_etf_mae,stock_std,mean,lower_sigma,upper_sigma,lower_two_sigma,upper_two_sigma,r2_score_full,r2_score_main_etf_full
NXE,0.8224654391287637,0.9228993356916007,0.54616254038232,0.44449989522301414,True,True,54,59,1.5365286559789608,1.6476885272555173,2.3572712180598603,0.45460509158637324,-1.902666126473487,2.8118763096462334,-4.2599373445333475,5.169147527706094,0.4048331641337458,0.329811674777702
