,mae,mae_main_etf,r2_score,r2_score_main_etf,chisquare_normal,chisquare_normal_main_etf,n_days_error_bt_mae,n_days_error_bt_main_etf_mae,mean_abs_diff_when_bt_mae,mean_abs_diff_when_bt_main_etf_mae,stock_std,mean,lower_sigma,upper_sigma,lower_two_sigma,upper_two_sigma,r2_score_full,r2_score_main_etf_full
NXE,0.8288370746599226,0.9253662818024635,0.5375288408994108,0.4355304115280173,True,True,53,59,1.5516874915737462,1.651728972758669,2.3589571963447327,0.4612209521074336,-1.8977362442372991,2.8201781484521664,-4.256693440582032,5.179135344796899,0.40293123075108805,0.32833114028490507
