,mae,mae_main_etf,r2_score,r2_score_main_etf,chisquare_normal,chisquare_normal_main_etf,n_days_error_bt_mae,n_days_error_bt_main_etf_mae,mean_abs_diff_when_bt_mae,mean_abs_diff_when_bt_main_etf_mae,stock_std,mean,lower_sigma,upper_sigma,lower_two_sigma,upper_two_sigma,r2_score_full,r2_score_main_etf_full
NXE,0.8359483637579709,0.9320033084029836,0.5415696722173302,0.44325125868351456,True,True,53,59,1.5717481689166466,1.6648398888159535,2.361542056333356,0.4618228662706902,-1.8997191900626655,2.823364922604046,-4.261261246396021,5.184906978937402,0.40337218637746497,0.3284861891495727
