,mae,mae_main_etf,r2_score,r2_score_main_etf,chisquare_normal,chisquare_normal_main_etf,n_days_error_bt_mae,n_days_error_bt_main_etf_mae,mean_abs_diff_when_bt_mae,mean_abs_diff_when_bt_main_etf_mae,stock_std,mean,lower_sigma,upper_sigma,lower_two_sigma,upper_two_sigma,r2_score_full,r2_score_main_etf_full
NXE,0.8346905628075688,0.9360459242878124,0.54165014203329,0.4422609936783437,True,True,53,59,1.571636994814262,1.6637636005451721,2.3638527401754996,0.46364563397829167,-1.900207106197208,2.8274983741537913,-4.2640598463727075,5.191351114329291,0.4032497445293587,0.3282765751773302
