,mae,mae_main_etf,r2_score,r2_score_main_etf,shapiro_normal,pearson_normal,ks_normal,chisquare_normal,shapiro_normal_main_etf,pearson_normal_main_etf,ks_normal_main_etf,chisquare_normal_main_etf,n_days_error_bt_mae,n_days_error_bt_main_etf_mae,mean_abs_diff_when_bt_mae,mean_abs_diff_when_bt_main_etf_mae,stock_std,mean,lower_sigma,upper_sigma,lower_two_sigma,upper_two_sigma,r2_score_full,r2_score_main_etf_full
CENX,1.2896018253519628,1.3674391348154498,0.2781693292871076,0.26613734532237177,False,False,False,True,False,False,False,True,45,47,2.3971465038203252,2.491362573014638,1.9744705569516554,0.1936004622154523,-1.780870094736203,2.1680710191671078,-3.7553406516878587,4.142541576118763,,
AA,0.9239384726045592,1.0622299564519868,0.4844356141414765,0.40983971740135683,False,False,False,True,False,False,False,True,52,56,1.663842282927577,1.7732252284257808,2.1194360509648327,0.15149047428319204,-1.9679455766816407,2.270926525248025,-4.087381627646473,4.3903625762128575,0.7424156027624279,0.32059843443463343
