,mae,mae_main_etf,r2_score,r2_score_main_etf,chisquare_normal,chisquare_normal_main_etf,n_days_error_bt_mae,n_days_error_bt_main_etf_mae,mean_abs_diff_when_bt_mae,mean_abs_diff_when_bt_main_etf_mae,stock_std,mean,lower_sigma,upper_sigma,lower_two_sigma,upper_two_sigma,r2_score_full,r2_score_main_etf_full
AA,0.9998349954092076,1.2390060774917184,0.508102096658976,0.30574685166872184,True,True,81,91,1.9224623730783668,2.1776608636326564,2.1234699773539756,0.16109354938922943,-1.9623764279647462,2.284563526743205,-4.085846405318722,4.4080335040971805,0.7435609227761357,0.32052469100894243
CENX,1.1856741968697222,1.4455700210810567,0.43864662564688384,0.2146387516958197,True,True,84,91,2.15168000661775,2.5025585157153976,1.9826577395089522,0.1827291468572489,-1.7999285926517032,2.165386886366201,-3.7825863321606557,4.148044625875153,0.6659955345796668,0.275218771041135
