,mae,mae_main_etf,r2_score,r2_score_main_etf,shapiro_normal,pearson_normal,ks_normal,chisquare_normal,shapiro_normal_main_etf,pearson_normal_main_etf,ks_normal_main_etf,chisquare_normal_main_etf,n_days_error_bt_mae,n_days_error_bt_main_etf_mae,mean_abs_diff_when_bt_mae,mean_abs_diff_when_bt_main_etf_mae,stock_std,mean,lower_sigma,upper_sigma,lower_two_sigma,upper_two_sigma,r2_score_full,r2_score_main_etf_full
AA,1.081397442980749,1.255452870190527,0.3974057810021506,0.2564968340725483,False,False,False,False,False,False,False,False,74,86,2.122244944431459,2.2276369335264476,2.1207932319992304,0.15861219672695812,-1.9621810352722724,2.2794054287261885,-4.082974267271503,4.400198660725419,0.7402145374047406,0.3120957793545708
CENX,1.2954667926295511,1.4358826442602513,0.271692385802757,0.21480070163987997,False,False,False,False,False,False,False,True,78,84,2.4123094123979527,2.514716866172246,1.9740562093636371,0.19179931873526823,-1.782256890628369,2.1658555280989056,-3.7563130999920062,4.139911737462542,0.6407475436277568,0.27765372976124647
