,mae,mae_main_etf,r2_score,r2_score_main_etf,shapiro_normal,pearson_normal,ks_normal,chisquare_normal,shapiro_normal_main_etf,pearson_normal_main_etf,ks_normal_main_etf,chisquare_normal_main_etf,n_days_error_bt_mae,n_days_error_bt_main_etf_mae,mean_abs_diff_when_bt_mae,mean_abs_diff_when_bt_main_etf_mae,stock_std,mean,lower_sigma,upper_sigma,lower_two_sigma,upper_two_sigma,r2_score_full,r2_score_main_etf_full
AA,1.0851288717027392,1.2613692746780187,0.39599586267967335,0.25394883477323815,False,False,False,False,False,False,False,False,74,87,2.1222472143009563,2.2182061669569246,2.113537750678159,0.1442288565471683,-1.9693088941309909,2.2577666072253275,-4.08284664480915,4.371304357903487,0.7411758514443156,0.3128170923672676
CENX,1.3027993391464987,1.4440671976007897,0.2709507463198265,0.21313292609962542,False,False,False,False,False,False,False,True,79,84,2.4015887275139476,2.5196676163409935,1.9907554278948374,0.20044163040325497,-1.7903137974915824,2.1911970582980924,-3.7810692253864198,4.181952486192929,0.639395199200016,0.2773472247723838
