,mae,mae_main_etf,r2_score,r2_score_main_etf,shapiro_normal,pearson_normal,ks_normal,chisquare_normal,shapiro_normal_main_etf,pearson_normal_main_etf,ks_normal_main_etf,chisquare_normal_main_etf,n_days_error_bt_mae,n_days_error_bt_main_etf_mae,mean_abs_diff_when_bt_mae,mean_abs_diff_when_bt_main_etf_mae,stock_std,mean,lower_sigma,upper_sigma,lower_two_sigma,upper_two_sigma,r2_score_full,r2_score_main_etf_full
AA,1.086040902577079,1.2444486162179567,0.40331364759252786,0.2763375721453214,False,False,False,False,False,False,False,False,74,85,2.1434907484521055,2.2342834315006592,2.125847441050757,0.15505382857128128,-1.9707936124794758,2.2809012696220385,-4.096641053530233,4.406748710672796,0.7400954529732632,0.324637606856225
CENX,1.2993091995084107,1.4311588468033456,0.2780459889488208,0.22352283480496404,False,False,False,False,False,False,False,True,79,87,2.401959953345771,2.4816647587909015,1.9774057504433133,0.1888736698936913,-1.788532080549622,2.1662794203370046,-3.7659378309929354,4.143685170780318,0.6417342992965198,0.283479012967097
