,mae,mae_main_etf,r2_score,r2_score_main_etf,chisquare_normal,chisquare_normal_main_etf,n_days_error_bt_mae,n_days_error_bt_main_etf_mae,mean_abs_diff_when_bt_mae,mean_abs_diff_when_bt_main_etf_mae,stock_std,mean,lower_sigma,upper_sigma,lower_two_sigma,upper_two_sigma,r2_score_full,r2_score_main_etf_full
AA,1.010842387634614,1.2318955797359399,0.5048274266739069,0.3113163007795553,True,True,82,92,1.9195984740482042,2.1568822602369027,2.121461429066014,0.15839203347722883,-1.963069395588785,2.2798534625432425,-4.084530824654799,4.401314891609257,0.7372326740958461,0.3166784078790422
CENX,1.1904807004648559,1.4551832556941766,0.43702578132531966,0.21771185435600016,True,True,85,90,2.1487271485808583,2.5139008731770622,1.9771583042285283,0.18780194189902946,-1.7893563623294988,2.1649602461275577,-3.7665146665580274,4.142118550356086,0.6594705324301203,0.27252210805242383
