,mae,mae_main_etf,r2_score,r2_score_main_etf,chisquare_normal,chisquare_normal_main_etf,n_days_error_bt_mae,n_days_error_bt_main_etf_mae,mean_abs_diff_when_bt_mae,mean_abs_diff_when_bt_main_etf_mae,stock_std,mean,lower_sigma,upper_sigma,lower_two_sigma,upper_two_sigma,r2_score_full,r2_score_main_etf_full
CENX,1.2062209525883307,1.4429303464952918,0.42270032495767496,0.2253289360148083,True,True,83,88,2.189990737065239,2.5070921275217377,1.9787319594615362,0.1661378695841373,-1.812594089877399,2.1448698290456734,-3.7913260493389354,4.12360178850721,0.6642484345364432,0.28067553074606766
AA,1.027962855959024,1.2328945166371992,0.48237399881609255,0.30553335873347487,True,True,82,91,1.9595511766401446,2.1638199224433743,2.114311947210406,0.1403826863674625,-1.9739292608429435,2.2546946335778686,-4.08824120805335,4.369006580788274,0.7477804271466137,0.32484904076587007
