,mae,mae_main_etf,r2_score,r2_score_main_etf,chisquare_normal,chisquare_normal_main_etf,n_days_error_bt_mae,n_days_error_bt_main_etf_mae,mean_abs_diff_when_bt_mae,mean_abs_diff_when_bt_main_etf_mae,stock_std,mean,lower_sigma,upper_sigma,lower_two_sigma,upper_two_sigma,r2_score_full,r2_score_main_etf_full
AA,1.0108423876345864,1.2318955797355662,0.5048274266738986,0.3113163007797164,True,True,82,92,1.919598474048196,2.1568822602366295,2.121461429066014,0.15839203347722888,-1.963069395588785,2.279853462543243,-4.084530824654799,4.401314891609257,0.7372326740958457,0.3166784078790419
CENX,1.1904807004648235,1.4551832556941742,0.4370257813253352,0.2177118543560097,True,True,85,90,2.1487271485808073,2.5139008731770436,1.9771583042285283,0.1878019418990294,-1.789356362329499,2.1649602461275577,-3.7665146665580274,4.142118550356086,0.6594705324301202,0.27252210805242416
