,mae,mae_main_etf,r2_score,r2_score_main_etf,chisquare_normal,chisquare_normal_main_etf,n_days_error_bt_mae,n_days_error_bt_main_etf_mae,mean_abs_diff_when_bt_mae,mean_abs_diff_when_bt_main_etf_mae,stock_std,mean,lower_sigma,upper_sigma,lower_two_sigma,upper_two_sigma,r2_score_full,r2_score_main_etf_full
AA,1.001419318426232,1.244059977517878,0.5113396181432548,0.3060278352202097,True,True,80,92,1.9322986248534604,2.178351875860021,2.1325099972799184,0.1722226194115556,-1.960287377868363,2.304732616691474,-4.092797375148281,4.437242613971392,0.7436775302587721,0.31910406401909697
CENX,1.188027700841789,1.458596213835013,0.44383834145253087,0.21343954755750316,True,True,84,90,2.1541204597370593,2.5320205741028428,1.9838372880316626,0.18160348777990357,-1.802233800251759,2.1654407758115664,-3.7860710882834216,4.149278063843229,0.6659741751110396,0.2750361052559036
