,mae,mae_main_etf,r2_score,r2_score_main_etf,chisquare_normal,chisquare_normal_main_etf,n_days_error_bt_mae,n_days_error_bt_main_etf_mae,mean_abs_diff_when_bt_mae,mean_abs_diff_when_bt_main_etf_mae,stock_std,mean,lower_sigma,upper_sigma,lower_two_sigma,upper_two_sigma,r2_score_full,r2_score_main_etf_full
AA,1.0757757210206529,1.2617659595844593,0.4389171651538002,0.26883189891281445,True,False,78,89,2.101387253658945,2.253221332130971,2.1105076790368407,0.148490560375883,-1.9620171186609576,2.2589982394127235,-4.072524797697798,4.369505918449565,0.7456570240226977,0.3210275875048364
CENX,1.2193284275005438,1.4293050805989913,0.40180199037405806,0.21714955185204132,True,True,82,88,2.2055767825220993,2.485886521558382,1.9725466684481352,0.17767314636512532,-1.7948735220830099,2.1502198148132603,-3.767420190531145,4.122766483261396,0.6605705861800224,0.2769429429425546
