,mae,mae_main_etf,r2_score,r2_score_main_etf,chisquare_normal,chisquare_normal_main_etf,n_days_error_bt_mae,n_days_error_bt_main_etf_mae,mean_abs_diff_when_bt_mae,mean_abs_diff_when_bt_main_etf_mae,stock_std,mean,lower_sigma,upper_sigma,lower_two_sigma,upper_two_sigma,r2_score_full,r2_score_main_etf_full
AA,1.0714864547877343,1.2687627116336249,0.4473457258089163,0.26804120812983245,True,False,79,90,2.0756106588851244,2.2512639478166383,2.115539465884134,0.155549300611581,-1.9599901652725529,2.271088766495715,-4.075529631156687,4.386628232379849,0.7479177382998194,0.3242902179304076
CENX,1.2175958552426478,1.4301962005451025,0.40535116786084546,0.21689961188215268,True,True,82,88,2.1980385278686025,2.485922493357634,1.9729665079212166,0.18006204380114949,-1.792904464120067,2.153028551722366,-3.765870972041284,4.125995059643583,0.6618441638418726,0.2767052924553127
