,mae,mae_main_etf,r2_score,r2_score_main_etf,chisquare_normal,chisquare_normal_main_etf,n_days_error_bt_mae,n_days_error_bt_main_etf_mae,mean_abs_diff_when_bt_mae,mean_abs_diff_when_bt_main_etf_mae,stock_std,mean,lower_sigma,upper_sigma,lower_two_sigma,upper_two_sigma,r2_score_full,r2_score_main_etf_full
AA,1.010842387634574,1.2318955797357756,0.5048274266738937,0.31131630077962613,True,True,82,92,1.9195984740481944,2.1568822602367828,2.121461429066014,0.15839203347722883,-1.963069395588785,2.2798534625432425,-4.084530824654799,4.401314891609257,0.7372326740958459,0.3166784078790418
CENX,1.1904807004648703,1.4551832556941562,0.4370257813253099,0.21771185435607354,True,True,85,90,2.1487271485808743,2.513900873176921,1.9771583042285283,0.18780194189902946,-1.7893563623294988,2.1649602461275577,-3.7665146665580274,4.142118550356086,0.6594705324301211,0.27252210805242394
