,mae,mae_main_etf,r2_score,r2_score_main_etf,chisquare_normal,chisquare_normal_main_etf,n_days_error_bt_mae,n_days_error_bt_main_etf_mae,mean_abs_diff_when_bt_mae,mean_abs_diff_when_bt_main_etf_mae,stock_std,mean,lower_sigma,upper_sigma,lower_two_sigma,upper_two_sigma,r2_score_full,r2_score_main_etf_full
AA,1.0015745043062614,1.2363836895370492,0.5072619632757365,0.3084586307120224,True,True,80,92,1.9322986248534684,2.160344723417997,2.1231497924594107,0.15643675238530544,-1.9667130400741053,2.279586544844716,-4.089862832533516,4.402736337304127,0.7433018780902891,0.3220348617097295
CENX,1.188309887857896,1.4504823278539234,0.43853578733079646,0.21467750109229755,True,True,84,89,2.1541204597370607,2.5244805614549493,1.9811052694336553,0.1767838869351743,-1.804321382498481,2.1578891563688294,-3.7854266519321365,4.138994425802485,0.665284671766047,0.27610673519393836
