,mae,mae_main_etf,r2_score,r2_score_main_etf,chisquare_normal,chisquare_normal_main_etf,n_days_error_bt_mae,n_days_error_bt_main_etf_mae,mean_abs_diff_when_bt_mae,mean_abs_diff_when_bt_main_etf_mae,stock_std,mean,lower_sigma,upper_sigma,lower_two_sigma,upper_two_sigma,r2_score_full,r2_score_main_etf_full
AA,1.0084448708214273,1.2258774832290111,0.5008026671236607,0.31361623015031637,True,True,81,92,1.935681893847827,2.146863960222945,2.123608025447471,0.15390849344816857,-1.9696995319993027,2.2775165188956397,-4.093307557446773,4.401124544343111,0.7433266392695037,0.3240247520800309
CENX,1.188376685307987,1.4459348142487074,0.4375368041112686,0.2165374633615419,True,True,84,90,2.154877794781175,2.5065735051604707,1.9818701765601727,0.17488279857558828,-1.8069873779845844,2.156752975135761,-3.7888575545447574,4.138623151695934,0.6652238707343348,0.2774182218893122
