,mae,mae_main_etf,r2_score,r2_score_main_etf,chisquare_normal,chisquare_normal_main_etf,n_days_error_bt_mae,n_days_error_bt_main_etf_mae,mean_abs_diff_when_bt_mae,mean_abs_diff_when_bt_main_etf_mae,stock_std,mean,lower_sigma,upper_sigma,lower_two_sigma,upper_two_sigma,r2_score_full,r2_score_main_etf_full
CENX,1.206220952588357,1.4429303464952272,0.4227003249576592,0.2253289360150117,True,True,83,88,2.18999073706528,2.5070921275213283,1.9787319594615362,0.16613786958413726,-1.812594089877399,2.1448698290456734,-3.7913260493389354,4.12360178850721,0.664248434536443,0.2806755307460679
AA,1.0279628559590492,1.232894516637811,0.4823739988160972,0.3055333587331279,True,True,82,91,1.9595511766401403,2.163819922443997,2.114311947210406,0.14038268636746248,-1.9739292608429435,2.2546946335778686,-4.08824120805335,4.369006580788274,0.7477804271466145,0.32484904076587007
