,mae,mae_main_etf,r2_score,r2_score_main_etf,chisquare_normal,chisquare_normal_main_etf,n_days_error_bt_mae,n_days_error_bt_main_etf_mae,mean_abs_diff_when_bt_mae,mean_abs_diff_when_bt_main_etf_mae,stock_std,mean,lower_sigma,upper_sigma,lower_two_sigma,upper_two_sigma,r2_score_full,r2_score_main_etf_full
CENX,1.210833740431436,1.4354676131999649,0.40337090415411736,0.20725834532360843,True,True,82,87,2.204742545445059,2.5134202456550834,1.9690396124072918,0.1756931874115004,-1.7933464249957913,2.144732799818792,-3.762386037403083,4.1137724122260835,0.660316414884272,0.2720203719189057
AA,1.0330874250155062,1.2336700377337495,0.46637552883355315,0.2865895456340696,True,True,81,91,1.975691584938761,2.1684733948645527,2.1105323247327736,0.15489637982132534,-1.9556359449114482,2.265428704554099,-4.066168269644222,4.375961029286873,0.7465246772560021,0.31963766757281864
