,mae,mae_main_etf,r2_score,r2_score_main_etf,chisquare_normal,chisquare_normal_main_etf,n_days_error_bt_mae,n_days_error_bt_main_etf_mae,mean_abs_diff_when_bt_mae,mean_abs_diff_when_bt_main_etf_mae,stock_std,mean,lower_sigma,upper_sigma,lower_two_sigma,upper_two_sigma,r2_score_full,r2_score_main_etf_full
AA,1.0330874250155258,1.2336700377340226,0.4663755288335514,0.2865895456339195,True,True,81,91,1.9756915849387808,2.1684733948647863,2.1105323247327736,0.15489637982132531,-1.9556359449114482,2.265428704554099,-4.066168269644222,4.375961029286873,0.746524677256001,0.3196376675728183
CENX,1.2108337404313925,1.4354676132000592,0.4033709041541452,0.20725834532337717,True,True,82,87,2.2047425454449883,2.513420245655569,1.9690396124072918,0.17569318741150036,-1.7933464249957913,2.144732799818792,-3.762386037403083,4.1137724122260835,0.6603164148842724,0.2720203719189055
