,mae,mae_main_etf,r2_score,r2_score_main_etf,chisquare_normal,chisquare_normal_main_etf,n_days_error_bt_mae,n_days_error_bt_main_etf_mae,mean_abs_diff_when_bt_mae,mean_abs_diff_when_bt_main_etf_mae,stock_std,mean,lower_sigma,upper_sigma,lower_two_sigma,upper_two_sigma,r2_score_full,r2_score_main_etf_full
CENX,1.2134313093541218,1.4274027097978395,0.40683307303260585,0.2177422008458645,True,True,82,88,2.187292593625836,2.4792236006128188,1.9728460785057806,0.17709526157812402,-1.7957508169276566,2.1499413400839047,-3.7685968954334372,4.122787418589685,0.6626267914300084,0.2773033630732541
AA,1.0705685879132145,1.2689384865250606,0.4463332877449282,0.26855520382471776,True,False,78,90,2.086001098546369,2.2512639478167293,2.1126876212111743,0.14790174404751705,-1.9647858771636573,2.2605893652586913,-4.0774734983748315,4.3732769864698655,0.7469129007181846,0.32110830519536404
