,mae,mae_main_etf,r2_score,r2_score_main_etf,shapiro_normal,pearson_normal,ks_normal,chisquare_normal,shapiro_normal_main_etf,pearson_normal_main_etf,ks_normal_main_etf,chisquare_normal_main_etf,n_days_error_bt_mae,n_days_error_bt_main_etf_mae,mean_abs_diff_when_bt_mae,mean_abs_diff_when_bt_main_etf_mae,stock_std,mean,lower_sigma,upper_sigma,lower_two_sigma,upper_two_sigma,r2_score_full,r2_score_main_etf_full
AA,0.9203874842470364,1.0757163539445713,0.4856623521121092,0.3884284449774491,False,False,False,True,False,False,False,True,51,55,1.6725234639866988,1.8151638261955072,2.1188519117440583,0.14891593143296303,-1.9699359803110952,2.267767843177021,-4.088787892055153,4.38661975492108,0.741912424823892,0.31684008999912705
CENX,1.2961935280015582,1.3781833347332324,0.2881132974028393,0.27501485136653636,False,False,False,True,False,False,False,True,44,46,2.422591874819223,2.5157647190536925,1.9764126695976836,0.18907277070038733,-1.7873398988972962,2.1654854402980708,-3.7637525684949797,4.141898109895754,0.6406985777977829,0.27766004539953104
