,XLE,DBB,KWEB
AA,0.9786076535411471,1.0969092070413178,0.5665111199963724
CENX,0.8541229851474702,1.07943976588963,0.5641220514365064
