,AA,CENX
AA,1,0.7732274145993183
CENX,0.8098984523120301,1
