,XLE,DBB,KWEB
CENX,0.7582067085423434,0.533410185963807,0.5457427113124983
AA,0.8268469800748056,0.5686072674488296,0.565671994107623
