,AA,CENX
AA,1,0.6808476674325435
CENX,0.6963254268714106,1
