,AA,CENX
AA,1,0.6720440857358596
CENX,0.6894664592638344,1
