,XLE,DBB,KWEB
CENX,0.8686229664970924,1.0551948012500665,0.6497747058742692
AA,0.9917478611445725,1.092745155528361,0.6210188384129773
