,CENX,AA
CENX,1,0.6923992896630877
AA,0.6731120098368015,1
