,AA,CENX
AA,1,0.772294940535339
CENX,0.8095599584011524,1
