,AA,CENX
AA,1,0.6718685777223337
CENX,0.6869589778184814,1
