,AA,CENX
AA,1,0.6683194711437421
CENX,0.6866671196297452,1
