,XLE,DBB,KWEB
AA,0.8303412597384706,0.5734732431323017,0.585900103587407
CENX,0.7624565967979311,0.5353618976712003,0.5943178630042506
