,AA,CENX
AA,1,0.7687629396965947
CENX,0.8073322364943989,1
