,XLE,DBB,KWEB
AA,0.8214221553452663,0.5671255107641977,0.590776331888063
CENX,0.7598722319343683,0.5311470623182434,0.5983584973347765
