,AA,CENX
AA,1,0.6664279192411005
CENX,0.6867332178446521,1
