,AA,CENX
AA,1,0.6812995939730819
CENX,0.6959534680918774,1
