,XLE,DBB,KWEB
AA,0.9919062056661372,1.0913938011232704,0.6235360565030406
CENX,0.868666872107871,1.055683511067072,0.6511277853624147
