,AA,CENX
AA,1,0.7696207932582358
CENX,0.8073434111892737,1
