,XLE,DBB,KWEB
CENX,0.7604838650582333,0.5301688879122611,0.59410526369417
AA,0.8284089919466033,0.5691270630794044,0.5852343655051611
