,XLE,DBB,KWEB
AA,0.9905150798710525,1.0934334943533248,0.6193902820673163
CENX,0.8672124693091445,1.0564064598620873,0.6491255744862963
