,AA,CENX
AA,1,0.6700088175694495
CENX,0.689155562180251,1
