,XLE,DBB,KWEB
CENX,0.7624801167771861,0.5356341343660759,0.5950048988616333
AA,0.8301817410396946,0.5704047215488773,0.583994336354278
