,XLE,DBB,KWEB
AA,0.9824693184526849,1.1020653361733745,0.5704224795072845
CENX,0.848805525234631,1.0785881181594474,0.5642197490792729
