,XLE,DBB,KWEB
AA,0.8284089919466031,0.5691270630794046,0.5852343655051605
CENX,0.760483865058233,0.5301688879122609,0.5941052636941695
