,XLE,DBB,KWEB
AA,0.8214221553452662,0.5671255107641975,0.5907763318880626
CENX,0.7598722319343683,0.5311470623182432,0.5983584973347768
