,XLE,DBB,KWEB
AA,0.8214221553452659,0.5671255107641978,0.5907763318880624
CENX,0.7598722319343681,0.5311470623182433,0.5983584973347764
