,AA,CENX
AA,1,0.6700417654332929
CENX,0.6894764560211822,1
