,AA,CENX
AA,1,0.7738009365829703
CENX,0.8102392023510462,1
