,XLE,DBB,KWEB
CENX,0.7635090843016649,0.5374665659065192,0.598014302724842
AA,0.8307114926192669,0.5730932815240543,0.5871941427859518
