,AA,CENX
AA,1,0.6704388490454914
CENX,0.6866865497726344,1
