,AA,CENX
AA,1,0.7667242953636298
CENX,0.80611848136665,1
