,AA,CENX
AA,1,0.6720648122130669
CENX,0.6892281716987462,1
