,XLE,DBB,KWEB
CENX,0.7635090843016646,0.5374665659065193,0.5980143027248418
AA,0.8307114926192677,0.5730932815240544,0.5871941427859517
