,XLE,DBB,KWEB
CENX,0.8695994604152577,1.0535051430146452,0.6543686919240022
AA,0.9901926006809568,1.090340461592253,0.6250012256454782
