,AA,CENX
AA,1,0.7696197010114314
CENX,0.8072818095074272,1
