,XLE,DBB,KWEB
AA,0.9812042722659301,1.113997892698953,0.5691558904121745
CENX,0.8502959020123507,1.0752960574555455,0.5642154098041386
