,AA,CENX
AA,1,0.7732274145993172
CENX,0.8098984523120302,1
