,XLE,DBB,KWEB
AA,0.8263725391204755,0.5715809138877938,0.5884902609459889
CENX,0.7648895712753154,0.533922322005682,0.5967610547897061
