,CENX,AA
CENX,1,0.6858151719632478
AA,0.6686449632857057,1
