,XLE,DBB,KWEB
AA,0.8261959368243714,0.5730710434982245,0.5887282293135725
CENX,0.7647127448800743,0.5348694002756627,0.5968629626635837
