,CENX,AA
CENX,1,0.8057577818042586
AA,0.7686827060894448,1
