,XLE,DBB,KWEB
AA,0.9756214766198512,1.0912690972030406,0.6329443376061399
CENX,0.8569473248856944,1.0447269608433372,0.6564120050924472
