,XLE,DBB,KWEB
AA,0.9907548920233303,1.088532095455002,0.6221683582836952
CENX,0.8661037152101713,1.0426975044786175,0.6482294469079283
