,AA,CENX
AA,1,0.7724477051329312
CENX,0.8096939515288472,1
