,AA,CENX
AA,1,0.6808476674325429
CENX,0.6963254268714109,1
