,XLE,DBB,KWEB
AA,0.826232588942584,0.5699666958788903,0.5923413082192961
CENX,0.7647730158620357,0.5333331070515968,0.5991549899866341
