,XLE,DBB,KWEB
AA,0.8272478541783779,0.5620084422253957,0.5637794726773273
CENX,0.7569996154936164,0.5356586917973895,0.5459423933145792
