,CENX,AA
CENX,1,0.8073157452545487
AA,0.7684718538733353,1
