,AA,CENX
AA,1,0.7733089703457251
CENX,0.8101699544142811,1
