,CENX,AA
CENX,1,0.6894664592638342
AA,0.6720440857358596,1
