,CENX,AA
CENX,1,0.8090383790560677
AA,0.7713539317768722,1
