,XLE,DBB,KWEB
AA,0.9923845282312779,1.100402316357934,0.6241811027424716
CENX,0.8674760092702173,1.0557176989399417,0.6495954482673668
