,AA,CENX
AA,1,0.7686895598629908
CENX,0.8074242208251643,1
