,AA,CENX
AA,1,0.685031970654704
CENX,0.6959339904769939,1
