,XLE,DBB,KWEB
AA,0.8306979470000965,0.5698128600854863,0.5862372179917761
CENX,0.7625405502231027,0.5356067897436699,0.5958143724883062
