,XLE,DBB,KWEB
AA,0.8262630410694443,0.5704410750204383,0.5906244974911199
CENX,0.7647928584560001,0.5334640577038933,0.598499504681118
