,XLE,DBB,KWEB
AA,0.824284930920342,0.5732043838976191,0.5620793376974683
CENX,0.7566479288756468,0.5413603269776219,0.5439515628511855
