,XLE,DBB,KWEB
AA,0.9934030710679871,1.1030895887730894,0.632292798483892
CENX,0.8740174173372455,1.053194844750415,0.6555300571811571
