,AA,CENX
AA,1,0.6808476674325431
CENX,0.6963254268714111,1
