,XLE,DBB,KWEB
AA,0.9922944027173306,1.1036763010800312,0.631742664281556
CENX,0.8725460735536348,1.0522299693872197,0.6551229317786221
