,AA,CENX
AA,1,0.7732274145993175
CENX,0.8098984523120307,1
