,CENX,AA
CENX,1,0.6923992896630876
AA,0.6731120098368012,1
