,XLE,DBB,KWEB
AA,0.8290434071585256,0.5703898279277152,0.5834650976684546
CENX,0.7605014565911921,0.535352774130941,0.5948896585007427
