,AA,CENX
AA,1,0.7680800128419363
CENX,0.8057652863017499,1
