,XLE,DBB,KWEB
AA,0.9756214766198515,1.0912690972030399,0.6329443376061401
CENX,0.8569473248856944,1.0447269608433374,0.656412005092448
