,XLE,DBB,KWEB
CENX,0.8695994604152579,1.053505143014645,0.6543686919240025
AA,0.9901926006809556,1.0903404615922525,0.6250012256454786
