,XLE,DBB,KWEB
AA,0.9803242636508371,1.1049901081295406,0.5696153397688093
CENX,0.848709620862792,1.0795377477056252,0.5639764031422307
