,XLE,DBB,KWEB
AA,0.9756214766198517,1.0912690972030408,0.6329443376061403
CENX,0.8569473248856947,1.0447269608433376,0.6564120050924478
