,CENX,AA
CENX,1,0.8072818095074271
AA,0.7696197010114316,1
