,CENX,AA
CENX,1,0.8090383790560683
AA,0.7713539317768726,1
