,AA,CENX
AA,1,0.6800774064603634
CENX,0.6948702294524385,1
