,AA,CENX
AA,1,0.7689584432834967
CENX,0.8057241636683974,1
