,AA,CENX
AA,1,0.7687115240159151
CENX,0.8058404646967482,1
