,XLE,DBB,KWEB
AA,0.9920317953589053,1.1059012227900051,0.6315481183241632
CENX,0.8724697919866452,1.0538991485880842,0.6550002377342952
