,AA,CENX
AA,1,0.6804684423959059
CENX,0.6949291366421276,1
