,CENX,AA
CENX,1,0.6888249748541422
AA,0.6701714163531408,1
