,XLE,DBB,KWEB
CENX,0.847731081449677,1.090755606395755,0.5629529520812045
AA,0.9799701621472655,1.130347881401622,0.5691345835126034
