,XLE,DBB,KWEB
AA,0.9972074296259001,1.1110250644492063,0.6378191200462621
CENX,0.8739302772901036,1.053876989389133,0.6563592611103342
