,XLE,DBB,KWEB
AA,0.8265533884280423,0.5619686888741104,0.5642318201325283
CENX,0.7579779576865885,0.5359008938064197,0.545932479335036
