,XLE,DBB,KWEB
AA,0.8268967218885268,0.5656316121246622,0.565889373005762
CENX,0.7579042408578982,0.5357985255293541,0.5457809350340239
