,XLE,DBB,KWEB
CENX,0.8661037152101714,1.042697504478618,0.6482294469079288
AA,0.9907548920233313,1.0885320954550017,0.6221683582836955
