,mae,mae_main_etf,r2_score,r2_score_main_etf,chisquare_normal,chisquare_normal_main_etf,n_days_error_bt_mae,n_days_error_bt_main_etf_mae,mean_abs_diff_when_bt_mae,mean_abs_diff_when_bt_main_etf_mae,stock_std,mean,lower_sigma,upper_sigma,lower_two_sigma,upper_two_sigma,r2_score_full,r2_score_main_etf_full
X,0.8749310934998428,1.145114093252955,0.42331767413113186,0.23045547902960106,False,False,70,72,1.8148871598554737,2.278641002485197,2.053141977390059,0.14300161260275984,-1.9101403647872994,2.1961435899928192,-3.9632823421773584,4.249285567382878,0.7651846569035463,0.6426758107032011
TECK,0.6796897151579248,0.9630269662562362,0.6827573848053501,0.42200164390642614,True,True,83,89,1.2543726456126152,1.6714012021002649,2.008324973419312,0.12888340579662658,-1.8794415676226852,2.1372083792159384,-3.887766541041997,4.14553335263525,0.8358161434419348,0.6888459913627014
CLF,0.8445821018883449,1.1373745502322095,0.49641964308550035,0.28616157516214635,False,False,65,72,1.9797029117792226,2.3118169936985984,2.126351358091258,0.16630084381477087,-1.9600505142764872,2.292652201906029,-4.0864018723677455,4.419003559997287,0.792170294217473,0.6551915624445386
NUE,0.47789952497425425,0.7777847186591569,0.732002168064882,0.31431227700038167,True,True,70,78,0.9974774075159593,1.475634292319524,1.5191280923839667,0.11230803119744011,-1.4068200611865267,1.6314361235814068,-2.925948153570493,3.1505642159653737,0.8691776903246474,0.6550589677717334
