,mae,mae_main_etf,r2_score,r2_score_main_etf,chisquare_normal,chisquare_normal_main_etf,n_days_error_bt_mae,n_days_error_bt_main_etf_mae,mean_abs_diff_when_bt_mae,mean_abs_diff_when_bt_main_etf_mae,stock_std,mean,lower_sigma,upper_sigma,lower_two_sigma,upper_two_sigma,r2_score_full,r2_score_main_etf_full
NUE,0.4783147947102345,0.7755779101269488,0.731114610441272,0.3146011037045202,True,True,71,79,0.993900530151107,1.4667795003714306,1.517237751733003,0.11128951041471,-1.4059482413182929,1.628527262147713,-2.923185993051296,3.1457650138807156,0.8687993538913114,0.6551196610760367
X,0.8711248462301522,1.130742489409385,0.4165211510347403,0.22937648824532553,False,False,73,73,1.774241331835502,2.2457771846366352,2.050797741458368,0.14087477590278819,-1.9099229655555796,2.191672517361156,-3.960720707013947,4.242470258819524,0.7651744558210686,0.6428665665427481
CLF,0.8489449764749774,1.1277607805805119,0.4845271930642099,0.27788307576534454,False,False,67,72,1.9443060316926746,2.2900821497581445,2.1236818413468685,0.16824005275115494,-1.9554417885957136,2.2919218940980235,-4.079123629942583,4.415603735444892,0.7899002650958031,0.6535479769509143
TECK,0.6818786641289664,0.9615284979488793,0.6804274308427856,0.41904350366318177,True,True,84,89,1.2484095142521128,1.6716173168832946,2.0055395564277827,0.12804532738788418,-1.8774942290398986,2.133584883815667,-3.8830337854676813,4.1391244402434495,0.8355228139726917,0.6899359755845609
