,mae,mae_main_etf,r2_score,r2_score_main_etf,shapiro_normal,pearson_normal,ks_normal,chisquare_normal,shapiro_normal_main_etf,pearson_normal_main_etf,ks_normal_main_etf,chisquare_normal_main_etf,n_days_error_bt_mae,n_days_error_bt_main_etf_mae,mean_abs_diff_when_bt_mae,mean_abs_diff_when_bt_main_etf_mae,stock_std,mean,lower_sigma,upper_sigma,lower_two_sigma,upper_two_sigma,r2_score_full,r2_score_main_etf_full
TECK,0.7224608924232447,0.9724048825946454,0.6332726384750056,0.4137127839311102,False,False,False,True,False,False,False,True,76,87,1.3781996055113888,1.6808598377091528,2.01633084732058,0.14286238259875778,-1.873468464721822,2.1591932299193375,-3.889799312042402,4.175524077239918,0.8324765723128094,0.6900225181701456
X,0.878134483843325,1.101818453013383,0.45015872221674014,0.2529448588161044,False,False,False,False,False,False,False,True,71,75,1.7172322591103129,2.0902616958759705,2.051371078590494,0.14658941186874444,-1.9047816667217496,2.1979604904592387,-3.956152745312244,4.249331569049732,0.7592633416712976,0.640031582432049
NUE,0.46556650163531843,0.7416151731558156,0.704149225908089,0.3157223258535987,False,False,False,True,False,False,False,True,69,79,0.9579982129494412,1.3688443876074816,1.5005398572042967,0.11533178221753804,-1.3852080749867586,1.6158716394218349,-2.8857479321910553,3.1164114966261316,0.8728027323645553,0.6658565957625378
CLF,0.8896325204758485,1.1281717365369912,0.4233659894966878,0.2567576820272084,False,False,False,False,False,False,False,False,67,70,1.980682463995322,2.302299618166253,2.1211041821170333,0.17822242620698173,-1.9428817559100515,2.299326608324015,-4.063985938027085,4.420430790441048,0.7848800760128094,0.6564485798761939
