,mae,mae_main_etf,r2_score,r2_score_main_etf,chisquare_normal,chisquare_normal_main_etf,n_days_error_bt_mae,n_days_error_bt_main_etf_mae,mean_abs_diff_when_bt_mae,mean_abs_diff_when_bt_main_etf_mae,stock_std,mean,lower_sigma,upper_sigma,lower_two_sigma,upper_two_sigma,r2_score_full,r2_score_main_etf_full
TECK,0.6743845845478667,0.9678138763280899,0.6996665203729495,0.44731282262864325,True,True,82,90,1.268944765876093,1.6872846123239895,2.0044861567846786,0.12731140770580948,-1.877174749078869,2.131797564490488,-3.881660905863548,4.136283721275166,0.8377630620525269,0.6865245007882746
CLF,0.7685118258455582,1.060034216494761,0.5256247453373872,0.3484591703279567,False,True,69,80,1.759251682522821,2.045704721969348,2.1201300628456066,0.17185412415245108,-1.9482759386931554,2.2919841869980577,-4.068406001538762,4.412114249843664,0.793380594563887,0.6522695662263497
NUE,0.48384249225225034,0.7778873957678435,0.745687605604157,0.3702966907045735,True,True,74,81,0.9905025106222451,1.4620057484433528,1.5213256756477216,0.11738519031816194,-1.4039404853295596,1.6387108659658836,-2.9252661609772814,3.160036541613605,0.8691428992752406,0.653118924511679
X,0.7795098648427428,1.0429344778148808,0.5296409118673626,0.3229901036106225,False,False,81,80,1.4953896727383864,1.9334329060644664,2.0488730152488315,0.14103271104344792,-1.9078403042053835,2.189905726292279,-3.9567133194542152,4.238778741541111,0.7687358569062304,0.6413923532129346
