,mae,mae_main_etf,r2_score,r2_score_main_etf,chisquare_normal,chisquare_normal_main_etf,n_days_error_bt_mae,n_days_error_bt_main_etf_mae,mean_abs_diff_when_bt_mae,mean_abs_diff_when_bt_main_etf_mae,stock_std,mean,lower_sigma,upper_sigma,lower_two_sigma,upper_two_sigma,r2_score_full,r2_score_main_etf_full
X,0.870712963126388,1.1326591829424553,0.41388187081814143,0.22607970788145337,False,False,74,73,1.7672170176984854,2.2453608236639537,2.0472592741855142,0.14024093091083278,-1.9070183432746814,2.187500205096347,-3.9542776174601957,4.234759479281861,0.7649498921816866,0.6420641942527976
NUE,0.4761444030688243,0.7845471686212172,0.7318472448395426,0.30728246735318254,True,True,71,80,0.9917956889900904,1.4654660904707622,1.5143031814332526,0.11170854094927722,-1.4025946404839753,1.62601172238253,-2.916897821917228,3.1403149038157823,0.8682421614464246,0.6533243237975322
TECK,0.6787411362606883,0.9610253051835644,0.6806911313568587,0.4171108122785302,True,True,84,89,1.2502548384101348,1.672762599253608,2.0017051832602917,0.12695050543435324,-1.8747546778259385,2.128655688694645,-3.87645986108623,4.130360871954936,0.8351069233950331,0.6892655709744827
CLF,0.837036090281578,1.130642901020273,0.4913397749365296,0.27710569823940945,False,False,67,74,1.928037326288918,2.266143485133387,2.12033296077766,0.16973366994288414,-1.9505992908347758,2.290066630720544,-4.070932251612436,4.410399591498204,0.7899872233743542,0.6525549359953122
