,mae,mae_main_etf,r2_score,r2_score_main_etf,chisquare_normal,chisquare_normal_main_etf,n_days_error_bt_mae,n_days_error_bt_main_etf_mae,mean_abs_diff_when_bt_mae,mean_abs_diff_when_bt_main_etf_mae,stock_std,mean,lower_sigma,upper_sigma,lower_two_sigma,upper_two_sigma,r2_score_full,r2_score_main_etf_full
CLF,0.7836298707189078,1.0658696836949733,0.5158417129126833,0.3324874223644376,False,True,67,79,1.8071660973561134,2.067483124688061,2.1243121296595837,0.17028833179018898,-1.9540237978693948,2.2946004614497726,-4.078335927528978,4.418912591109357,0.7925465632950099,0.6557020445686452
NUE,0.48350664933204757,0.7768521793561638,0.7418240942729308,0.35163975973422956,True,True,73,80,0.9932100411854622,1.4675166147588155,1.5203485860773636,0.11192883605289972,-1.4084197500244637,1.6322774221302634,-2.9287683361018275,3.1526260082076267,0.8686360588286977,0.6586159801946591
X,0.8255515305723887,1.0803316414015476,0.4368924381732625,0.2765484937159717,False,False,76,74,1.6610097669033428,2.111622989737877,2.050616328891507,0.1399802459332264,-1.9106360829582807,2.1905965748247334,-3.961252411849788,4.2412129037162405,0.7669370563007997,0.6435902501344163
TECK,0.689416645319539,0.9675894340720982,0.6828194271101526,0.4358976233252513,True,True,84,91,1.2754050580185425,1.6673777979339464,2.0049018735479045,0.12210412025241735,-1.8827977532954872,2.1270059938003216,-3.887699626843392,4.131907867348226,0.8362311369068232,0.6905275316707657
