,mae,mae_main_etf,r2_score,r2_score_main_etf,chisquare_normal,chisquare_normal_main_etf,n_days_error_bt_mae,n_days_error_bt_main_etf_mae,mean_abs_diff_when_bt_mae,mean_abs_diff_when_bt_main_etf_mae,stock_std,mean,lower_sigma,upper_sigma,lower_two_sigma,upper_two_sigma,r2_score_full,r2_score_main_etf_full
NUE,0.48440407878045727,0.7787686542165004,0.7407984931121835,0.34798683892002347,True,True,72,81,1.0033650121243203,1.4593730981841675,1.5205575737453385,0.11000886168596395,-1.4105487120593745,1.6305664354313025,-2.931106285804713,3.151124009176641,0.8686738116348226,0.6582984769810929
TECK,0.6876248848288187,0.9715327800241679,0.6827225259020303,0.43294292180557437,True,True,84,92,1.27553883862164,1.6619553486381977,2.002366197839172,0.11539737843584283,-1.8869688194033292,2.117763576275015,-3.889335017242501,4.1201297741141865,0.8362713882408948,0.6903741784282731
X,0.8514138139752575,1.114960229711059,0.42274081523485174,0.23894040046371978,False,False,73,72,1.7606514594430296,2.229879048104966,2.051586115735779,0.13828619622804547,-1.9132999195077336,2.1898723119638244,-3.964886035243513,4.2414584276996035,0.7668257319439465,0.6434194915344387
CLF,0.7971306377519388,1.084771496974089,0.5099084306045001,0.3130410355762029,False,False,66,76,1.8535829577326393,2.1489561047547996,2.1249972401511497,0.168059259864033,-1.9569379802871167,2.2930565000151826,-4.081935220438266,4.418053740166332,0.792411436742467,0.6554315746996449
