,mae,mae_main_etf,r2_score,r2_score_main_etf,chisquare_normal,chisquare_normal_main_etf,n_days_error_bt_mae,n_days_error_bt_main_etf_mae,mean_abs_diff_when_bt_mae,mean_abs_diff_when_bt_main_etf_mae,stock_std,mean,lower_sigma,upper_sigma,lower_two_sigma,upper_two_sigma,r2_score_full,r2_score_main_etf_full
NUE,0.47765531048330945,0.7790556325675173,0.7343052875194302,0.3198737491091207,True,True,70,78,0.9974843972960394,1.475648610589451,1.5202187533075935,0.11227344497249862,-1.4079453083350948,1.6324921982800922,-2.9281640616426885,3.1527109515876854,0.8691780412846754,0.6550615589017792
TECK,0.6788455730938914,0.9616931674746622,0.6840532244529018,0.4238912429016024,True,True,84,89,1.2464080765152585,1.6713367592588118,2.0095786631198127,0.12989875642950488,-1.8796799066903078,2.1394774195493174,-3.8892585698101207,4.14905608266913,0.8360435473718715,0.6890612122051123
CLF,0.8457940173551347,1.1405028276351885,0.5008059017795379,0.2918893806162606,False,False,65,72,1.9799037096741494,2.311858187160462,2.1278913637934975,0.16634161969195682,-1.9615497441015406,2.2942329834854545,-4.089441107895039,4.4221243472789515,0.7921816966269585,0.6551987801251336
X,0.8792397796645106,1.150020121798776,0.42833213616819144,0.23777271914127895,False,False,72,72,1.7938581810739629,2.2814388460442854,2.054621828323724,0.14326557144284385,-1.91135625688088,2.1978873997665676,-3.965978085204604,4.252509228090291,0.7651982382152834,0.642706023795834
