,mae,mae_main_etf,r2_score,r2_score_main_etf,chisquare_normal,chisquare_normal_main_etf,n_days_error_bt_mae,n_days_error_bt_main_etf_mae,mean_abs_diff_when_bt_mae,mean_abs_diff_when_bt_main_etf_mae,stock_std,mean,lower_sigma,upper_sigma,lower_two_sigma,upper_two_sigma,r2_score_full,r2_score_main_etf_full
TECK,0.6765809279217847,0.961426686333041,0.695683526670652,0.4422787332803477,True,True,83,90,1.2565199137916796,1.6651984450657005,2.01086900232274,0.11869068694375111,-1.8921783153789886,2.129559689266491,-3.9030473177017284,4.14042869158923,0.83678164741177,0.691348984959202
X,0.8635045768034277,1.1178885015466018,0.4287039384842254,0.252532604473941,False,False,74,72,1.7586401973357757,2.233832249376865,2.0556358820801144,0.13100746365363886,-1.9246284184264755,2.1866433457337533,-3.98026430050659,4.242279227813867,0.7673213524379472,0.645902707529969
CLF,0.8229317564642863,1.1053596207267495,0.5078396599822628,0.3149973065595304,False,False,66,75,1.9046089990140995,2.1954301723009997,2.1266729420820485,0.1617078923254721,-1.9649650497565765,2.2883808344075205,-4.091637991838625,4.415053776489569,0.7918250155210234,0.6558063232634797
NUE,0.47757182913803853,0.7838539246366664,0.7459705693036827,0.3473467795236992,True,True,71,81,0.9980266935496289,1.4594465074394831,1.5228504182332547,0.10478809429228131,-1.4180623239409735,1.627638512525536,-2.9409127421742283,3.1504889307587907,0.8693842358056549,0.6573992993410924
