,mae,mae_main_etf,r2_score,r2_score_main_etf,chisquare_normal,chisquare_normal_main_etf,n_days_error_bt_mae,n_days_error_bt_main_etf_mae,mean_abs_diff_when_bt_mae,mean_abs_diff_when_bt_main_etf_mae,stock_std,mean,lower_sigma,upper_sigma,lower_two_sigma,upper_two_sigma,r2_score_full,r2_score_main_etf_full
TECK,0.6784194683837661,0.9734179562393853,0.6973071141533603,0.43825657988615185,True,True,83,92,1.2647510266627455,1.6746343488105304,2.0064486610152086,0.12697025573134602,-1.8794784052838627,2.1334189167465545,-3.8859270662990713,4.1398675777617635,0.8367912762535565,0.6898383990014116
CLF,0.7819532789771146,1.0617563658712736,0.5148026913455666,0.3325405806872729,False,True,68,79,1.797441756596958,2.067493462001173,2.122373348976886,0.17278452225622298,-1.9495888267206631,2.2951578712331093,-4.071962175697549,4.4175312202099954,0.7923856186613256,0.655897505739383
NUE,0.4853772981919858,0.78424816268611,0.744456553855671,0.3524515147102164,True,True,74,82,0.9920017494132465,1.4658222155559217,1.5225111922044747,0.1174362695749713,-1.4050749226295034,1.639947461779446,-2.927586114833978,3.162458653983921,0.8684912710159507,0.6570695499904797
X,0.8195231862574033,1.079465971120452,0.440704932048982,0.2779785641221074,False,False,76,75,1.658936830577511,2.1008449288507647,2.0498244433872075,0.1438207430117482,-1.9060037003754593,2.193645186398956,-3.955828143762667,4.243469629786163,0.7674108443656591,0.6437431941949643
