,mae,mae_main_etf,r2_score,r2_score_main_etf,chisquare_normal,chisquare_normal_main_etf,n_days_error_bt_mae,n_days_error_bt_main_etf_mae,mean_abs_diff_when_bt_mae,mean_abs_diff_when_bt_main_etf_mae,stock_std,mean,lower_sigma,upper_sigma,lower_two_sigma,upper_two_sigma,r2_score_full,r2_score_main_etf_full
NUE,0.48384249225218534,0.7778873957678426,0.7456876056040765,0.37029669070456783,True,True,74,81,0.9905025106224072,1.4620057484433584,1.5213256756477216,0.11738519031816194,-1.4039404853295596,1.6387108659658836,-2.9252661609772814,3.160036541613605,0.86914289927524,0.653118924511678
CLF,0.768511825847562,1.06003421649476,0.5256247453366603,0.34845917032795315,False,True,69,80,1.7592516825237852,2.0457047219693525,2.1201300628456066,0.17185412415245108,-1.9482759386931554,2.2919841869980577,-4.068406001538762,4.412114249843664,0.7933805945638873,0.6522695662263504
X,0.7795098648427454,1.042934477814882,0.5296409118673606,0.32299010361061864,False,False,81,80,1.4953896727383826,1.9334329060644735,2.0488730152488315,0.14103271104344792,-1.9078403042053835,2.189905726292279,-3.9567133194542152,4.238778741541111,0.7687358569062299,0.6413923532129342
TECK,0.6743845845475626,0.967813876328087,0.6996665203731645,0.44731282262863925,True,True,82,90,1.2689447658758988,1.6872846123240008,2.0044861567846786,0.1273114077058095,-1.877174749078869,2.131797564490488,-3.881660905863548,4.136283721275166,0.8377630620525269,0.686524500788275
