,mae,mae_main_etf,r2_score,r2_score_main_etf,chisquare_normal,chisquare_normal_main_etf,n_days_error_bt_mae,n_days_error_bt_main_etf_mae,mean_abs_diff_when_bt_mae,mean_abs_diff_when_bt_main_etf_mae,stock_std,mean,lower_sigma,upper_sigma,lower_two_sigma,upper_two_sigma,r2_score_full,r2_score_main_etf_full
TECK,0.6765809279178844,0.9614266863330392,0.695683526674471,0.4422787332803446,True,True,83,90,1.2565199137775998,1.665198445065708,2.01086900232274,0.11869068694375114,-1.8921783153789886,2.129559689266491,-3.9030473177017284,4.14042869158923,0.8367816474117703,0.691348984959202
NUE,0.47757182913803714,0.7838539246366708,0.7459705693036758,0.34734677952370685,True,True,71,81,0.9980266935496453,1.4594465074394765,1.5228504182332547,0.10478809429228131,-1.4180623239409735,1.627638512525536,-2.9409127421742283,3.1504889307587907,0.8693842358056539,0.6573992993410924
X,0.8635045768049943,1.1178885015466002,0.428703938483434,0.25253260447394177,False,False,74,72,1.7586401973384411,2.23383224937686,2.055635882080115,0.13100746365363888,-1.924628418426476,2.1866433457337537,-3.9802643005065907,4.242279227813868,0.7673213524379467,0.6459027075299689
CLF,0.8229317564692016,1.1053596207267509,0.5078396599824045,0.3149973065595313,False,False,66,75,1.9046089990015251,2.1954301723009992,2.1266729420820485,0.1617078923254721,-1.9649650497565765,2.2883808344075205,-4.091637991838625,4.415053776489569,0.7918250155210236,0.6558063232634794
