,mae,mae_main_etf,r2_score,r2_score_main_etf,chisquare_normal,chisquare_normal_main_etf,n_days_error_bt_mae,n_days_error_bt_main_etf_mae,mean_abs_diff_when_bt_mae,mean_abs_diff_when_bt_main_etf_mae,stock_std,mean,lower_sigma,upper_sigma,lower_two_sigma,upper_two_sigma,r2_score_full,r2_score_main_etf_full
CLF,0.8503509705027131,1.136851130550252,0.4936036717612715,0.29715812308075673,False,False,66,73,1.977948522115498,2.2942086729309095,2.125185378745466,0.16780915068114008,-1.957376228064326,2.2929945294266063,-4.082561606809793,4.418179908172072,0.7911415710114531,0.6581201586177488
TECK,0.6783913622431678,0.956888719060182,0.6821866796883704,0.432727866547283,True,True,84,89,1.246230164698859,1.6578691730711268,2.007355246669794,0.1294687964977177,-1.8778864501720762,2.1368240431675116,-3.88524169684187,4.1441792898373055,0.8356696731002857,0.6925062631762717
X,0.8703069964606408,1.1359027135652915,0.4253750326491216,0.24284003278701827,False,False,72,74,1.7871580914739593,2.2332260392079113,2.0522762712887443,0.14107864677963736,-1.911197624509107,2.1933549180683816,-3.9634738957978515,4.245631189357126,0.7654952612038085,0.6461210993247151
NUE,0.47748320773705555,0.7703675558899066,0.7336276704888698,0.3363747522036008,True,True,70,79,0.9982881969435283,1.4564982151089514,1.5183216762629537,0.11119624527747943,-1.4071254309854742,1.6295179215404332,-2.925447107248428,3.1478395978033866,0.8693731859328149,0.6588122624856428
