,mae,mae_main_etf,r2_score,r2_score_main_etf,chisquare_normal,chisquare_normal_main_etf,n_days_error_bt_mae,n_days_error_bt_main_etf_mae,mean_abs_diff_when_bt_mae,mean_abs_diff_when_bt_main_etf_mae,stock_std,mean,lower_sigma,upper_sigma,lower_two_sigma,upper_two_sigma,r2_score_full,r2_score_main_etf_full
X,0.8234156651568662,1.0813647916060958,0.44065975474548946,0.27951140317342005,False,False,76,74,1.6610097669051658,2.1146338840414045,2.051262031432792,0.143481491648789,-1.9077805397840029,2.194743523081581,-3.9590425712167945,4.2460055545143724,0.7674076479130615,0.6437434200604265
NUE,0.4846291375609968,0.7825621881025497,0.7454142702065722,0.35384168269571403,True,True,74,81,0.9895986096392381,1.4742165833244476,1.5230641257625386,0.11595046059576639,-1.4071136651667722,1.639014586358305,-2.930177790929311,3.1620787121208433,0.8688968410155714,0.6572123480892
CLF,0.7854177967019711,1.0638088309866192,0.5160741607595023,0.33478154452069797,False,True,68,79,1.7977933883160642,2.0674831246880605,2.1238777220729137,0.17282853261365763,-1.951049189459256,2.2967062546865713,-4.074926911532169,4.4205839767594854,0.7923901193547331,0.6559511647208396
TECK,0.688758786114959,0.9738995467514047,0.6887938294064542,0.43825718648659706,True,True,84,92,1.2754050580379908,1.674586449834692,2.007852194936038,0.12704696139621363,-1.8808052335398244,2.134899156332252,-3.8886574284758626,4.14275135126829,0.8367974981494509,0.6899148985836157
