,mae,mae_main_etf,r2_score,r2_score_main_etf,chisquare_normal,chisquare_normal_main_etf,n_days_error_bt_mae,n_days_error_bt_main_etf_mae,mean_abs_diff_when_bt_mae,mean_abs_diff_when_bt_main_etf_mae,stock_std,mean,lower_sigma,upper_sigma,lower_two_sigma,upper_two_sigma,r2_score_full,r2_score_main_etf_full
CLF,0.8370360902823282,1.130642901020272,0.4913397749353078,0.2771056982394092,False,False,67,74,1.9280373262938644,2.266143485133387,2.12033296077766,0.1697336699428841,-1.9505992908347758,2.290066630720544,-4.070932251612436,4.410399591498204,0.7899872233743539,0.6525549359953126
TECK,0.6787411362580865,0.9610253051835687,0.6806911313599318,0.41711081227853386,True,True,84,89,1.2502548383980625,1.6727625992536002,2.0017051832602917,0.12695050543435324,-1.8747546778259385,2.128655688694645,-3.87645986108623,4.130360871954936,0.8351069233950338,0.6892655709744823
NUE,0.47614440306880584,0.7845471686212153,0.7318472448395281,0.30728246735318154,True,True,71,80,0.9917956889901064,1.465466090470762,1.5143031814332528,0.11170854094927721,-1.4025946404839755,1.6260117223825301,-2.9168978219172286,3.1403149038157827,0.8682421614464235,0.6533243237975328
X,0.8707129631237603,1.1326591829424553,0.4138818708170314,0.22607970788145315,False,False,74,73,1.7672170176949142,2.2453608236639466,2.0472592741855147,0.1402409309108328,-1.907018343274682,2.1875002050963475,-3.9542776174601966,4.234759479281863,0.7649498921816883,0.6420641942527981
