,mae,mae_main_etf,r2_score,r2_score_main_etf,chisquare_normal,chisquare_normal_main_etf,n_days_error_bt_mae,n_days_error_bt_main_etf_mae,mean_abs_diff_when_bt_mae,mean_abs_diff_when_bt_main_etf_mae,stock_std,mean,lower_sigma,upper_sigma,lower_two_sigma,upper_two_sigma,r2_score_full,r2_score_main_etf_full
MSTR,0.7147260379339287,0.629598170597959,0.916510395848756,0.9260430637674529,True,True,3,3,1.3399195175027643,1.2927415793215362,2.2278438353009564,0.30075074696544113,-1.9270930883355153,2.5285945822663978,-4.1549369236364715,4.756438417567354,0.8787358828720564,0.8363488179186888
COIN,0.6929731201323658,0.7474288292960217,0.9254286598806792,0.8298411099339943,True,True,3,3,1.1116805240089642,1.6962745042626757,2.290270515819246,0.322868800706213,-1.967401715113033,2.613139316525459,-4.257672230932279,4.903409832344705,0.8504030221608033,0.7757646611814107
RIOT,1.2294056529258754,1.4770457229979805,0.8844287900384669,0.8814215445500978,True,True,2,3,2.6187750733306836,2.0312804804388396,3.5062292955840846,0.8526277262227719,-2.653601569361313,4.358857021806856,-6.159830864945397,7.865086317390941,0.8507694857733757,0.7864428402070407
