,mae,mae_main_etf,r2_score,r2_score_main_etf,chisquare_normal,chisquare_normal_main_etf,n_days_error_bt_mae,n_days_error_bt_main_etf_mae,mean_abs_diff_when_bt_mae,mean_abs_diff_when_bt_main_etf_mae,stock_std,mean,lower_sigma,upper_sigma,lower_two_sigma,upper_two_sigma,r2_score_full,r2_score_main_etf_full
RIOT,0.8287312704885125,1.1904924611089607,0.9271121895580041,0.8558454974202072,True,True,4,4,1.367298716350156,1.9608415427982528,3.386506666617626,0.7695472948328738,-2.616959371784752,4.1560539614505,-6.003466038402378,7.542560628068125,0.8478917440781607,0.7894191800346982
COIN,0.787799300758972,0.8258085653911008,0.8499255901495559,0.762387347013898,True,True,2,3,1.75365079985115,1.781770351242222,2.1900165809323653,0.26862198215353944,-1.921394598778826,2.4586385630859047,-4.111411179711191,4.64865514401827,0.8277258781476738,0.7577786494107852
MSTR,0.7670604974704837,0.7944301691109088,0.8961983479270368,0.8867061306064888,True,True,3,3,1.4593385933959009,1.5614929286533237,2.4192434635051536,0.4609625538673608,-1.9582809096377929,2.8802060173725144,-4.377524373142946,5.299449480877668,0.9018209175478098,0.8695331870848992
