,mae,mae_main_etf,r2_score,r2_score_main_etf,chisquare_normal,chisquare_normal_main_etf,n_days_error_bt_mae,n_days_error_bt_main_etf_mae,mean_abs_diff_when_bt_mae,mean_abs_diff_when_bt_main_etf_mae,stock_std,mean,lower_sigma,upper_sigma,lower_two_sigma,upper_two_sigma,r2_score_full,r2_score_main_etf_full
RIOT,4.266071063780761,4.499915112367031,0.45698856280819766,0.42188528607251796,False,True,2,1,7.020562864254478,9.184358442645223,2.7113663113050572,1.890831231151325,-0.8205350801537323,4.602197542456382,-3.5319013914587893,7.31356385376144,0.6534509348045408,0.5165939005456387
COIN,1.4029130281271533,0.9001766633513024,0.2580079925152017,0.6273419693113818,True,True,2,1,1.8620781359488698,1.828831263214001,1.5913921642703743,1.118324757576082,-0.47306740669429237,2.7097169218464563,-2.064459570964667,4.30110908611683,0.6318025193127454,0.4306794340198181
MSTR,0.9989132725459375,0.2880222166636563,0.13564871218850605,0.9456731277493063,True,True,1,1,2.719672231706948,0.6492973576555567,2.204593634520845,0.9010846898157377,-1.303508944705107,3.1056783243365826,-3.5081025792259517,5.310271958857427,0.902976991616013,0.8221034558308342
