,mae,mae_main_etf,r2_score,r2_score_main_etf,chisquare_normal,chisquare_normal_main_etf,n_days_error_bt_mae,n_days_error_bt_main_etf_mae,mean_abs_diff_when_bt_mae,mean_abs_diff_when_bt_main_etf_mae,stock_std,mean,lower_sigma,upper_sigma,lower_two_sigma,upper_two_sigma,r2_score_full,r2_score_main_etf_full
MSTR,1.2530285459013197,0.3201426332205204,-3.1291877130588794,0.7568558507271257,True,True,1,1,2.7196722317089534,0.6492973576555603,1.912099210313516,1.226809153134897,-0.6852900571786189,3.138908363448413,-2.597389267492135,5.051007573761929,0.8451744758800992,0.7425011553775989
RIOT,2.927361060840338,2.9384340022742976,-4.781688637906311,-3.4214489364525473,True,True,1,1,5.758924655906926,4.3166844144417045,2.7113663113050572,1.890831231151325,-0.8205350801537323,4.602197542456382,-3.5319013914587893,7.31356385376144,0.6534509348045399,0.5165939005456385
COIN,1.652506562026235,0.9047253389410255,-9.598847537763051,-3.6261972757160317,True,True,1,1,2.199645715195516,1.8288312632143005,3.0580858456648126,0.38293349049983555,-2.675152355164977,3.441019336164648,-5.733238200829789,6.499105181829461,0.35645523416020475,0.4306794340198187
