,mae,mae_main_etf,r2_score,r2_score_main_etf,chisquare_normal,chisquare_normal_main_etf,n_days_error_bt_mae,n_days_error_bt_main_etf_mae,mean_abs_diff_when_bt_mae,mean_abs_diff_when_bt_main_etf_mae,stock_std,mean,lower_sigma,upper_sigma,lower_two_sigma,upper_two_sigma,r2_score_full,r2_score_main_etf_full
MSTR,0.9193003803268753,0.5609940209333086,0.6249067983422638,0.8583559773489502,True,True,2,2,1.541353381329906,0.9797282540726413,2.0830475053837345,0.8640222777089884,-1.219025227674746,2.947069783092723,-3.3020727330584805,5.030117288476458,0.8777774919302808,0.7948158897433668
COIN,1.3070955675934897,0.5041545157412858,0.25663100553826,0.8001370730217136,True,True,2,2,1.6437791538320006,0.9186549343495738,2.9174350749539917,0.02485563547791228,-2.8925794394760795,2.942290710431904,-5.810014514430071,5.859725785385896,0.4043484610287499,0.6663250502698332
RIOT,4.604332603098153,3.478503579217998,0.35366861546901784,0.44055392082340195,True,False,2,1,7.4183785212786315,9.67806993248568,2.7414595218684337,1.5871577045002638,-1.1543018173681698,4.3286172263686975,-3.8957613392366035,7.070076748237131,0.6838909099586965,0.5914270447421945
