,mae,mae_main_etf,r2_score,r2_score_main_etf,chisquare_normal,chisquare_normal_main_etf,n_days_error_bt_mae,n_days_error_bt_main_etf_mae,mean_abs_diff_when_bt_mae,mean_abs_diff_when_bt_main_etf_mae,stock_std,mean,lower_sigma,upper_sigma,lower_two_sigma,upper_two_sigma,r2_score_full,r2_score_main_etf_full
MSTR,0.767060497471582,0.794430169110919,0.8961983479268298,0.886706130606487,True,True,3,3,1.4593385933972511,1.561492928653335,2.419243463505153,0.46096255386736085,-1.9582809096377924,2.880206017372514,-4.377524373142945,5.2994494808776675,0.9018209175478109,0.8695331870849007
COIN,0.7877993007579458,0.8258085653915209,0.8499255901498861,0.7623873470139211,True,True,2,3,1.753650799850219,1.7817703512425993,2.1900165809323653,0.2686219821535395,-1.921394598778826,2.4586385630859047,-4.111411179711191,4.64865514401827,0.8277258781476746,0.7577786494107841
RIOT,0.8287312704890384,1.1904924611089662,0.9271121895579545,0.8558454974202075,True,True,4,4,1.3672987163506218,1.9608415427982453,3.386506666617626,0.7695472948328738,-2.616959371784752,4.1560539614505,-6.003466038402378,7.542560628068125,0.8478917440781604,0.7894191800346984
