,mae,mae_main_etf,r2_score,r2_score_main_etf,chisquare_normal,chisquare_normal_main_etf,n_days_error_bt_mae,n_days_error_bt_main_etf_mae,mean_abs_diff_when_bt_mae,mean_abs_diff_when_bt_main_etf_mae,stock_std,mean,lower_sigma,upper_sigma,lower_two_sigma,upper_two_sigma,r2_score_full,r2_score_main_etf_full
RIOT,1.8505451807481026,1.5642714708431662,0.5529702763340474,0.7973832583308663,True,True,2,4,3.7237950681483016,1.9027272261804584,3.9925883562606517,0.6635457563818855,-3.329042599878766,4.656134112642537,-7.321630956139418,8.64872246890319,0.7065716813381754,0.6251917966402414
COIN,0.4964201840302609,0.6475766117707592,0.9339293198683377,0.8576322450616763,True,True,4,3,0.6140875659707091,1.0754182602137685,1.876205733833574,0.3182531242170513,-1.5579526096165228,2.1944588580506252,-3.434158343450097,4.070664591884199,0.8001925742058995,0.7119541345515216
MSTR,0.6646662213396072,0.6189429892759837,0.8530239686701542,0.8636037527185139,True,True,3,3,1.1127514228651625,1.0603266452374793,2.039598069202601,0.5885195575578825,-1.4510785116447182,2.628117626760483,-3.4906765808473192,4.667715695963084,0.8548222384301659,0.7495758984579836
