,mae,mae_main_etf,r2_score,r2_score_main_etf,chisquare_normal,chisquare_normal_main_etf,n_days_error_bt_mae,n_days_error_bt_main_etf_mae,mean_abs_diff_when_bt_mae,mean_abs_diff_when_bt_main_etf_mae,stock_std,mean,lower_sigma,upper_sigma,lower_two_sigma,upper_two_sigma,r2_score_full,r2_score_main_etf_full
COIN,0.645435747339778,0.6905526826251325,0.8522469594088283,0.7983529012448771,True,True,1,2,2.779958164520399,2.04089384706493,2.255615318483558,0.2866486181510564,-1.9689667003325015,2.5422639366346145,-4.22458201881606,4.797879255118172,0.8496106918347215,0.775640835153291
RIOT,1.2187045426494183,1.32965602660473,0.8466267616878013,0.8571849547324228,True,True,2,4,2.6187750733305126,1.8911927886034885,4.234329736900914,0.5293476547534884,-3.704982082147426,4.763677391654403,-7.93931181904834,8.998007128555317,0.7633399256165022,0.7550205179754461
MSTR,0.7676175220592958,0.6614787685662037,0.89870358964495,0.9158268713292158,True,True,3,3,1.4288493868805847,1.3093730477799144,2.370179048880986,0.4476296749700979,-1.9225493739108883,2.8178087238510843,-4.292728422791875,5.18798777273207,0.8971829945663515,0.8366010787612852
