,mae,mae_main_etf,r2_score,r2_score_main_etf,chisquare_normal,chisquare_normal_main_etf,n_days_error_bt_mae,n_days_error_bt_main_etf_mae,mean_abs_diff_when_bt_mae,mean_abs_diff_when_bt_main_etf_mae,stock_std,mean,lower_sigma,upper_sigma,lower_two_sigma,upper_two_sigma,r2_score_full,r2_score_main_etf_full
MSTR,0.961148962894165,0.8698484015505521,-1.5470503859486242,-1.2440225358915464,True,True,4,2,1.0695264947667824,1.1994411064189436,1.9030635271532683,0.8630598716202581,-1.04000365553301,2.7661233987735265,-2.9430671826862786,4.669186925926795,0.8434524839163331,0.6608363204587167
RIOT,0.8154719779387584,0.7863475145134011,0.6259087547811149,0.643904897203953,True,True,2,2,1.2441771356497329,1.2270247443562954,4.279767175036162,0.6667159435898432,-3.613051231446319,4.946483118626006,-7.892818406482481,9.226250293662167,0.7299000316224317,0.561903961894475
COIN,0.7452791277847602,0.6950794501110111,-1.0968908380309874,-1.267851510638864,True,True,1,2,1.8589751989913283,1.3602565583628028,1.7739192591155757,0.4858009790561159,-1.2881182800594597,2.2597202381716914,-3.0620375391750354,4.033639497287267,0.7179619207260357,0.4287307327789259
