,mae,mae_main_etf,r2_score,r2_score_main_etf,chisquare_normal,chisquare_normal_main_etf,n_days_error_bt_mae,n_days_error_bt_main_etf_mae,mean_abs_diff_when_bt_mae,mean_abs_diff_when_bt_main_etf_mae,stock_std,mean,lower_sigma,upper_sigma,lower_two_sigma,upper_two_sigma,r2_score_full,r2_score_main_etf_full
MSTR,0.825614459321175,0.8225250679869477,0.5874178004958355,0.5834836293517042,True,True,3,4,1.1120475020522826,1.0171948217016793,2.018678935832687,0.5876967585646677,-1.4309821772680191,2.6063756943973546,-3.449661113100706,4.625054630230041,0.8658339148091052,0.7954927163519262
RIOT,0.6465201213085714,1.1000734019633827,0.9265270796637758,0.8080973621249836,True,True,1,3,1.5713621204974964,1.7106661960693976,2.8216467180599913,1.1532746764316033,-1.668372041628388,3.9749213944915947,-4.490018759688379,6.796568112551586,0.7607216391409,0.6583295592150581
COIN,0.9004584960257049,0.8515154554074164,0.5199617408883398,0.45403811157069973,True,True,3,3,1.2830154466168653,1.384685958060718,1.8537703581951943,-0.056516771076487136,-1.9102871292716814,1.7972535871187072,-3.764057487466876,3.6510239453139013,0.7630662944908649,0.7121500618380139
