,mae,mae_main_etf,r2_score,r2_score_main_etf,chisquare_normal,chisquare_normal_main_etf,n_days_error_bt_mae,n_days_error_bt_main_etf_mae,mean_abs_diff_when_bt_mae,mean_abs_diff_when_bt_main_etf_mae,stock_std,mean,lower_sigma,upper_sigma,lower_two_sigma,upper_two_sigma,r2_score_full,r2_score_main_etf_full
MSTR,0.7670604974756439,0.7944301691109217,0.8961983479260613,0.8867061306064865,True,True,3,3,1.4593385934023004,1.5614929286533374,2.419243463505153,0.46096255386736074,-1.9582809096377924,2.880206017372514,-4.377524373142945,5.2994494808776675,0.9018209175478108,0.8695331870848998
COIN,0.7877993007579237,0.8258085653917799,0.849925590149889,0.7623873470139353,True,True,2,3,1.7536507998502708,1.781770351242832,2.1900165809323653,0.2686219821535395,-1.921394598778826,2.4586385630859047,-4.111411179711191,4.64865514401827,0.827725878147674,0.7577786494107852
RIOT,0.8287312704888307,1.1904924611089611,0.9271121895579739,0.8558454974202072,True,True,4,4,1.3672987163504715,1.9608415427982517,3.386506666617626,0.769547294832874,-2.616959371784752,4.1560539614505,-6.003466038402378,7.542560628068125,0.8478917440781597,0.789419180034698
