,mae,mae_main_etf,r2_score,r2_score_main_etf,chisquare_normal,chisquare_normal_main_etf,n_days_error_bt_mae,n_days_error_bt_main_etf_mae,mean_abs_diff_when_bt_mae,mean_abs_diff_when_bt_main_etf_mae,stock_std,mean,lower_sigma,upper_sigma,lower_two_sigma,upper_two_sigma,r2_score_full,r2_score_main_etf_full
COIN,0.9004584960267216,0.8515154554074146,0.5199617408878257,0.4540381115707026,True,True,3,3,1.2830154466172177,1.3846859580607103,1.8537703581951943,-0.0565167710764871,-1.9102871292716814,1.7972535871187072,-3.7640574874668755,3.6510239453139017,0.7630662944908647,0.7121500618380138
RIOT,0.6465201213088618,1.1000734019633867,0.9265270796638189,0.8080973621249823,True,True,1,3,1.5713621204969193,1.7106661960694047,2.8216467180599913,1.1532746764316033,-1.668372041628388,3.9749213944915947,-4.490018759688379,6.796568112551586,0.7607216391409002,0.6583295592150584
MSTR,0.8256144593198588,0.8225250679869447,0.5874178004967565,0.583483629351707,True,True,3,4,1.1120475020515794,1.0171948217016764,2.0186789358326864,0.5876967585646679,-1.4309821772680187,2.606375694397354,-3.449661113100705,4.625054630230041,0.8658339148091045,0.7954927163519261
