,mae,mae_main_etf,r2_score,r2_score_main_etf,chisquare_normal,chisquare_normal_main_etf,n_days_error_bt_mae,n_days_error_bt_main_etf_mae,mean_abs_diff_when_bt_mae,mean_abs_diff_when_bt_main_etf_mae,stock_std,mean,lower_sigma,upper_sigma,lower_two_sigma,upper_two_sigma,r2_score_full,r2_score_main_etf_full
MSTR,0.5842580595536032,0.5438999783858669,0.9186828694027748,0.9245376318925118,True,True,3,3,1.112751422866549,1.0603266452374804,2.339287406775428,0.3550034577036448,-1.9842839490717834,2.694290864479073,-4.3235713558472115,5.033578271254501,0.8938630221949121,0.8571770416699651
RIOT,2.0420267021643643,1.404275043243601,0.6200969603435601,0.8645139838269044,True,True,2,5,4.442762203865325,1.8194115373896067,4.334720393278018,0.09239746441932549,-4.242322928858693,4.427117857697343,-8.57704332213671,8.761838250975362,0.7656096194721589,0.7805900995510419
COIN,0.5027609456468587,0.6627165542676379,0.9533025239903847,0.9005130543573922,True,True,5,4,0.6006993081707289,0.998737733096771,2.0863663699719477,0.1247447669828222,-1.9616216029891256,2.21111113695477,-4.0479879729610735,4.297477506926717,0.8433377850484273,0.7757646611814109
