,mae,mae_main_etf,r2_score,r2_score_main_etf,chisquare_normal,chisquare_normal_main_etf,n_days_error_bt_mae,n_days_error_bt_main_etf_mae,mean_abs_diff_when_bt_mae,mean_abs_diff_when_bt_main_etf_mae,stock_std,mean,lower_sigma,upper_sigma,lower_two_sigma,upper_two_sigma,r2_score_full,r2_score_main_etf_full
RIOT,0.8154719779391435,0.7863475145133982,0.6259087547815022,0.6439048972039534,True,True,2,2,1.2441771356477451,1.2270247443562918,4.279767175036162,0.6667159435898433,-3.6130512314463186,4.946483118626006,-7.892818406482481,9.226250293662167,0.7299000316224309,0.561903961894475
MSTR,0.9611489628941001,0.8698484015505505,-1.5470503859482116,-1.2440225358915353,True,True,4,2,1.0695264947666687,1.1994411064189396,1.9030635271532683,0.8630598716202581,-1.04000365553301,2.7661233987735265,-2.9430671826862786,4.669186925926795,0.8434524839163338,0.6608363204587167
COIN,0.7452791277848079,0.6950794501110102,-1.0968908380313391,-1.2678515106388617,True,True,1,2,1.8589751989915007,1.3602565583628021,1.7739192591155757,0.4858009790561158,-1.28811828005946,2.2597202381716914,-3.0620375391750354,4.033639497287267,0.7179619207260357,0.4287307327789268
