,mae,mae_main_etf,r2_score,r2_score_main_etf,chisquare_normal,chisquare_normal_main_etf,n_days_error_bt_mae,n_days_error_bt_main_etf_mae,mean_abs_diff_when_bt_mae,mean_abs_diff_when_bt_main_etf_mae,stock_std,mean,lower_sigma,upper_sigma,lower_two_sigma,upper_two_sigma,r2_score_full,r2_score_main_etf_full
DVN,0.4541448119723961,0.4237719304552176,0.8355920538511956,0.8444802702244422,True,True,74,80,0.8946944553124548,0.811892851548343,2.622006533731245,0.11407057041715697,-2.507935963314088,2.7360771041484018,-5.129942497045333,5.358083637879647,0.9152145091848126,0.8561267860612887
SWN,0.6775419346878371,0.6704792643712475,0.6039438098174241,0.5927721972276803,True,True,90,86,1.1907690448784742,1.2251997531527563,2.0246633655284825,0.13974538332896375,-1.8849179821995188,2.164408748857446,-3.9095813477280013,4.189072114385929,0.6586617186859612,0.5851220343744101
CNX,0.5947933482581843,0.6354374719968884,0.6287172275940467,0.5786459050367554,True,True,88,77,1.055833951390039,1.2135273734188816,1.8096334031238466,0.04617658846216273,-1.7634568146616838,1.8558099915860093,-3.5730902177855306,3.6654433947098557,0.765081376142744,0.6866950213817016
AR,0.7120525735981894,0.7336984766960649,0.6813376373834408,0.6554185426705535,True,True,79,86,1.3281421977958023,1.3584899746091899,2.354807438311882,0.2947488763345222,-2.06005856197736,2.649556314646404,-4.4148660002892415,5.0043637529582865,0.6009847349334734,0.619226011996572
EQT,0.6034139344938838,0.6971697494033867,0.5336022329581415,0.4628821498890693,True,True,86,77,1.157535293785772,1.3561804485941422,1.749271727869117,0.05846558670437306,-1.690806141164744,1.80773731457349,-3.440077869033861,3.557009042442607,0.6900847199028388,0.5604741314616568
RRC,0.7244068399507104,0.856239331795109,0.6621689800378923,0.5583447874928321,True,True,74,74,1.4554925913564039,1.6737779741835446,2.265392703057101,0.09494419510246445,-2.1704485079546365,2.360336898159565,-4.435841211011737,4.625729601216666,0.7171619959224694,0.6370312766141706
