,mae,mae_main_etf,r2_score,r2_score_main_etf,chisquare_normal,chisquare_normal_main_etf,n_days_error_bt_mae,n_days_error_bt_main_etf_mae,mean_abs_diff_when_bt_mae,mean_abs_diff_when_bt_main_etf_mae,stock_std,mean,lower_sigma,upper_sigma,lower_two_sigma,upper_two_sigma,r2_score_full,r2_score_main_etf_full
AR,0.7050750402684691,0.7363581916173244,0.6939978240985006,0.6613553919025869,True,True,79,86,1.3243077628284654,1.3728318944674918,2.361626008466359,0.2850611008762339,-2.076564907590125,2.6466871093425928,-4.438190916056484,5.008313117808952,0.602197894200648,0.6210443742766003
RRC,0.7305816878669433,0.8717726235450923,0.6738358662129103,0.561700159224667,True,True,75,75,1.4482046113948728,1.6988395948388426,2.2687109622506703,0.09161906889007046,-2.1770918933605996,2.360330031140741,-4.44580285561127,4.629040993391411,0.716679355958389,0.6368457086318271
CNX,0.5999743207113918,0.6454049149298783,0.6371386307669793,0.5796430703638336,True,True,89,76,1.0629302272347902,1.2490914170064529,1.8080093666961017,0.04839017056930504,-1.7596191961267966,1.8563995372654067,-3.5676285628228985,3.664408903961508,0.7678792273863342,0.6873783868376073
DVN,0.45390465311943123,0.43016158637665275,0.8386442464725397,0.8453975701024167,True,True,73,79,0.8960063599506956,0.8210655029700469,2.6240212968061614,0.12159504504243568,-2.5024262517637257,2.745616341848597,-5.126447548569887,5.369637638654758,0.9149148582366466,0.8551247209896738
EQT,0.6040978009731999,0.7086658864318294,0.5523412283843578,0.4682378801142415,True,True,84,78,1.1709517240838774,1.3809826396710512,1.7501107585340556,0.055820813861771415,-1.694289944672284,1.8059315723958271,-3.4444007032063397,3.5560423309298828,0.689923147019718,0.5608235044789955
SWN,0.6804941083930055,0.6866130168512973,0.6293922610618605,0.590059026129284,True,True,88,86,1.2026972398091687,1.2605854915487529,2.0275430662414675,0.13980238212381335,-1.887740684117654,2.167345448365281,-3.9152837503591216,4.194888514606748,0.65945500998374,0.5856249081904565
