,mae,mae_main_etf,r2_score,r2_score_main_etf,chisquare_normal,chisquare_normal_main_etf,n_days_error_bt_mae,n_days_error_bt_main_etf_mae,mean_abs_diff_when_bt_mae,mean_abs_diff_when_bt_main_etf_mae,stock_std,mean,lower_sigma,upper_sigma,lower_two_sigma,upper_two_sigma,r2_score_full,r2_score_main_etf_full
EQT,0.6128330671236377,0.699091849727488,0.5475144583479743,0.4785644493687271,True,True,84,76,1.1786344642469824,1.369115509381959,1.7548694562780944,0.05774012203011687,-1.6971293342479776,1.8126095783082112,-3.451998790526072,3.567479034586306,0.6900483153528376,0.5633226517950567
CNX,0.5733033897245443,0.6145134698525401,0.7190093411998543,0.6609237651557724,True,True,90,78,0.9872749864723689,1.1404680819453903,1.8113685904580867,0.039065776549739056,-1.7723028139083477,1.8504343670078258,-3.5836714043664344,3.6618029574659126,0.7661265132997116,0.6884193192929193
AR,0.7094156798902372,0.732379039153318,0.688764568114933,0.6683801515513408,True,True,78,86,1.3367125874354802,1.3523842019602206,2.361984184959165,0.2863841128757849,-2.07560007208338,2.64836829783495,-4.437584257042545,5.010352482794115,0.6001667618286011,0.6213742476268139
DVN,0.44383757536957186,0.42472188277800205,0.8351749699456821,0.8403848696896296,True,True,72,81,0.8806174037288909,0.8020590532536074,2.6281838661281776,0.11662450753529395,-2.5115593585928835,2.7448083736634716,-5.1397432247210615,5.372992239791649,0.9149050836423309,0.8545629636252461
RRC,0.7319153864233168,0.859466554635837,0.6699699642622037,0.5738341307192955,True,True,74,75,1.45037277925483,1.6495215061343984,2.2718706324045344,0.08944841945684845,-2.182422212947686,2.3613190518613827,-4.45429284535222,4.6331896842659175,0.7158859347417154,0.6395443387344075
