,mae,mae_main_etf,r2_score,r2_score_main_etf,chisquare_normal,chisquare_normal_main_etf,n_days_error_bt_mae,n_days_error_bt_main_etf_mae,mean_abs_diff_when_bt_mae,mean_abs_diff_when_bt_main_etf_mae,stock_std,mean,lower_sigma,upper_sigma,lower_two_sigma,upper_two_sigma,r2_score_full,r2_score_main_etf_full
CNX,0.5733033897121451,0.6145134698525394,0.7190093412096654,0.6609237651557731,True,True,90,78,0.9872749864502247,1.1404680819453892,1.8113685904580867,0.039065776549739056,-1.7723028139083477,1.8504343670078258,-3.5836714043664344,3.6618029574659126,0.7661265132997119,0.6884193192929196
AR,0.7094156798916594,0.7323790391617317,0.6887645681140288,0.6683801515444912,True,True,78,86,1.3367125874375831,1.3523842019758747,2.3619841849591654,0.28638411287578497,-2.0756000720833803,2.6483682978349505,-4.437584257042546,5.010352482794116,0.600166761828601,0.6213742476268143
RRC,0.7319153864221486,0.8594665546373389,0.6699699642636254,0.5738341307178634,True,True,74,75,1.4503727792543695,1.6495215061370214,2.271870632404534,0.08944841945684849,-2.1824222129476856,2.3613190518613822,-4.454292845352219,4.633189684265917,0.7158859347417144,0.6395443387344073
EQT,0.6128330671148932,0.6990918497275257,0.5475144583545914,0.47856444936869535,True,True,84,76,1.1786344642342115,1.369115509382023,1.7548694562780944,0.05774012203011687,-1.6971293342479776,1.8126095783082112,-3.451998790526072,3.567479034586306,0.6900483153528372,0.5633226517950557
DVN,0.44383757536833196,0.424721882777998,0.8351749699463783,0.840384869689639,True,True,72,81,0.8806174037281339,0.8020590532535666,2.6281838661281776,0.11662450753529391,-2.5115593585928835,2.7448083736634716,-5.1397432247210615,5.372992239791649,0.9149050836423299,0.8545629636252454
