,mae,mae_main_etf,r2_score,r2_score_main_etf,chisquare_normal,chisquare_normal_main_etf,n_days_error_bt_mae,n_days_error_bt_main_etf_mae,mean_abs_diff_when_bt_mae,mean_abs_diff_when_bt_main_etf_mae,stock_std,mean,lower_sigma,upper_sigma,lower_two_sigma,upper_two_sigma,r2_score_full,r2_score_main_etf_full
EQT,0.6078478818416231,0.7067331505922249,0.541010289044055,0.44823387846614204,True,True,84,76,1.1629352604232703,1.3824442122436462,1.7461242750978923,0.06599100857345064,-1.6801332665244417,1.8121152836713428,-3.4262575416223338,3.5582395587692353,0.6895672606859214,0.5585028717476339
AR,0.695028581161326,0.7265336066406808,0.6799819770801276,0.6384438288539734,True,True,84,86,1.2563406795120589,1.340530916669312,2.3447751542650397,0.30146647651290714,-2.0433086777521323,2.646241630777947,-4.3880838320171724,4.991016785042986,0.5970512266637721,0.616561269477425
CNX,0.5739549422520036,0.6180809214115759,0.7130852936082643,0.6514884276287575,True,True,90,79,0.9884147639278701,1.1409419509606873,1.8072812305941723,0.046295338392172744,-1.7609858922019996,1.853576568986345,-3.568267122796172,3.6608577995805174,0.7646786183108678,0.6857543981812132
RRC,0.7144884473491124,0.8580355764602814,0.6673567921424541,0.5551867615314708,True,True,75,75,1.4026539978417079,1.6454125201795924,2.2583141198703593,0.10737478677595502,-2.150939333094404,2.3656889066463145,-4.409253452964764,4.624003026516673,0.7178559995836964,0.6369240745325604
DVN,0.4434823476346536,0.4266751855553649,0.8252271866979684,0.8302285399040634,True,True,72,79,0.8806979673977461,0.811780889465219,2.6186363728412814,0.12760541973040807,-2.491030953110873,2.7462417925716895,-5.109667325952155,5.3648781654129705,0.9140651969621703,0.8530653459394909
