,mae,mae_main_etf,r2_score,r2_score_main_etf,shapiro_normal,pearson_normal,ks_normal,chisquare_normal,shapiro_normal_main_etf,pearson_normal_main_etf,ks_normal_main_etf,chisquare_normal_main_etf,n_days_error_bt_mae,n_days_error_bt_main_etf_mae,mean_abs_diff_when_bt_mae,mean_abs_diff_when_bt_main_etf_mae,stock_std,mean,lower_sigma,upper_sigma,lower_two_sigma,upper_two_sigma,r2_score_full,r2_score_main_etf_full
DVN,0.4673508768822143,0.49669309857499233,0.8023200700718094,0.7273730712418098,False,False,False,True,False,False,False,True,64,64,1.0015092684543418,1.0744460695521894,2.6491177421992553,0.11917744896090245,-2.529940293238353,2.7682951911601577,-5.179058035437608,5.417412933359413,0.9118984940094657,0.8402494131525833
SWN,0.6487589048295745,0.7190383070536751,0.5911060686951431,0.45791720113029855,False,False,False,True,False,False,False,True,84,75,1.1618695479033554,1.3824019721525216,2.03632330932618,0.14466993234938624,-1.8916533769767938,2.180993241675566,-3.927976686302974,4.217316551001747,0.6539313614259552,0.5733548462950999
CNX,0.5775630451685924,0.6489317280401996,0.6826499279716938,0.5451287413190609,False,False,False,True,False,False,False,True,87,75,0.9922769555652057,1.219812011704816,1.8147523479525332,0.033234086769093486,-1.7815182611834397,1.8479864347216266,-3.596270609135973,3.6627387826741598,0.7584865475190907,0.6689217824538596
RRC,0.7441321093133159,0.8879807205203067,0.6082890804867532,0.45108598205429706,False,False,False,True,False,False,False,True,66,67,1.5336128179651158,1.835540131397844,2.2685458711547595,0.08807820884054884,-2.1804676623142107,2.356624079995308,-4.44901353346897,4.625169951150068,0.7098102113107603,0.6272306814767437
AR,0.704423993099935,0.734610134107111,0.6271229597426536,0.5553933372475924,False,False,False,True,False,False,False,True,78,75,1.3128026408687596,1.463725631467627,2.370298431730509,0.2850906462526961,-2.085207785477813,2.6553890779832052,-4.455506217208322,5.025687509713714,0.5883021902510079,0.6065813901714738
EQT,0.578956460523233,0.7013940465598497,0.5363541106631158,0.3841710261482243,False,False,False,True,False,False,False,True,85,72,1.0513745769044298,1.3945535742546271,1.7439844029018217,0.04896964260844308,-1.6950147602933785,1.7929540455102648,-3.4389991631952004,3.5369384484120863,0.6867953383230102,0.5498229113152626
