,mae,mae_main_etf,r2_score,r2_score_main_etf,chisquare_normal,chisquare_normal_main_etf,n_days_error_bt_mae,n_days_error_bt_main_etf_mae,mean_abs_diff_when_bt_mae,mean_abs_diff_when_bt_main_etf_mae,stock_std,mean,lower_sigma,upper_sigma,lower_two_sigma,upper_two_sigma,r2_score_full,r2_score_main_etf_full
CNX,0.5925863068069505,0.6372606837583471,0.631204746826273,0.5787402203664203,True,True,88,76,1.0570142873060788,1.2259446547294894,1.8071497501230558,0.04983676445459344,-1.7573129856684624,1.8569865145776492,-3.564462735791518,3.664136264700705,0.7679769930588064,0.6873110802190314
RRC,0.7291735092727515,0.8630049843675778,0.6648175418380751,0.5604715835980973,True,True,75,75,1.449427591655111,1.6735887940086496,2.267877798901405,0.093813773386916,-2.1740640255144887,2.361691572288321,-4.441941824415894,4.629569371189726,0.7168680706246708,0.6366917126406426
SWN,0.6800666786795618,0.6692150030176561,0.6071646415479881,0.5980699790643141,True,True,90,87,1.1891744786163527,1.216479648395794,2.0261219153606516,0.13988447576400515,-1.8862374395966464,2.1660063911246565,-3.912359354957298,4.1921283064853085,0.6590468913623135,0.5856129977201148
DVN,0.45246658349709784,0.42837496082989224,0.8381973252253224,0.8449762964974651,True,True,73,78,0.8957450632978939,0.8250238080918216,2.622204449359531,0.12207864127781651,-2.5001258080817146,2.744283090637347,-5.122330257441245,5.3664875399968786,0.9149161286794696,0.8551237700862212
EQT,0.6010504363370883,0.7029607128578361,0.5426608152177073,0.4648154139756474,True,True,85,78,1.1580873677228505,1.3651836974661788,1.7501704024345137,0.05833600722912406,-1.6918343952053896,1.8085064096636378,-3.4420047976399033,3.5586768120981516,0.6901601991831704,0.5604041474349353
AR,0.7063008407938448,0.7331353718129515,0.6876514680911199,0.6592369337139068,True,True,79,86,1.3248486632658594,1.3647373703133803,2.3608840720323516,0.2875845251906524,-2.073299546841699,2.648468597223004,-4.434183618874051,5.009352669255356,0.6023657469739112,0.6206813971372471
