,mae,mae_main_etf,r2_score,r2_score_main_etf,chisquare_normal,chisquare_normal_main_etf,n_days_error_bt_mae,n_days_error_bt_main_etf_mae,mean_abs_diff_when_bt_mae,mean_abs_diff_when_bt_main_etf_mae,stock_std,mean,lower_sigma,upper_sigma,lower_two_sigma,upper_two_sigma,r2_score_full,r2_score_main_etf_full
AR,0.7040573350987592,0.7342701820896609,0.6920926074495497,0.6599535850464753,True,True,79,85,1.321530093289238,1.3750383845212795,2.361272432228513,0.2813488714147754,-2.0799235608137376,2.6426213036432884,-4.441195993042251,5.003893735871801,0.6017144739395519,0.6206437888597495
EQT,0.6004243724979488,0.7062987036978332,0.556316081833342,0.4712669683903644,True,True,84,77,1.1615326574828966,1.383104360001302,1.751341542525385,0.055899324148496826,-1.6954422183768882,1.807240866673882,-3.4467837609022736,3.558582409199267,0.6908664315094168,0.5615849634491321
DVN,0.45432175630276384,0.4295459680669813,0.8382514322566457,0.8453130134562374,True,True,73,78,0.8960063599512283,0.8243801950214859,2.6251202472242485,0.11923602334013964,-2.505884223884109,2.744356270564388,-5.131004471108358,5.3694765177886365,0.9148956556136635,0.8551093716157606
RRC,0.7325738434997506,0.8726071641607682,0.6718837587787403,0.559551832662529,True,True,75,75,1.4482046113936615,1.6988395948343138,2.2686479689769454,0.08837266108674585,-2.1802753078901995,2.3570206300636913,-4.448923276867145,4.625668599040637,0.7162860231508257,0.6364079427707396
CNX,0.5701322943876569,0.6161826174672218,0.7260702596812407,0.6613058254860467,True,True,90,79,0.9860894845245418,1.1457947930008074,1.808009366696102,0.048390170569305044,-1.7596191961267968,1.856399537265407,-3.567628562822899,3.6644089039615086,0.7678792273863355,0.6868453416725514
