,mae,mae_main_etf,r2_score,r2_score_main_etf,chisquare_normal,chisquare_normal_main_etf,n_days_error_bt_mae,n_days_error_bt_main_etf_mae,mean_abs_diff_when_bt_mae,mean_abs_diff_when_bt_main_etf_mae,stock_std,mean,lower_sigma,upper_sigma,lower_two_sigma,upper_two_sigma,r2_score_full,r2_score_main_etf_full
SWN,0.649302544773106,0.6839250213511143,0.6255005165726474,0.5517747984766905,True,True,88,85,1.1374922489655441,1.2537771474725519,2.025892075182772,0.1474368837601757,-1.8784551914225962,2.1733289589429474,-3.904347266605368,4.19922103412572,0.6577435529853293,0.5805395648746411
RRC,0.6990505017464589,0.838115316627657,0.6704095202693929,0.5451294690860446,True,True,75,73,1.3494241545111816,1.627906580116653,2.261219393071358,0.10060094760031961,-2.1606184454710387,2.361820340671678,-4.421837838542396,4.6230397337430365,0.7182083179356487,0.6378565416148322
CNX,0.5639783630528925,0.6113499642487757,0.7088217697526689,0.6470909028734393,True,True,90,78,0.9717303521952183,1.127076053247617,1.8077151622466876,0.04521491344821133,-1.7625002487984762,1.852930075694899,-3.570215411045164,3.6606452379415866,0.7643372571864764,0.6857576976421513
AR,0.683107431269689,0.7090151126602786,0.6775014420984287,0.6371834255781927,True,True,83,83,1.2326200762744646,1.3282698057634132,2.353844045286339,0.30397066357981084,-2.0498733817065284,2.65781470886615,-4.403717426992867,5.0116587541524895,0.596637165091407,0.6170055423874641
EQT,0.6103640524075722,0.7075914609845197,0.528239642144281,0.425642516480243,True,True,82,75,1.169337940117966,1.3975286458553482,1.7458126636123898,0.06730707340531597,-1.6785055902070738,1.813119737017706,-3.4243182538194636,3.5589324006300957,0.6886952712898042,0.5576975420012384
DVN,0.4385439212729435,0.425114664119706,0.8234189200230002,0.8280255724061625,True,True,71,79,0.8833974582080338,0.8083026827615173,2.6244243034333516,0.13107781082676928,-2.4933464926065825,2.755502114260121,-5.117770796039934,5.379926417693473,0.9139059730834153,0.852600818682665
