,mae,mae_main_etf,r2_score,r2_score_main_etf,chisquare_normal,chisquare_normal_main_etf,n_days_error_bt_mae,n_days_error_bt_main_etf_mae,mean_abs_diff_when_bt_mae,mean_abs_diff_when_bt_main_etf_mae,stock_std,mean,lower_sigma,upper_sigma,lower_two_sigma,upper_two_sigma,r2_score_full,r2_score_main_etf_full
DVN,0.4541448119733823,0.423771930455218,0.8355920538507835,0.8444802702244374,True,True,74,80,0.8946944553089169,0.8118928515483631,2.622006533731245,0.11407057041715697,-2.507935963314088,2.7360771041484018,-5.129942497045333,5.358083637879647,0.9152145091848136,0.8561267860612882
CNX,0.5947933482567874,0.6354374719968321,0.6287172275953727,0.5786459050367911,True,True,88,77,1.0558339513861386,1.2135273734188006,1.8096334031238466,0.04617658846216271,-1.7634568146616838,1.8558099915860093,-3.5730902177855306,3.6654433947098557,0.7650813761427434,0.6866950213817016
EQT,0.6034139344925186,0.6971697494033583,0.5336022329584593,0.4628821498890906,True,True,86,77,1.1575352937870433,1.3561804485941023,1.749271727869117,0.05846558670437306,-1.690806141164744,1.80773731457349,-3.440077869033861,3.557009042442607,0.6900847199028384,0.5604741314616564
SWN,0.6775419346928716,0.6704792643712173,0.6039438098131968,0.5927721972277038,True,True,90,86,1.190769044889478,1.2251997531527032,2.024663365528483,0.13974538332896375,-1.8849179821995192,2.1644087488574466,-3.909581347728002,4.1890721143859295,0.6586617186859612,0.5851220343744101
AR,0.7120525736178911,0.733698476700564,0.6813376373674669,0.6554185426667574,True,True,79,86,1.3281421978308985,1.3584899746179016,2.354807438311882,0.2947488763345222,-2.06005856197736,2.649556314646404,-4.4148660002892415,5.0043637529582865,0.600984734933474,0.6192260119965721
RRC,0.7244068399556993,0.8562393317947823,0.6621689800335715,0.558344787493121,True,True,74,74,1.4554925913666188,1.673777974183009,2.265392703057101,0.09494419510246443,-2.1704485079546365,2.360336898159565,-4.435841211011737,4.625729601216666,0.71716199592247,0.6370312766141705
