,mae,mae_main_etf,r2_score,r2_score_main_etf,chisquare_normal,chisquare_normal_main_etf,n_days_error_bt_mae,n_days_error_bt_main_etf_mae,mean_abs_diff_when_bt_mae,mean_abs_diff_when_bt_main_etf_mae,stock_std,mean,lower_sigma,upper_sigma,lower_two_sigma,upper_two_sigma,r2_score_full,r2_score_main_etf_full
CNX,0.5625049788619506,0.6132379655968814,0.7121771182300524,0.6483382802299333,True,True,90,79,0.9717484636003629,1.1252637186892622,1.8056235334971937,0.04522776316212547,-1.7603957703350683,1.8508512966593191,-3.566019303832262,3.656474830156513,0.764674590026089,0.6852956021709753
RRC,0.6947012293813155,0.8430346050036966,0.6735180026033487,0.5476540642932183,True,True,76,73,1.3397852086635111,1.6314947201501309,2.2595328492536453,0.10386861980374755,-2.1556642294498976,2.363401469057393,-4.415197078703543,4.622934318311038,0.7184006782350186,0.6366655981195936
DVN,0.4396109540804947,0.4230147368202116,0.8210255108420906,0.8262113237658364,True,True,71,80,0.8834377804345951,0.8034211165418796,2.6191662233432225,0.1296065974535285,-2.489559625889694,2.748772820796751,-5.108725849232917,5.367939044139973,0.9138821541542332,0.8526370100339412
AR,0.6811135295432503,0.7192409144106789,0.6787097865990379,0.6318261021939315,True,True,83,85,1.239091252867803,1.3308587443857898,2.3463523250048963,0.29831055593987127,-2.048041769065025,2.6446628809447676,-4.394394094069922,4.9910152059496635,0.5969510581431462,0.6163599797500623
SWN,0.6483290467004855,0.6807670518489691,0.6282067717717994,0.5566505321136916,True,True,90,84,1.1270508793078848,1.2580598117373039,2.0228868856734215,0.14599253269974166,-1.8768943529736797,2.1688794183731632,-3.899781238647101,4.191766304046585,0.6580429327719348,0.5805309279319242
EQT,0.5993099432327107,0.699446063730966,0.5365507492901828,0.4401632759732492,True,True,82,75,1.1580697450600463,1.3754656052769747,1.7441380075060724,0.06699001276801526,-1.6771479947380572,1.8111280202740876,-3.4212860022441296,3.55526602778016,0.6893723819102097,0.557285164576174
