,mae,mae_main_etf,r2_score,r2_score_main_etf,chisquare_normal,chisquare_normal_main_etf,n_days_error_bt_mae,n_days_error_bt_main_etf_mae,mean_abs_diff_when_bt_mae,mean_abs_diff_when_bt_main_etf_mae,stock_std,mean,lower_sigma,upper_sigma,lower_two_sigma,upper_two_sigma,r2_score_full,r2_score_main_etf_full
DVN,0.450384502365676,0.4291944083214257,0.8396531183048169,0.8454744727946465,True,True,72,78,0.8957079255895317,0.8244102559743777,2.6265417191288707,0.11744320470644627,-2.5090985144224245,2.743984923835317,-5.135640233551295,5.370526642964188,0.9150327890979804,0.8550782158047672
EQT,0.6035701799454318,0.7007013208778679,0.5534734869804241,0.47613169111806175,True,True,85,76,1.159568420091449,1.3770532345627786,1.7521513101347275,0.05734548732406994,-1.6948058228106575,1.8094967974587974,-3.446957132945385,3.5616481075935247,0.6907967018325023,0.5630278502423859
RRC,0.7336427332536549,0.8651885612619081,0.6720424328899616,0.5665440396637906,True,True,75,74,1.4481299038990612,1.6901770381039682,2.2697790573398815,0.09009520872591119,-2.1796838486139705,2.3598742660657925,-4.449462905953852,4.629653323405674,0.7161695303154838,0.6378567027982054
AR,0.7010317224198505,0.7242887731334139,0.6934535029887754,0.6726391962093738,True,True,81,88,1.2988069806302611,1.3285265494111536,2.35839354539377,0.290180997585299,-2.068212547808471,2.6485745429790692,-4.426606093202241,5.006968088372839,0.6006921473784497,0.6217987560912738
CNX,0.574316172826383,0.6213680969624861,0.7210282820525549,0.6570485094624603,True,True,89,79,1.0010662827848689,1.1555228443931551,1.8127674813244674,0.04239132600102177,-1.7703761553234456,1.8551588073254892,-3.5831436366479132,3.6679262886499564,0.7653804827916274,0.6873489197588627
