,mae,mae_main_etf,r2_score,r2_score_main_etf,chisquare_normal,chisquare_normal_main_etf,n_days_error_bt_mae,n_days_error_bt_main_etf_mae,mean_abs_diff_when_bt_mae,mean_abs_diff_when_bt_main_etf_mae,stock_std,mean,lower_sigma,upper_sigma,lower_two_sigma,upper_two_sigma,r2_score_full,r2_score_main_etf_full
RRC,0.6932382724150457,0.8462946974514055,0.6738268083276873,0.5422456617501927,True,True,76,73,1.332679385183588,1.637719082835167,2.2595409244124176,0.10065108688534923,-2.1588898375270684,2.360192011297767,-4.418430761939486,4.619732935710185,0.7184920407261068,0.6373967417952796
SWN,0.6491245964010316,0.6835145696815463,0.6276866899086654,0.554444411498834,True,True,89,85,1.1329452286706703,1.255573764957487,2.024267980537021,0.14537850687583484,-1.878889473661186,2.1696464874128556,-3.9031574541982073,4.1939144679498765,0.6580512413681494,0.5805616216286418
DVN,0.43488570617397865,0.4184990888452711,0.822690174439417,0.8284737137382079,True,True,71,81,0.8779137594369892,0.791803041621704,2.620272137230302,0.1275123988880695,-2.4927597383422326,2.7477845361183717,-5.113031875572535,5.368056673348674,0.913991859116046,0.8527731636949937
AR,0.67553056757743,0.7118497676722607,0.6810176450303832,0.6369949792593488,True,True,83,85,1.226913216747611,1.3125841448472415,2.3468956958915306,0.29549160646137473,-2.051404089430156,2.642387302352905,-4.3982997853216865,4.989282998244436,0.5973358916240936,0.6171859530341407
CNX,0.5614847757279137,0.6147010734960566,0.7120917779880039,0.6469865555148004,True,True,90,79,0.9718065722123987,1.127936902924876,1.806671624229516,0.0441092934335206,-1.7625623307959954,1.8507809176630365,-3.569233955025511,3.6574525418925528,0.7646318600814015,0.6852705417769291
EQT,0.6032491958681016,0.7074794039723404,0.5360189261656882,0.4319954720466601,True,True,82,76,1.1608029173604646,1.385017747794189,1.745245063968154,0.06614948698342854,-1.6790955769847256,1.8113945509515825,-3.4243406409528796,3.5566396149197366,0.6893089328187927,0.5572406383018366
