,mae,mae_main_etf,r2_score,r2_score_main_etf,chisquare_normal,chisquare_normal_main_etf,n_days_error_bt_mae,n_days_error_bt_main_etf_mae,mean_abs_diff_when_bt_mae,mean_abs_diff_when_bt_main_etf_mae,stock_std,mean,lower_sigma,upper_sigma,lower_two_sigma,upper_two_sigma,r2_score_full,r2_score_main_etf_full
CNX,0.5739549422717289,0.6180809214115633,0.7130852935923875,0.6514884276287682,True,True,90,79,0.9884147639631019,1.140941950960668,1.8072812305941723,0.04629533839217272,-1.7609858922019996,1.853576568986345,-3.568267122796172,3.6608577995805174,0.764678618310868,0.6857543981812132
AR,0.6950285811522532,0.7265336066379253,0.6799819770864051,0.6384438288562864,True,True,84,86,1.2563406794970586,1.3405309166641022,2.3447751542650397,0.30146647651290714,-2.0433086777521323,2.646241630777947,-4.3880838320171724,4.991016785042986,0.5970512266637716,0.6165612694774245
DVN,0.44348234762924255,0.4266751855553706,0.8252271867011081,0.8302285399040565,True,True,72,79,0.8806979673957256,0.811780889465246,2.6186363728412814,0.12760541973040807,-2.491030953110873,2.7462417925716895,-5.109667325952155,5.3648781654129705,0.9140651969621699,0.8530653459394906
RRC,0.7144884473669957,0.8580355764597394,0.6673567921288113,0.5551867615320296,True,True,75,75,1.4026539978712114,1.6454125201786103,2.25831411987036,0.107374786775955,-2.1509393330944047,2.365688906646315,-4.409253452964765,4.624003026516674,0.717855999583696,0.63692407453256
EQT,0.6078478818380727,0.7067331505922235,0.5410102890462576,0.44823387846614315,True,True,84,76,1.16293526041725,1.3824442122436438,1.7461242750978925,0.06599100857345067,-1.6801332665244417,1.8121152836713432,-3.426257541622334,3.5582395587692357,0.6895672606859209,0.558502871747635
