,mae,mae_main_etf,r2_score,r2_score_main_etf,chisquare_normal,chisquare_normal_main_etf,n_days_error_bt_mae,n_days_error_bt_main_etf_mae,mean_abs_diff_when_bt_mae,mean_abs_diff_when_bt_main_etf_mae,stock_std,mean,lower_sigma,upper_sigma,lower_two_sigma,upper_two_sigma,r2_score_full,r2_score_main_etf_full
AR,0.6796436126300675,0.7124491640334252,0.6781169813418797,0.6351577194946136,True,True,82,84,1.2363771091614784,1.3212413711479973,2.352225534936631,0.3047887875360373,-2.0474367474005937,2.657014322472668,-4.399662282337224,5.009239857409299,0.5966622138116541,0.6168935795864972
EQT,0.6041076610436918,0.7036176923878866,0.532409135939371,0.4314561834563838,True,True,82,75,1.1608001966144745,1.3858339588903208,1.7450354617940154,0.06884909954963477,-1.6761863622443807,1.81388456134365,-3.421221824038396,3.5589200231376656,0.6888648094099161,0.5574179558409489
RRC,0.6938960561154646,0.8454013373265068,0.6728231082728584,0.5416477873947231,True,True,75,73,1.3412001110802736,1.6377190828243875,2.260395419781969,0.10287025741764794,-2.1575251623643212,2.363265677199617,-4.41792058214629,4.623661096981587,0.718390689182649,0.6374247658210201
SWN,0.6524018975790797,0.6815798601756892,0.6243059293552371,0.553492002588615,True,True,89,84,1.1329471662328274,1.2573445610757343,2.0245010065626308,0.14802966752620772,-1.876471339036423,2.1725306740888386,-3.9009723455990537,4.197031680651469,0.6576251884445377,0.5804966265706069
CNX,0.5618614423019569,0.6112549806200624,0.7101304947970988,0.6478106318800827,True,True,90,78,0.9718070844022918,1.1267587747825523,1.8067807171122887,0.04658083983364806,-1.7601998772786407,1.8533615569459367,-3.5669805943909294,3.6601422740582255,0.764427451316136,0.6855337612625698
DVN,0.4390798640058783,0.424174688809731,0.8219709373900641,0.8268591554270708,True,True,71,79,0.8834166848941747,0.808232664722967,2.6225402285565793,0.13095620535857572,-2.4915840231980035,2.753496433915155,-5.114124251754583,5.376036662471734,0.9138920647448109,0.8525972394328778
