,mae,mae_main_etf,r2_score,r2_score_main_etf,chisquare_normal,chisquare_normal_main_etf,n_days_error_bt_mae,n_days_error_bt_main_etf_mae,mean_abs_diff_when_bt_mae,mean_abs_diff_when_bt_main_etf_mae,stock_std,mean,lower_sigma,upper_sigma,lower_two_sigma,upper_two_sigma,r2_score_full,r2_score_main_etf_full
VALE,0.7344824509664839,0.9080421837504852,0.6842988273588195,0.5094917097698055,True,True,77,85,1.3965211183191202,1.6733356114591673,2.3341321441950917,0.11857668976709251,-2.2155554544279994,2.452708833962184,-4.549687598623091,4.786840978157276,0.8085921541903108,0.7389583152738348
