,mae,mae_main_etf,r2_score,r2_score_main_etf,chisquare_normal,chisquare_normal_main_etf,n_days_error_bt_mae,n_days_error_bt_main_etf_mae,mean_abs_diff_when_bt_mae,mean_abs_diff_when_bt_main_etf_mae,stock_std,mean,lower_sigma,upper_sigma,lower_two_sigma,upper_two_sigma,r2_score_full,r2_score_main_etf_full
VALE,0.7415546089511954,0.925960236240213,0.6846407436331414,0.5035150050920809,True,True,80,86,1.3922514975546705,1.7005705399514732,2.331934983883846,0.1307201373636981,-2.201214846520148,2.462655121247544,-4.533149830403993,4.79459010513139,0.8088906158702871,0.7374973173956628
