,mae,mae_main_etf,r2_score,r2_score_main_etf,chisquare_normal,chisquare_normal_main_etf,n_days_error_bt_mae,n_days_error_bt_main_etf_mae,mean_abs_diff_when_bt_mae,mean_abs_diff_when_bt_main_etf_mae,stock_std,mean,lower_sigma,upper_sigma,lower_two_sigma,upper_two_sigma,r2_score_full,r2_score_main_etf_full
VALE,0.7390098316183643,0.9157330177774738,0.6853010686096495,0.5091519544028851,True,True,79,85,1.3960731477189268,1.6961568906845454,2.333298227385613,0.12540400529562115,-2.2078942220899918,2.4587022326812344,-4.541192449475605,4.7920004600668475,0.8087501460715212,0.7380619280768115
