,mae,mae_main_etf,r2_score,r2_score_main_etf,chisquare_normal,chisquare_normal_main_etf,n_days_error_bt_mae,n_days_error_bt_main_etf_mae,mean_abs_diff_when_bt_mae,mean_abs_diff_when_bt_main_etf_mae,stock_std,mean,lower_sigma,upper_sigma,lower_two_sigma,upper_two_sigma,r2_score_full,r2_score_main_etf_full
VALE,0.7344824509639919,0.9080421837501679,0.6842988273642817,0.5094917097699735,True,True,77,85,1.3965211183101067,1.6733356114585274,2.3341321441950917,0.11857668976709244,-2.2155554544279994,2.452708833962184,-4.549687598623091,4.786840978157276,0.8085921541903124,0.7389583152738358
