,mae,mae_main_etf,r2_score,r2_score_main_etf,chisquare_normal,chisquare_normal_main_etf,n_days_error_bt_mae,n_days_error_bt_main_etf_mae,mean_abs_diff_when_bt_mae,mean_abs_diff_when_bt_main_etf_mae,stock_std,mean,lower_sigma,upper_sigma,lower_two_sigma,upper_two_sigma,r2_score_full,r2_score_main_etf_full
VALE,0.7372948880917003,0.9176637985595785,0.6850180457308279,0.5055642641702742,True,True,77,84,1.4047494742612916,1.7006339900518406,2.336059615676249,0.11335106636741141,-2.222708549308838,2.4494106820436605,-4.558768164985087,4.78547029771991,0.808803528233388,0.7388240880828831
