,mae,mae_main_etf,r2_score,r2_score_main_etf,chisquare_normal,chisquare_normal_main_etf,n_days_error_bt_mae,n_days_error_bt_main_etf_mae,mean_abs_diff_when_bt_mae,mean_abs_diff_when_bt_main_etf_mae,stock_std,mean,lower_sigma,upper_sigma,lower_two_sigma,upper_two_sigma,r2_score_full,r2_score_main_etf_full
VALE,0.7400313561612615,0.9175640855881432,0.6829581484507738,0.5053551513815279,True,True,79,85,1.3960580714184907,1.696176293179451,2.331990668863537,0.12688282476705898,-2.205107844096478,2.4588734936305956,-4.537098512960014,4.790864162494133,0.8087621706606256,0.7380678304263875
