,mae,mae_main_etf,r2_score,r2_score_main_etf,chisquare_normal,chisquare_normal_main_etf,n_days_error_bt_mae,n_days_error_bt_main_etf_mae,mean_abs_diff_when_bt_mae,mean_abs_diff_when_bt_main_etf_mae,stock_std,mean,lower_sigma,upper_sigma,lower_two_sigma,upper_two_sigma,r2_score_full,r2_score_main_etf_full
VALE,0.7317816658460948,0.912608619663462,0.6894409954188675,0.5166707916131996,True,True,79,86,1.3845030649826744,1.6787000829923973,2.3298003385492323,0.1262534623353963,-2.203546876213836,2.4560538008846287,-4.533347214763069,4.7858541394338605,0.8084909825257176,0.7364826641333075
