,mae,mae_main_etf,r2_score,r2_score_main_etf,chisquare_normal,chisquare_normal_main_etf,n_days_error_bt_mae,n_days_error_bt_main_etf_mae,mean_abs_diff_when_bt_mae,mean_abs_diff_when_bt_main_etf_mae,stock_std,mean,lower_sigma,upper_sigma,lower_two_sigma,upper_two_sigma,r2_score_full,r2_score_main_etf_full
VALE,0.7162071140206665,0.8890469494604418,0.6877903405577411,0.5058377838244803,True,True,78,84,1.3431894892262066,1.642285930932015,2.33023891319381,0.10965270386156825,-2.2205862093322417,2.439891617055378,-4.550825122526051,4.7701305302491885,0.8107914361164732,0.7411360304350494
