,mae,mae_main_etf,r2_score,r2_score_main_etf,chisquare_normal,chisquare_normal_main_etf,n_days_error_bt_mae,n_days_error_bt_main_etf_mae,mean_abs_diff_when_bt_mae,mean_abs_diff_when_bt_main_etf_mae,stock_std,mean,lower_sigma,upper_sigma,lower_two_sigma,upper_two_sigma,r2_score_full,r2_score_main_etf_full
VALE,0.7098057928630388,0.884509202862624,0.6993454173051403,0.5208063265177454,True,True,78,86,1.3286676460477058,1.6105477708403215,2.3333582482980986,0.11047644385178809,-2.2228818044463106,2.4438346921498866,-4.556240052744409,4.777192940447986,0.8117157160355128,0.7420260023877054
