,mae,mae_main_etf,r2_score,r2_score_main_etf,chisquare_normal,chisquare_normal_main_etf,n_days_error_bt_mae,n_days_error_bt_main_etf_mae,mean_abs_diff_when_bt_mae,mean_abs_diff_when_bt_main_etf_mae,stock_std,mean,lower_sigma,upper_sigma,lower_two_sigma,upper_two_sigma,r2_score_full,r2_score_main_etf_full
VALE,0.7254537831974938,0.8968820676443244,0.6834363307801197,0.5047965066153008,True,True,79,85,1.3552841818483488,1.6485612439920019,2.3316638788966912,0.10693537206115905,-2.224728506835532,2.4385992509578505,-4.556392385732224,4.770263129854541,0.8098078592164553,0.7401974513064007
