,mae,mae_main_etf,r2_score,r2_score_main_etf,chisquare_normal,chisquare_normal_main_etf,n_days_error_bt_mae,n_days_error_bt_main_etf_mae,mean_abs_diff_when_bt_mae,mean_abs_diff_when_bt_main_etf_mae,stock_std,mean,lower_sigma,upper_sigma,lower_two_sigma,upper_two_sigma,r2_score_full,r2_score_main_etf_full
VALE,0.731781665852638,0.9126086196650633,0.6894409954057314,0.5166707916130818,True,True,79,86,1.3845030650106944,1.678700082995465,2.329800338549232,0.1262534623353963,-2.2035468762138355,2.456053800884628,-4.533347214763068,4.78585413943386,0.8084909825257177,0.7364826641333067
