,mae,mae_main_etf,r2_score,r2_score_main_etf,chisquare_normal,chisquare_normal_main_etf,n_days_error_bt_mae,n_days_error_bt_main_etf_mae,mean_abs_diff_when_bt_mae,mean_abs_diff_when_bt_main_etf_mae,stock_std,mean,lower_sigma,upper_sigma,lower_two_sigma,upper_two_sigma,r2_score_full,r2_score_main_etf_full
VALE,0.7164441397294662,0.8897829168336218,0.6895695246216489,0.5069774355022867,True,True,78,84,1.3391726295054525,1.638111280802902,2.331729593089387,0.11101456254598377,-2.220715030543403,2.442744155635371,-4.55244462363279,4.774473748724758,0.811110773340492,0.7412475161680919
