,mae,mae_main_etf,r2_score,r2_score_main_etf,chisquare_normal,chisquare_normal_main_etf,n_days_error_bt_mae,n_days_error_bt_main_etf_mae,mean_abs_diff_when_bt_mae,mean_abs_diff_when_bt_main_etf_mae,stock_std,mean,lower_sigma,upper_sigma,lower_two_sigma,upper_two_sigma,r2_score_full,r2_score_main_etf_full
VALE,0.7410958827566203,0.9223618283630984,0.6867633089483858,0.5076885796711477,True,True,80,86,1.390731959294211,1.6991728075026427,2.333497317193811,0.13141835438494937,-2.2020789628088617,2.4649156715787606,-4.535576280002673,4.798412988772571,0.8090621141401968,0.7377615216869732
