,EWZ,XLE,BBL
VALE,0.8603848815590588,0.6953785861114666,0.7894808842945714
