,EWZ,XLE,BBL
VALE,0.8609378079935459,0.6961725279611399,0.7900221613951416
