,EWZ,XLE,BBL
VALE,0.9241741924522082,0.9253301787186993,0.8612046222218978
