,EWZ,XLE,BBL
VALE,0.8583340024391238,0.6896538421145502,0.7883298190362972
