,EWZ,XLE,BBL
VALE,0.8590474688896542,0.6908557871609369,0.7886363313956336
