,EWZ,XLE,BBL
VALE,0.8591995463212615,0.6905134592127499,0.7881594470718871
