,EWZ,XLE,BBL
VALE,0.8596259600087143,0.6923122846288007,0.7887736018441842
