,EWZ,XLE,BBL
VALE,0.8939675888444686,0.9324142851622785,0.8644245106007731
