,EWZ,XLE,BBL
VALE,0.9255748194529411,0.9192243417018559,0.862868592049797
