,EWZ,XLE,BBL
VALE,0.8596980607241999,0.6908258704485415,0.7899198149363119
