,EWZ,XLE,BBL
VALE,0.8583340024391239,0.68965384211455,0.7883298190362968
