,EWZ,XLE,BBL
VALE,0.9254266684252827,0.9158934534631473,0.8618298570151289
