,EWZ,XLE,BBL
VALE,0.8478910933745103,0.7031691707021515,0.7894236036000378
