,EWZ,XLE,BBL
VALE,0.9256374492506555,0.9208918378553614,0.8651081760660292
