,EWZ,XLE,BBL
VALE,0.9263583415159276,0.9169949383531107,0.8623995891815487
