,EWZ,XLE,BBL
VALE,0.925520561787046,0.9157306830364907,0.8606856563086666
