,EWZ,XLE,BBL
VALE,0.9236105645954462,0.9256026828138147,0.8609350146386384
