,EWZ,XLE,BBL
VALE,0.924345383429365,0.9255829380891365,0.861017970162439
