,EWZ,XLE,BBL
VALE,0.8948479956077589,0.9324212086298259,0.8624546924954815
