,EWZ,XLE,BBL
VALE,0.8486189393081682,0.7030904226341085,0.7887846759863933
