,EWZ,XLE,BBL
VALE,0.9236016384911324,0.9234910134486058,0.8606078887154054
