,EWZ,XLE,BBL
VALE,0.895477983469975,0.9324289319508761,0.8648660110887563
