,EWZ,XLE,BBL
VALE,0.8596980607241999,0.6908258704485414,0.789919814936312
