,EWZ,XLE,BBL
VALE,0.8486189393081682,0.7030904226341081,0.7899922447028196
