,EWZ,XLE,BBL
VALE,0.8610085568783733,0.6963717168472061,0.7903811843569201
