,EWZ,XLE,BBL
VALE,0.8588835050295223,0.6907256027060086,0.7885808728792536
