,EWZ,XLE,BBL
VALE,0.923578786409275,0.9065716750348295,0.8621225428041639
