,EWZ,XLE,BBL
VALE,0.8596259600087146,0.6923122846288011,0.7887736018441838
