,EWZ,XLE,BBL
VALE,0.8482780452983095,0.7030927414919553,0.788747333126776
