,EWZ,XLE,BBL
VALE,0.9255748194529421,0.9192243417018564,0.8628685920497966
