,EWZ,XLE,BBL
VALE,0.9235787864092755,0.9065716750348293,0.8621225428041637
