,EWZ,XLE,BBL
VALE,0.8954779834699749,0.9324289319508763,0.8625693152017865
