,EWZ,XLE,BBL
VALE,0.8592075713551256,0.6906195616779974,0.7879400109023457
