,EWZ,XLE,BBL
VALE,0.9261546565525155,0.9168080109040064,0.8609180009727636
