,EWZ,XLE,BBL
VALE,0.8483700767649812,0.7032666734363834,0.7899003258894426
