,EWZ,XLE,BBL
VALE,0.8614493982879161,0.6963666001160637,0.7904544866228189
