,EWZ,XLE,BBL
VALE,0.8948907027804014,0.9326336659147975,0.8649054997841232
