,EWZ,XLE,BBL
VALE,0.9256374492506549,0.9208918378553612,0.8651081760660293
