,mae,mae_main_etf,r2_score,r2_score_main_etf,chisquare_normal,chisquare_normal_main_etf,n_days_error_bt_mae,n_days_error_bt_main_etf_mae,mean_abs_diff_when_bt_mae,mean_abs_diff_when_bt_main_etf_mae,stock_std,mean,lower_sigma,upper_sigma,lower_two_sigma,upper_two_sigma,r2_score_full,r2_score_main_etf_full
CENX,1.015024950830341,1.4504823278539332,0.5492983343818398,0.2146775010922728,True,True,77,89,1.9639532233822006,2.5244805614549914,2.0118808713884158,0.1527944178601132,-1.8590864535283025,2.164675289248529,-3.8709673249167182,4.176556160636944,0.7271318836695913,0.27610673519393825
