,mae,mae_main_etf,r2_score,r2_score_main_etf,chisquare_normal,chisquare_normal_main_etf,n_days_error_bt_mae,n_days_error_bt_main_etf_mae,mean_abs_diff_when_bt_mae,mean_abs_diff_when_bt_main_etf_mae,stock_std,mean,lower_sigma,upper_sigma,lower_two_sigma,upper_two_sigma,r2_score_full,r2_score_main_etf_full
CENX,1.0358809648467364,1.4301962005450881,0.5243085969058033,0.21689961188220708,True,True,77,88,1.9871575380058146,2.4859224933575073,2.0044683982587905,0.15564483320382017,-1.8488235650549703,2.160113231462611,-3.853291963313761,4.164581629721401,0.7236558544008119,0.2767052924553126
