,mae,mae_main_etf,r2_score,r2_score_main_etf,chisquare_normal,chisquare_normal_main_etf,n_days_error_bt_mae,n_days_error_bt_main_etf_mae,mean_abs_diff_when_bt_mae,mean_abs_diff_when_bt_main_etf_mae,stock_std,mean,lower_sigma,upper_sigma,lower_two_sigma,upper_two_sigma,r2_score_full,r2_score_main_etf_full
CENX,1.01452908751707,1.4585962138350206,0.5537547119983721,0.2134395475574853,True,True,77,90,1.9639532233709913,2.532020574102874,2.0145740591798327,0.15762746111181122,-1.8569465980680215,2.172201520291644,-3.871520657247854,4.186775579471477,0.7279087775128633,0.27503610525590383
