,mae,mae_main_etf,r2_score,r2_score_main_etf,chisquare_normal,chisquare_normal_main_etf,n_days_error_bt_mae,n_days_error_bt_main_etf_mae,mean_abs_diff_when_bt_mae,mean_abs_diff_when_bt_main_etf_mae,stock_std,mean,lower_sigma,upper_sigma,lower_two_sigma,upper_two_sigma,r2_score_full,r2_score_main_etf_full
CENX,1.0366367514581032,1.4293050805989818,0.5229393734324399,0.21714955185207707,True,True,77,88,1.9916664140603033,2.4858865215582937,2.003983262157815,0.15330124983222274,-1.850682012325592,2.1572845119900377,-3.854665274483407,4.161267774147852,0.7233084244747181,0.27694294294255495
