,mae,mae_main_etf,r2_score,r2_score_main_etf,chisquare_normal,chisquare_normal_main_etf,n_days_error_bt_mae,n_days_error_bt_main_etf_mae,mean_abs_diff_when_bt_mae,mean_abs_diff_when_bt_main_etf_mae,stock_std,mean,lower_sigma,upper_sigma,lower_two_sigma,upper_two_sigma,r2_score_full,r2_score_main_etf_full
CENX,1.0326530919464492,1.4274027097977926,0.5252100041498677,0.21774220084603546,True,True,77,88,1.978300441881625,2.479223600612398,2.0043591172294644,0.15265572455787632,-1.851703392671588,2.1570148417873405,-3.8560625099010526,4.161373959016805,0.7241070079178249,0.2773033630732543
