,mae,mae_main_etf,r2_score,r2_score_main_etf,chisquare_normal,chisquare_normal_main_etf,n_days_error_bt_mae,n_days_error_bt_main_etf_mae,mean_abs_diff_when_bt_mae,mean_abs_diff_when_bt_main_etf_mae,stock_std,mean,lower_sigma,upper_sigma,lower_two_sigma,upper_two_sigma,r2_score_full,r2_score_main_etf_full
CENX,1.01230933103091,1.4455700210810545,0.5497639199589577,0.2146387516958247,True,True,76,91,1.973253632070358,2.5025585157153873,2.013387937730136,0.15878213293484114,-1.854605804795295,2.1721700706649774,-3.8679937425254307,4.185558008395113,0.7278486898516867,0.2752187710411349
