,mae,mae_main_etf,r2_score,r2_score_main_etf,chisquare_normal,chisquare_normal_main_etf,n_days_error_bt_mae,n_days_error_bt_main_etf_mae,mean_abs_diff_when_bt_mae,mean_abs_diff_when_bt_main_etf_mae,stock_std,mean,lower_sigma,upper_sigma,lower_two_sigma,upper_two_sigma,r2_score_full,r2_score_main_etf_full
CENX,1.0326581789389948,1.4354676132000685,0.5225804191203623,0.20725834532335508,True,True,78,87,1.9791886917095165,2.513420245655616,2.0003887358133516,0.15143422740211146,-1.8489545084112402,2.151822963215463,-3.849343244224592,4.152211699028815,0.7230643592242786,0.27202037191890593
