,mae,mae_main_etf,r2_score,r2_score_main_etf,chisquare_normal,chisquare_normal_main_etf,n_days_error_bt_mae,n_days_error_bt_main_etf_mae,mean_abs_diff_when_bt_mae,mean_abs_diff_when_bt_main_etf_mae,stock_std,mean,lower_sigma,upper_sigma,lower_two_sigma,upper_two_sigma,r2_score_full,r2_score_main_etf_full
CENX,1.0122021921360875,1.4551832556941813,0.551904850295656,0.2177118543559845,True,True,77,90,1.957983751481734,2.513900873177093,2.0080129829613993,0.16386720452907885,-1.8441457784323205,2.171880187490478,-3.85215876139372,4.179893170451877,0.724945400673999,0.27252210805242394
