,mae,mae_main_etf,r2_score,r2_score_main_etf,chisquare_normal,chisquare_normal_main_etf,n_days_error_bt_mae,n_days_error_bt_main_etf_mae,mean_abs_diff_when_bt_mae,mean_abs_diff_when_bt_main_etf_mae,stock_std,mean,lower_sigma,upper_sigma,lower_two_sigma,upper_two_sigma,r2_score_full,r2_score_main_etf_full
CENX,1.0134599672460667,1.445934814248705,0.5488413460169776,0.21653746336154867,True,True,77,90,1.9638148482047864,2.5065735051604565,2.01265129734711,0.1508674649969963,-1.8617838323501137,2.1635187623441063,-3.8744351296972237,4.176170059691216,0.7269907824444375,0.2774182218893124
