,mae,mae_main_etf,r2_score,r2_score_main_etf,chisquare_normal,chisquare_normal_main_etf,n_days_error_bt_mae,n_days_error_bt_main_etf_mae,mean_abs_diff_when_bt_mae,mean_abs_diff_when_bt_main_etf_mae,stock_std,mean,lower_sigma,upper_sigma,lower_two_sigma,upper_two_sigma,r2_score_full,r2_score_main_etf_full
CENX,1.012202192140713,1.4551832556941562,0.5519048502933404,0.21771185435607354,True,True,77,90,1.9579837514887888,2.513900873176921,2.0080129829613993,0.16386720452907888,-1.8441457784323205,2.171880187490478,-3.85215876139372,4.179893170451877,0.7249454006739987,0.2725221080524244
