,mae,mae_main_etf,r2_score,r2_score_main_etf,chisquare_normal,chisquare_normal_main_etf,n_days_error_bt_mae,n_days_error_bt_main_etf_mae,mean_abs_diff_when_bt_mae,mean_abs_diff_when_bt_main_etf_mae,stock_std,mean,lower_sigma,upper_sigma,lower_two_sigma,upper_two_sigma,r2_score_full,r2_score_main_etf_full
CENX,1.044836677884998,1.4361256343421915,0.5248487670045157,0.22355000727533703,True,True,75,87,2.0244571338982293,2.501249460695989,2.0057431758000437,0.15325141860146022,-1.8524917571985835,2.158994594401504,-3.858234932998627,4.164737770201548,0.7240910378054671,0.27734557091448564
