,mae,mae_main_etf,r2_score,r2_score_main_etf,chisquare_normal,chisquare_normal_main_etf,n_days_error_bt_mae,n_days_error_bt_main_etf_mae,mean_abs_diff_when_bt_mae,mean_abs_diff_when_bt_main_etf_mae,stock_std,mean,lower_sigma,upper_sigma,lower_two_sigma,upper_two_sigma,r2_score_full,r2_score_main_etf_full
AR,0.6575821243695328,0.7265336066355372,0.7100872934763652,0.6384438288582909,True,True,80,86,1.2376541431005408,1.3405309166595876,2.327111349023631,0.2900213865169497,-2.037089962506681,2.6171327355405807,-4.364201311530312,4.944244084564211,0.6327955372991303,0.6165612694774243
DVN,0.46121105842480076,0.4266751855553833,0.8116381186603816,0.8302285399040414,True,True,78,79,0.8941577295776083,0.8117808894653051,2.5988707197077576,0.1286039579346261,-2.4702667617731313,2.727474677642384,-5.069137481480889,5.326345397350141,0.867443328388569,0.8530653459394911
RRC,0.6611150937508748,0.8580355764580289,0.7057101560013468,0.5551867615337923,True,True,74,75,1.3248358949902252,1.6454125201755105,2.253221329231115,0.11393000233746649,-2.1392913268936486,2.3671513315685817,-4.392512656124764,4.620372660799696,0.755697311459615,0.6369240745325604
EOG,0.4408597519170909,0.4147108337149036,0.7861067928648504,0.8020144454575207,True,True,82,83,0.8287431232366393,0.7837188069468397,2.2092718731520673,0.0726718684557708,-2.1366000046962963,2.2819437416078383,-4.345871877848364,4.491215614759906,0.8277284513681518,0.7984823329107362
EQT,0.5458467854784085,0.7067331505922689,0.6285426535783329,0.4482338784661054,True,True,72,76,1.1297948268497382,1.3824442122437182,1.7562113666384798,0.06267612336890507,-1.6935352432695747,1.8188874900073848,-3.4497466099080545,3.5750988566458646,0.693268703385389,0.558502871747634
