,mae,mae_main_etf,r2_score,r2_score_main_etf,chisquare_normal,chisquare_normal_main_etf,n_days_error_bt_mae,n_days_error_bt_main_etf_mae,mean_abs_diff_when_bt_mae,mean_abs_diff_when_bt_main_etf_mae,stock_std,mean,lower_sigma,upper_sigma,lower_two_sigma,upper_two_sigma,r2_score_full,r2_score_main_etf_full
EQT,0.5494679661433928,0.6990918497274676,0.6372127175417928,0.4785644493687442,True,True,72,76,1.1394091234935262,1.3691155093819247,1.7648626664506988,0.054434640755229566,-1.7104280256954691,1.8192973072059284,-3.475290692146168,3.584159973656627,0.6944079379726468,0.5633226517950556
AR,0.6688333618997706,0.732379039145615,0.7212518983366638,0.6683801515576121,True,True,79,86,1.272762210411357,1.3523842019458887,2.3444524725440665,0.27495032217990684,-2.0695021503641597,2.6194027947239733,-4.413954622908226,4.96385526726804,0.6358118282057873,0.6213742476268143
EOG,0.4402329260534088,0.41028278863148,0.7974339660631765,0.8145563350494995,True,True,80,81,0.8379630261843932,0.7873515697480182,2.216848985751018,0.06314234290566886,-2.153706642845349,2.2799913286566866,-4.3705556285963665,4.496840314407705,0.8293609021208473,0.800410917668728
DVN,0.46430589244124787,0.4247218827779983,0.8219950961569102,0.840384869689638,True,True,76,81,0.9055486229697486,0.8020590532535706,2.6086061533529783,0.11755744470352779,-2.4910487086494504,2.726163598056506,-5.099654862002429,5.3347697514094845,0.8687452505859021,0.8545629636252459
RRC,0.675278553774882,0.8594665546344716,0.7096442028200658,0.5738341307205972,True,True,74,75,1.3576712544472378,1.6495215061320143,2.2669008409562807,0.09595031301268102,-2.1709505279436,2.3628511539689616,-4.437851368899881,4.629751994925242,0.7539245646630759,0.6395443387344073
