,mae,mae_main_etf,r2_score,r2_score_main_etf,chisquare_normal,chisquare_normal_main_etf,n_days_error_bt_mae,n_days_error_bt_main_etf_mae,mean_abs_diff_when_bt_mae,mean_abs_diff_when_bt_main_etf_mae,stock_std,mean,lower_sigma,upper_sigma,lower_two_sigma,upper_two_sigma,r2_score_full,r2_score_main_etf_full
AR,0.6819800533321383,0.7336984766967645,0.7037116992347126,0.6554185426699635,True,True,81,86,1.2815143678696095,1.3584899746105437,2.3375045225184485,0.2834901251114223,-2.0540143974070264,2.6209946476298707,-4.391518919925475,4.958499170148319,0.6345579289094232,0.6192260119965717
SWN,0.6483827964593916,0.6704792643712317,0.6376304861313883,0.5927721972276925,True,True,84,86,1.166294382135985,1.2251997531527288,2.0299594447410327,0.13358630780839084,-1.896373136932642,2.1635457525494237,-3.9263325816736745,4.193505197290456,0.6833545802776981,0.5851220343744095
DVN,0.462160087225379,0.42377193045521827,0.8245246351511799,0.8444802702244338,True,True,71,80,0.9424376111710508,0.8118928515483784,2.602625917460356,0.11497597924714453,-2.4876499382132113,2.7176018967075004,-5.090275855673568,5.320227814167856,0.8696639707090977,0.8561267860612898
EQT,0.557044497185244,0.6971697494034453,0.6153454830239178,0.4628821498890251,True,True,75,77,1.1381167385439668,1.3561804485942244,1.7591581117851725,0.05520633593682685,-1.7039517758483456,1.8143644477219993,-3.463109887633518,3.573522559507172,0.6944333601239526,0.5604741314616559
RRC,0.6780094339004028,0.8562393318035966,0.6930832674035072,0.5583447874853245,True,True,73,74,1.391131517750226,1.67377797419747,2.260453933297754,0.10136283948359391,-2.15909109381416,2.3618167727813475,-4.419545027111914,4.622270706079101,0.7530967184141217,0.637031276614171
EOG,0.44348204550957027,0.41421032389857476,0.7989712534321266,0.8214935992314336,True,True,78,82,0.8648922752000551,0.7951270726826962,2.2135480316084637,0.07753866786835323,-2.1360093637401105,2.291086699476817,-4.349557395348574,4.504634731085281,0.8292248447000324,0.8016672240381775
