,mae,mae_main_etf,r2_score,r2_score_main_etf,chisquare_normal,chisquare_normal_main_etf,n_days_error_bt_mae,n_days_error_bt_main_etf_mae,mean_abs_diff_when_bt_mae,mean_abs_diff_when_bt_main_etf_mae,stock_std,mean,lower_sigma,upper_sigma,lower_two_sigma,upper_two_sigma,r2_score_full,r2_score_main_etf_full
RRC,0.6442425681211665,0.843034605002753,0.7087701341842446,0.5476540642942183,True,True,76,73,1.2619645344912036,1.63149472014844,2.2544402004813895,0.11043755574261736,-2.144002644738772,2.364877756224007,-4.398442845220162,4.619317956705396,0.7559009092734623,0.6366655981195942
EOG,0.4366990435705792,0.410920093596409,0.7850444054196624,0.8001483065388671,True,True,80,81,0.8301460163266043,0.7880153771648143,2.211430775649732,0.07276388249971114,-2.138666893150021,2.2841946581494432,-4.350097668799753,4.495625433799175,0.8276665420044095,0.7982450672469749
DVN,0.4586191470517597,0.423014736820233,0.8071383953995133,0.8262113237658064,True,True,78,80,0.8893417363976643,0.8034211165419883,2.5993211420931384,0.1306209634642287,-2.4687001786289096,2.729942105557367,-5.068021320722048,5.3292632476505055,0.8671039411287701,0.8526370100339408
AR,0.6476343098702764,0.7192409144097507,0.7062716935002928,0.63182610219473,True,True,83,85,1.1987549527722716,1.3308587443840922,2.328635453153741,0.28682755313377567,-2.041807900019965,2.615463006287517,-4.370443353173706,4.944098459441258,0.632470355231083,0.6163599797500621
SWN,0.6236959789966784,0.6807670518489262,0.6578441796586294,0.5566505321137312,True,True,88,84,1.0879616123524316,1.2580598117372312,2.028322590107264,0.13969295392820097,-1.888629636179063,2.168015544035465,-3.916952226286327,4.196338134142729,0.6824681109354778,0.5805309279319251
EQT,0.5435304715894749,0.6994460637309589,0.6206726942948414,0.4401632759732551,True,True,71,75,1.1304772679533792,1.3754656052769634,1.7542816213787145,0.06366092091259304,-1.6906207004661213,1.8179425422913076,-3.444902321844836,3.572224163670022,0.6919430978254866,0.557285164576173
