,mae,mae_main_etf,r2_score,r2_score_main_etf,chisquare_normal,chisquare_normal_main_etf,n_days_error_bt_mae,n_days_error_bt_main_etf_mae,mean_abs_diff_when_bt_mae,mean_abs_diff_when_bt_main_etf_mae,stock_std,mean,lower_sigma,upper_sigma,lower_two_sigma,upper_two_sigma,r2_score_full,r2_score_main_etf_full
RRC,0.6433354997618803,0.846294697449249,0.7087358021571792,0.5422456617524096,True,True,77,73,1.2495373361901176,1.637719082831366,2.254450399631237,0.10722481739220249,-2.1472255822390345,2.361675217023439,-4.401675981870271,4.616125616654676,0.7559918669403972,0.6373967417952799
SWN,0.6235513195184771,0.683514569681567,0.6576723350716844,0.5544444114988127,True,True,87,85,1.0938898159091017,1.2555737649575258,2.0297038465440544,0.13907081747241454,-1.89063302907164,2.168774664016469,-3.9203368756156944,4.198478510560523,0.6825181712795514,0.5805616216286424
DVN,0.4547637689449453,0.4184990888452314,0.8086524263210612,0.8284737137382543,True,True,76,81,0.8940639212703959,0.7918030416215611,2.6004140116192866,0.1285161562125289,-2.4718978554067577,2.7289301678318156,-5.072311867026045,5.329344179451102,0.8671759256950997,0.8527731636949943
AR,0.6426409286555357,0.7118497676764475,0.708152704700711,0.6369949792557539,True,True,82,85,1.1945392492103806,1.312584144854845,2.329143797349144,0.28398775532833365,-2.0451560420208104,2.613131552677477,-4.374299839369954,4.942275350026621,0.6327960018179218,0.6171859530341408
EQT,0.5469790211441671,0.707479403972345,0.6199613238828396,0.4319954720466569,True,True,72,76,1.126796001840785,1.3850177477941956,1.7553951587322363,0.06281563247871386,-1.6925795262535224,1.8182107912109502,-3.4479746849857587,3.5736059499431865,0.6918965989727333,0.5572406383018355
EOG,0.435261812502519,0.41098275878372664,0.7870041607445706,0.8014502896598347,True,True,80,81,0.8297464432135241,0.7880244053161707,2.2130048278331094,0.07312288266176115,-2.139881945171348,2.2861277104948705,-4.352886773004458,4.49913253832798,0.8277120783596026,0.7982334020101098
