,mae,mae_main_etf,r2_score,r2_score_main_etf,chisquare_normal,chisquare_normal_main_etf,n_days_error_bt_mae,n_days_error_bt_main_etf_mae,mean_abs_diff_when_bt_mae,mean_abs_diff_when_bt_main_etf_mae,stock_std,mean,lower_sigma,upper_sigma,lower_two_sigma,upper_two_sigma,r2_score_full,r2_score_main_etf_full
EOG,0.44137707404372334,0.41190555911885757,0.8042067873484198,0.8249597070013721,True,True,80,83,0.8482141058389662,0.7848534451608686,2.2155011081249047,0.07735432751798409,-2.1381467806069208,2.2928554356428887,-4.3536478887318255,4.5083565437677935,0.8290767933224613,0.80157840088181
RRC,0.6801583120111473,0.8630049843696678,0.6958424442967011,0.5604715835962744,True,True,74,75,1.3848041534872206,1.6735887940119096,2.2629372742477787,0.10024883693641391,-2.1626884373113646,2.3631861111841928,-4.425625711559143,4.626123385431971,0.7527486913708887,0.6366917126406431
SWN,0.6520533418437106,0.6692150030176423,0.6398267731787435,0.598069979064324,True,True,83,87,1.1749201765240358,1.216479648395772,2.0314273569019785,0.13370797752528377,-1.8977193793766947,2.165135334427262,-3.9291467362786734,4.196562691329241,0.6834094976140228,0.5856129977201141
DVN,0.46305771870667095,0.42837496082989057,0.826605843333771,0.8449762964974916,True,True,75,78,0.9201948855246926,0.8250238080916831,2.602740892698484,0.12303319934391811,-2.4797076933545656,2.725774092042402,-5.08244858605305,5.3285149847408855,0.8688030316156794,0.8551237700862209
EQT,0.5565067762297142,0.7029607128578674,0.6221042733420075,0.4648154139756231,True,True,75,78,1.1349682348157912,1.3651836974662244,1.7600791673805347,0.05506761410318359,-1.705011553277351,1.8151467814837183,-3.465090720657886,3.575225948864253,0.6941309629634642,0.560404147434935
AR,0.6763621877044885,0.7331353718187336,0.7100125352693969,0.659236933709078,True,True,80,86,1.2846632313583535,1.3647373703246801,2.3435753655736433,0.2762994552498855,-2.0672759103237577,2.619874820823529,-4.410851275897401,4.963450186397172,0.6358487248290134,0.6206813971372472
