,mae,mae_main_etf,r2_score,r2_score_main_etf,chisquare_normal,chisquare_normal_main_etf,n_days_error_bt_mae,n_days_error_bt_main_etf_mae,mean_abs_diff_when_bt_mae,mean_abs_diff_when_bt_main_etf_mae,stock_std,mean,lower_sigma,upper_sigma,lower_two_sigma,upper_two_sigma,r2_score_full,r2_score_main_etf_full
DVN,0.46216008722555,0.4237719304552169,0.8245246351511676,0.844480270224451,True,True,71,80,0.9424376111712524,0.8118928515483053,2.602625917460356,0.11497597924714453,-2.4876499382132113,2.7176018967075004,-5.090275855673568,5.320227814167856,0.8696639707090981,0.8561267860612884
EQT,0.5570444971747731,0.697169749403411,0.6153454830309069,0.46288214988905096,True,True,75,77,1.1381167385374211,1.356180448594176,1.7591581117851725,0.05520633593682685,-1.7039517758483456,1.8143644477219993,-3.463109887633518,3.573522559507172,0.6944333601239525,0.5604741314616565
SWN,0.6483827964563067,0.6704792643712485,0.6376304861341355,0.5927721972276796,True,True,84,86,1.1662943821315486,1.2251997531527576,2.0299594447410327,0.13358630780839084,-1.896373136932642,2.1635457525494237,-3.9263325816736745,4.193505197290456,0.6833545802776997,0.5851220343744096
AR,0.6819800533305229,0.733698476705517,0.7037116992353132,0.6554185426625776,True,True,81,86,1.281514367869254,1.3584899746274934,2.337504522518449,0.2834901251114223,-2.054014397407027,2.620994647629871,-4.391518919925476,4.95849917014832,0.6345579289094228,0.6192260119965719
EOG,0.4434820455226652,0.41421032389857476,0.7989712534235464,0.8214935992314336,True,True,78,82,0.8648922752213749,0.7951270726826962,2.2135480316084637,0.07753866786835321,-2.1360093637401105,2.291086699476817,-4.349557395348574,4.504634731085281,0.829224844700033,0.8016672240381773
RRC,0.6780094338999221,0.8562393318015785,0.6930832674052219,0.5583447874871093,True,True,73,74,1.3911315177501538,1.6737779741941592,2.260453933297754,0.10136283948359393,-2.15909109381416,2.3618167727813475,-4.419545027111914,4.622270706079101,0.7530967184141208,0.6370312766141706
