,mae,mae_main_etf,r2_score,r2_score_main_etf,shapiro_normal,pearson_normal,ks_normal,chisquare_normal,shapiro_normal_main_etf,pearson_normal_main_etf,ks_normal_main_etf,chisquare_normal_main_etf,n_days_error_bt_mae,n_days_error_bt_main_etf_mae,mean_abs_diff_when_bt_mae,mean_abs_diff_when_bt_main_etf_mae,stock_std,mean,lower_sigma,upper_sigma,lower_two_sigma,upper_two_sigma,r2_score_full,r2_score_main_etf_full
DVN,0.5199241368886606,0.49669309857501154,0.7533709921710143,0.7273730712418081,False,False,False,True,False,False,False,True,67,64,1.07911017584882,1.0744460695522773,2.6288855307105368,0.12017036480441465,-2.508715165906122,2.7490558955149513,-5.1376006966166585,5.3779414262254885,0.8599052069118833,0.8402494131525833
SWN,0.6175826965048763,0.7190383070536859,0.6367771619033694,0.4579172011302943,False,False,False,True,False,False,False,True,82,75,1.0995546518966552,1.3824019721525351,2.0419147995698905,0.1381203298349104,-1.9037944697349802,2.180035129404801,-3.9457092693048708,4.221949928974691,0.6811737237805882,0.5733548462950998
EOG,0.45935299201862606,0.45242474406128574,0.7670561929058459,0.7265591271999104,False,False,False,True,False,False,False,True,72,75,0.8861795218202354,0.88247471510136,2.240072518539384,0.07009696660716522,-2.1699755519322186,2.3101694851465493,-4.4100480704716025,4.550242003685933,0.8222845960455563,0.7864873978281692
RRC,0.6839196698614339,0.8879807205169208,0.6559699689072935,0.4510859820568778,False,False,False,True,False,False,False,True,66,67,1.4391251308790023,1.835540131392802,2.2633302092593617,0.0948872203505721,-2.1684429889087897,2.3582174296099336,-4.431773198168151,4.621547638869296,0.7510721703821704,0.6272306814767432
AR,0.6670240229024651,0.7346101341018396,0.6647670930199508,0.5553933372510135,False,False,False,True,False,False,False,True,77,75,1.281207063745177,1.4637256314580784,2.352091745719998,0.273172029604921,-2.078919716115077,2.625263775324919,-4.431011461835075,4.977355521044917,0.6255471772212691,0.6065813901714738
EQT,0.5246239883000153,0.7013940465598406,0.6148259936965128,0.3841710261482294,False,False,False,True,False,False,False,True,73,72,1.0272087990156558,1.3945535742546151,1.754483949280636,0.04551212881201051,-1.7089718204686253,1.7999960780926465,-3.4634557697492614,3.554480027373282,0.6876915480492077,0.5498229113152621
