,mae,mae_main_etf,r2_score,r2_score_main_etf,chisquare_normal,chisquare_normal_main_etf,n_days_error_bt_mae,n_days_error_bt_main_etf_mae,mean_abs_diff_when_bt_mae,mean_abs_diff_when_bt_main_etf_mae,stock_std,mean,lower_sigma,upper_sigma,lower_two_sigma,upper_two_sigma,r2_score_full,r2_score_main_etf_full
EQT,0.5458467854814182,0.7067331505921756,0.6285426535769854,0.4482338784661828,True,True,72,76,1.129794826852863,1.3824442122435658,1.75621136663848,0.06267612336890507,-1.693535243269575,1.818887490007385,-3.449746609908055,3.575098856645865,0.6932687033853888,0.558502871747635
AR,0.6575821243657769,0.7265336066317438,0.7100872934789113,0.6384438288614751,True,True,80,86,1.2376541430931272,1.3405309166524155,2.327111349023631,0.29002138651694975,-2.037089962506681,2.6171327355405807,-4.364201311530312,4.944244084564211,0.6327955372991299,0.6165612694774247
RRC,0.6611150937519052,0.8580355764562086,0.705710155997333,0.5551867615356683,True,True,74,75,1.3248358949917076,1.6454125201722116,2.253221329231115,0.11393000233746649,-2.1392913268936486,2.3671513315685817,-4.392512656124764,4.620372660799696,0.7556973114596157,0.63692407453256
DVN,0.46121105842488125,0.4266751855553739,0.8116381186603745,0.8302285399040525,True,True,78,79,0.8941577295777301,0.8117808894652614,2.5988707197077576,0.1286039579346261,-2.4702667617731313,2.727474677642384,-5.069137481480889,5.326345397350141,0.8674433283885683,0.8530653459394908
EOG,0.44085975191769977,0.4147108337149044,0.786106792865853,0.80201444545752,True,True,82,83,0.8287431232356991,0.78371880694684,2.2092718731520673,0.0726718684557708,-2.1366000046962963,2.2819437416078383,-4.345871877848364,4.491215614759906,0.8277284513681521,0.7984823329107362
