,mae,mae_main_etf,r2_score,r2_score_main_etf,chisquare_normal,chisquare_normal_main_etf,n_days_error_bt_mae,n_days_error_bt_main_etf_mae,mean_abs_diff_when_bt_mae,mean_abs_diff_when_bt_main_etf_mae,stock_std,mean,lower_sigma,upper_sigma,lower_two_sigma,upper_two_sigma,r2_score_full,r2_score_main_etf_full
EOG,0.440232926050481,0.41028278863146833,0.7974339660656922,0.81455633504951,True,True,80,81,0.8379630261774812,0.7873515697480193,2.216848985751018,0.06314234290566886,-2.153706642845349,2.2799913286566866,-4.3705556285963665,4.496840314407705,0.8293609021208479,0.800410917668728
AR,0.6688333618853542,0.732379039154577,0.7212518983478062,0.668380151550316,True,True,79,86,1.2727622103778866,1.3523842019625627,2.3444524725440665,0.27495032217990684,-2.0695021503641597,2.6194027947239733,-4.413954622908226,4.96385526726804,0.6358118282057873,0.6213742476268136
RRC,0.6752785537782271,0.8594665546428768,0.7096442028161375,0.5738341307125832,True,True,74,75,1.3576712544535525,1.6495215061466926,2.266900840956281,0.09595031301268102,-2.1709505279436003,2.362851153968962,-4.4378513688998815,4.629751994925243,0.7539245646630754,0.6395443387344073
EQT,0.5494679661494987,0.6990918497274795,0.6372127175383628,0.4785644493687341,True,True,72,76,1.1394091235009867,1.3691155093819447,1.7648626664506988,0.05443464075522956,-1.7104280256954691,1.8192973072059284,-3.475290692146168,3.584159973656627,0.6944079379726464,0.5633226517950556
DVN,0.46430589244109444,0.42472188277799466,0.8219950961569217,0.8403848696896467,True,True,76,81,0.9055486229695827,0.8020590532535334,2.6086061533529783,0.11755744470352783,-2.4910487086494504,2.726163598056506,-5.099654862002429,5.3347697514094845,0.8687452505859022,0.8545629636252454
