,mae,mae_main_etf,r2_score,r2_score_main_etf,chisquare_normal,chisquare_normal_main_etf,n_days_error_bt_mae,n_days_error_bt_main_etf_mae,mean_abs_diff_when_bt_mae,mean_abs_diff_when_bt_main_etf_mae,stock_std,mean,lower_sigma,upper_sigma,lower_two_sigma,upper_two_sigma,r2_score_full,r2_score_main_etf_full
AR,0.6462860816369104,0.7124491640327608,0.7054688491474028,0.6351577194951923,True,True,82,84,1.1970237559589443,1.321241371146788,2.3345679164149358,0.29329848914508755,-2.041269427269848,2.6278664055600234,-4.375837343684784,4.962434321974959,0.6319754079673334,0.6168935795864965
EQT,0.5476707900739927,0.7036176923878352,0.616968798521823,0.43145618345642456,True,True,72,75,1.1267960018378471,1.3858339588902422,1.755206428617945,0.06551046874906807,-1.6896959598688768,1.8207168973670131,-3.4449023884868217,3.575923325984958,0.6914451344245056,0.557417955840949
RRC,0.6431952958337831,0.84540133733296,0.7079409343073826,0.5416477873879924,True,True,77,73,1.2495373361905606,1.6377190828358068,2.255294231633767,0.10945658520392697,-2.14583764642984,2.364750816837694,-4.401131878063607,4.620045048471461,0.75591865255609,0.6374247658210197
SWN,0.6271052581924792,0.6815798601756963,0.6544519008277807,0.5534920025886083,True,True,86,84,1.0993222200362278,1.257344561075746,2.029951919613923,0.1417091797655677,-1.8882427398483552,2.1716610993794907,-3.918194659462278,4.201613018993413,0.6821044794335187,0.5804966265706075
EOG,0.4353289092289596,0.4090339160748881,0.7860351560125287,0.8013616441243625,True,True,80,81,0.8297479917148303,0.7868430368850918,2.2139921413492005,0.07509871669982539,-2.138893424649375,2.289090858049026,-4.352885565998576,4.503082999398226,0.8276580440615358,0.7982433283075471
DVN,0.4603495557757179,0.4241746888097364,0.8078322143824811,0.8268591554270636,True,True,77,79,0.8948734936778028,0.8082326647229944,2.602682478477209,0.13198128877712817,-2.470701189700081,2.7346637672543372,-5.07338366817729,5.337346245731546,0.8670662833983461,0.8525972394328779
