,mae,mae_main_etf,r2_score,r2_score_main_etf,chisquare_normal,chisquare_normal_main_etf,n_days_error_bt_mae,n_days_error_bt_main_etf_mae,mean_abs_diff_when_bt_mae,mean_abs_diff_when_bt_main_etf_mae,stock_std,mean,lower_sigma,upper_sigma,lower_two_sigma,upper_two_sigma,r2_score_full,r2_score_main_etf_full
EOG,0.4398228071599758,0.4175193278151563,0.8070711502350522,0.819833155080919,True,True,81,84,0.8396717147065981,0.7925371174743338,2.2178625722065006,0.07499455657485754,-2.142868015631643,2.292857128781358,-4.360730587838144,4.510719700987859,0.8301815184026343,0.8014981000322103
AR,0.6634707791731982,0.7342701820857431,0.7254113345462307,0.659953585049772,True,True,81,85,1.250048697699041,1.3750383845135774,2.343887027905705,0.2700225324286539,-2.073864495477051,2.613909560334359,-4.417751523382756,4.957796588240064,0.6371521842746517,0.6206437888597494
EQT,0.5505920897232248,0.7062987036978312,0.6376942032135227,0.47126696839036586,True,True,74,77,1.128658840792236,1.3831043600012989,1.761266984033135,0.052621737230359615,-1.7086452468027753,1.8138887212634947,-3.4699122308359103,3.5751557052966296,0.6947356647741452,0.5615849634491321
DVN,0.4616735895920594,0.4295459680669821,0.830334737885296,0.8453130134562272,True,True,77,78,0.8970095386106571,0.8243801950215391,2.605640755801614,0.12017716104366173,-2.485463594757952,2.725817916845276,-5.091104350559566,5.33145867264689,0.8691167721729771,0.855109371615761
RRC,0.6686296909530437,0.8726071641589374,0.7147099576048955,0.5595518326641709,True,True,73,75,1.3619808749258104,1.6988395948313204,2.263711804361815,0.09481817332091162,-2.1688936310409037,2.3585299776827267,-4.432605435402719,4.622241782044542,0.7547949529205275,0.6364079427707399
