,mae,mae_main_etf,r2_score,r2_score_main_etf,chisquare_normal,chisquare_normal_main_etf,n_days_error_bt_mae,n_days_error_bt_main_etf_mae,mean_abs_diff_when_bt_mae,mean_abs_diff_when_bt_main_etf_mae,stock_std,mean,lower_sigma,upper_sigma,lower_two_sigma,upper_two_sigma,r2_score_full,r2_score_main_etf_full
DVN,0.4621600872254207,0.42377193045521877,0.8245246351511785,0.844480270224428,True,True,71,80,0.9424376111710818,0.8118928515484034,2.602625917460356,0.11497597924714453,-2.4876499382132113,2.7176018967075004,-5.090275855673568,5.320227814167856,0.8696639707090967,0.8561267860612891
SWN,0.6483827964535179,0.6704792643712238,0.63763048613661,0.5927721972276986,True,True,84,86,1.1662943821267289,1.225199753152715,2.0299594447410327,0.13358630780839084,-1.896373136932642,2.1635457525494237,-3.9263325816736745,4.193505197290456,0.6833545802776988,0.5851220343744097
AR,0.6819800533264609,0.7336984766948141,0.7037116992386147,0.6554185426716092,True,True,81,86,1.2815143678608987,1.3584899746067673,2.337504522518449,0.2834901251114223,-2.054014397407027,2.620994647629871,-4.391518919925476,4.95849917014832,0.6345579289094223,0.6192260119965722
EQT,0.557044497176338,0.697169749403399,0.6153454830300253,0.46288214988905985,True,True,75,77,1.1381167385366853,1.356180448594159,1.7591581117851725,0.05520633593682681,-1.7039517758483456,1.8143644477219993,-3.463109887633518,3.573522559507172,0.6944333601239527,0.5604741314616564
EOG,0.44348204550556847,0.4142103238985755,0.7989712534332072,0.8214935992314321,True,True,78,82,0.8648922751954464,0.7951270726826972,2.2135480316084637,0.07753866786835326,-2.1360093637401105,2.291086699476817,-4.349557395348574,4.504634731085281,0.8292248447000317,0.8016672240381764
RRC,0.6780094339006489,0.8562393317945175,0.6930832674044256,0.5583447874933551,True,True,73,74,1.3911315177521986,1.6737779741825742,2.260453933297754,0.10136283948359388,-2.15909109381416,2.3618167727813475,-4.419545027111914,4.622270706079101,0.7530967184141216,0.6370312766141706
