,mae,mae_main_etf,r2_score,r2_score_main_etf,chisquare_normal,chisquare_normal_main_etf,n_days_error_bt_mae,n_days_error_bt_main_etf_mae,mean_abs_diff_when_bt_mae,mean_abs_diff_when_bt_main_etf_mae,stock_std,mean,lower_sigma,upper_sigma,lower_two_sigma,upper_two_sigma,r2_score_full,r2_score_main_etf_full
DVN,0.46185907334512877,0.42919440832142836,0.8302736824922425,0.8454744727946316,True,True,77,78,0.8977662293098013,0.8244102559744542,2.607053846388237,0.11837549278378762,-2.4886783536044494,2.7254293391720243,-5.095732199992686,5.332483185560261,0.8691786650434222,0.8550782158047667
EQT,0.5498272045946204,0.7007013208778765,0.6370053909911949,0.4761316911180544,True,True,74,76,1.1286704048141338,1.3770532345627924,1.7620888369343528,0.05406328408632972,-1.708025552848023,1.8161521210206826,-3.470114389782376,3.5782409579550354,0.694708998838288,0.563027850242386
RRC,0.6722966279997707,0.865188561258874,0.7137726616712493,0.5665440396665236,True,True,74,74,1.3570268935526681,1.6901770380989176,2.2648350532084573,0.09655222526975772,-2.1682828279386994,2.3613872784782153,-4.433117881147157,4.626222331686672,0.754728710235802,0.6378567027982052
AR,0.6613694058500166,0.7242887731284552,0.7265765696477249,0.6726391962136422,True,True,80,88,1.2523848139225158,1.3285265494015617,2.3409751829725183,0.27883480148451983,-2.0621403814879984,2.619809984457038,-4.403115564460517,4.960785167429556,0.6363734175397744,0.6217987560912732
EOG,0.4412557843771983,0.4141118701939081,0.8046382779510773,0.8205154089671742,True,True,81,83,0.8430643198889609,0.7905533497507384,2.2177962184025315,0.07178535219439473,-2.1460108662081367,2.2895815705969262,-4.363807084610668,4.507377788999458,0.8300183792512588,0.8014661797845454
