,mae,mae_main_etf,r2_score,r2_score_main_etf,chisquare_normal,chisquare_normal_main_etf,n_days_error_bt_mae,n_days_error_bt_main_etf_mae,mean_abs_diff_when_bt_mae,mean_abs_diff_when_bt_main_etf_mae,stock_std,mean,lower_sigma,upper_sigma,lower_two_sigma,upper_two_sigma,r2_score_full,r2_score_main_etf_full
SWN,0.6248508237972911,0.6839250213510838,0.6554384905588437,0.5517747984767185,True,True,86,85,1.098142977320263,1.2537771474725024,2.0313432009774113,0.14110820185934314,-1.8902349991180682,2.1724514028367543,-3.9215782000954795,4.203794603814166,0.6822310910050386,0.5805395648746405
RRC,0.6492480341775895,0.8381153166295183,0.7049531785985739,0.545129469084056,True,True,76,73,1.267763315236056,1.627906580120101,2.2561205573240652,0.10719346909961003,-2.1489270882244553,2.363314026423675,-4.40504764554852,4.619434583747741,0.7557561178881946,0.6378565416148321
AR,0.6505052334703896,0.7090151126592852,0.7041829730097382,0.6371834255790695,True,True,82,83,1.2026330932039286,1.328269805761556,2.336171065217846,0.2924623966890842,-2.0437086685287618,2.6286334619069303,-4.379879733746608,4.964804527124776,0.6319550140036473,0.6170055423874634
EQT,0.55175856469347,0.7075914609844854,0.6151211081945276,0.4256425164802703,True,True,72,75,1.1315450750703608,1.3975286458552945,1.7559907485727233,0.0639636526036007,-1.6920270959691226,1.819954401176324,-3.448017844541846,3.5759451497490473,0.69127783049935,0.5576975420012387
EOG,0.4387164032328596,0.41153239450327606,0.7865914134594194,0.8025294981475136,True,True,79,81,0.8409107703686023,0.7918096446205055,2.2155500524863636,0.07457152104939625,-2.1409785314369674,2.29012157353576,-4.356528583923331,4.5056716260221235,0.8276681503713914,0.7982604586177485
DVN,0.46159236085622535,0.42511466411972476,0.8090885463414668,0.8280255724061392,True,True,78,79,0.8895856962671049,0.8083026827616057,2.6045630284524104,0.132105078501523,-2.472457949950887,2.7366681069539336,-5.077020978403298,5.3412311354063435,0.8670686626999784,0.8526008186826644
